-- phpMyAdmin SQL Dump
-- version 4.1.6
-- http://www.phpmyadmin.net
--
-- Client :  localhost
-- Généré le :  Mar 08 Juillet 2014 à 16:45
-- Version du serveur :  5.6.15
-- Version de PHP :  5.4.24

SET SQL_MODE = "NO_AUTO_VALUE_ON_ZERO";
SET time_zone = "+00:00";


/*!40101 SET @OLD_CHARACTER_SET_CLIENT=@@CHARACTER_SET_CLIENT */;
/*!40101 SET @OLD_CHARACTER_SET_RESULTS=@@CHARACTER_SET_RESULTS */;
/*!40101 SET @OLD_COLLATION_CONNECTION=@@COLLATION_CONNECTION */;
/*!40101 SET NAMES utf8 */;

--
-- Base de données :  `caramel`
--

-- --------------------------------------------------------

--
-- Structure de la table `campagnes`
--

CREATE TABLE IF NOT EXISTS `campagnes` (
  `CAM_ID` varchar(10) CHARACTER SET latin1 NOT NULL,
  `CAM_NOM` text CHARACTER SET latin1,
  `CAM_DEBUT` date DEFAULT NULL,
  `CAM_FIN` date DEFAULT NULL,
  `CAM_TYPE` text CHARACTER SET latin1,
  `CAM_DESCRIPTION` text CHARACTER SET latin1,
  `CAM_OBJECTIF` int(11) DEFAULT NULL,
  `CAM_WEB` text CHARACTER SET latin1,
  `CAM_COURRIER` text CHARACTER SET latin1,
  `CAM_EMAIL` text CHARACTER SET latin1,
  `CAM_DATEADDED` datetime DEFAULT NULL,
  `CAM_DATEMODIF` datetime DEFAULT NULL,
  PRIMARY KEY (`CAM_ID`)
) ENGINE=InnoDB DEFAULT CHARSET=utf8;

--
-- Contenu de la table `campagnes`
--

INSERT INTO `campagnes` (`CAM_ID`, `CAM_NOM`, `CAM_DEBUT`, `CAM_FIN`, `CAM_TYPE`, `CAM_DESCRIPTION`, `CAM_OBJECTIF`, `CAM_WEB`, `CAM_COURRIER`, `CAM_EMAIL`, `CAM_DATEADDED`, `CAM_DATEMODIF`) VALUES
('4', 'Don du sang', '2012-01-01', '2012-06-30', 'fidelisation', '-Distribution de tracts dans les universites.\n-Information dans les lycees', 18000, '0', 'ok', '0', '2012-04-04 00:01:59', '2014-04-08 13:19:58'),
('5', 'Restos du coeur', '2012-07-01', '2012-12-31', 'prospection', '-Passage chez les particuliers pour les sensibiliser sur la faim des plus demunis.\r\n-Les inciter à donner de l''argent ou de la nourriture.', 10000, 'www.restosducoeur.org', 'Siege restos du coeur\r\n14,boulevard Raspail\r\n75000 Paris', 'don@restosducoeurs.org', '2012-04-04 10:29:19', '2012-04-04 10:29:19'),
('6', 'Sidaction', '2012-06-05', '2017-05-06', 'fidelisation', '-Passage de spots  audiovisuel a la TV\n-Equipes de demarchage dans  la rue\n', 12000, '0', 'ok', '0', '2012-06-26 12:09:48', '2014-04-07 19:40:21'),
('ACC_PING', 'Accueillir les pingouins immigrants', '2012-11-13', '2012-12-31', 'prospection', 'acheter un billet d''avion\r\nleur trouver une famille d''accueil', 7000, '0', 'ok', 'ok', '2012-11-13 10:15:11', '2012-11-13 10:15:11'),
('ANTI_CARIE', 'Prevention dentaire', '2013-04-09', '2013-09-30', 'fidelisation', 'Sensibilisation dans les ecoles\r\nprimaire du 94', 10000, 'ok', 'ok', '0', '2013-04-09 10:58:26', '2013-04-09 10:58:26');

-- --------------------------------------------------------

--
-- Structure de la table `cibles`
--

CREATE TABLE IF NOT EXISTS `cibles` (
  `CIB_ID` int(11) NOT NULL AUTO_INCREMENT,
  `CON_ID` int(11) NOT NULL,
  `OFF_ID` varchar(255) CHARACTER SET latin1 NOT NULL,
  `CIB_SEGS` text CHARACTER SET latin1 NOT NULL,
  PRIMARY KEY (`CIB_ID`),
  KEY `CAM_ID` (`OFF_ID`)
) ENGINE=InnoDB  DEFAULT CHARSET=utf8 AUTO_INCREMENT=1397 ;

--
-- Contenu de la table `cibles`
--

INSERT INTO `cibles` (`CIB_ID`, `CON_ID`, `OFF_ID`, `CIB_SEGS`) VALUES
(160, 60, 'OFF2', ''),
(161, 61, 'OFF2', ''),
(162, 62, 'OFF2', ''),
(163, 63, 'OFF2', ''),
(164, 65, 'OFF2', ''),
(165, 66, 'OFF2', ''),
(166, 68, 'OFF2', ''),
(167, 69, 'OFF2', ''),
(168, 65, 'OFF2', ''),
(169, 71, 'OFF2', ''),
(170, 72, 'OFF2', ''),
(171, 73, 'OFF2', ''),
(172, 75, 'OFF2', ''),
(173, 76, 'OFF2', ''),
(174, 77, 'OFF2', ''),
(175, 60, 'OFF1', ''),
(176, 61, 'OFF1', ''),
(177, 62, 'OFF1', ''),
(178, 63, 'OFF1', ''),
(179, 65, 'OFF1', ''),
(180, 66, 'OFF1', ''),
(181, 68, 'OFF1', ''),
(182, 69, 'OFF1', ''),
(183, 65, 'OFF1', ''),
(184, 71, 'OFF1', ''),
(185, 72, 'OFF1', ''),
(186, 73, 'OFF1', ''),
(187, 75, 'OFF1', ''),
(188, 76, 'OFF1', ''),
(189, 77, 'OFF1', ''),
(190, 78, 'OFF3', ''),
(191, 94, 'PING_1', ''),
(192, 112, 'PING_1', ''),
(193, 126, 'PING_1', ''),
(194, 134, 'PING_1', ''),
(195, 136, 'PING_1', ''),
(196, 148, 'PING_1', ''),
(197, 166, 'PING_1', ''),
(198, 198, 'PING_1', ''),
(199, 223, 'PING_1', ''),
(200, 249, 'PING_1', ''),
(201, 288, 'PING_1', ''),
(202, 303, 'PING_1', ''),
(203, 318, 'PING_1', ''),
(204, 321, 'PING_1', ''),
(205, 337, 'PING_1', ''),
(206, 349, 'PING_1', ''),
(207, 380, 'PING_1', ''),
(208, 408, 'PING_1', ''),
(209, 422, 'PING_1', ''),
(210, 458, 'PING_1', ''),
(211, 471, 'PING_1', ''),
(212, 483, 'PING_1', ''),
(213, 511, 'PING_1', ''),
(214, 545, 'PING_1', ''),
(215, 587, 'PING_1', ''),
(216, 589, 'PING_1', ''),
(217, 613, 'PING_1', ''),
(218, 642, 'PING_1', ''),
(219, 685, 'PING_1', ''),
(220, 731, 'PING_1', ''),
(221, 764, 'PING_1', ''),
(222, 765, 'PING_1', ''),
(223, 781, 'PING_1', ''),
(224, 812, 'PING_1', ''),
(225, 833, 'PING_1', ''),
(226, 847, 'PING_1', ''),
(227, 862, 'PING_1', ''),
(228, 912, 'PING_1', ''),
(229, 931, 'PING_1', ''),
(230, 956, 'PING_1', ''),
(231, 967, 'PING_1', ''),
(232, 969, 'PING_1', ''),
(233, 1027, 'PING_1', ''),
(234, 1044, 'PING_1', ''),
(793, 86, 'OFF_CARIE_', 'SEG_CARIE_2'),
(794, 88, 'OFF_CARIE_', 'SEG_CARIE_2'),
(795, 89, 'OFF_CARIE_', 'SEG_CARIE_2'),
(796, 93, 'OFF_CARIE_', 'SEG_CARIE_2'),
(797, 96, 'OFF_CARIE_', 'SEG_CARIE_2'),
(798, 97, 'OFF_CARIE_', 'SEG_CARIE_2'),
(799, 99, 'OFF_CARIE_', 'SEG_CARIE_2'),
(800, 102, 'OFF_CARIE_', 'SEG_CARIE_2'),
(801, 108, 'OFF_CARIE_', 'SEG_CARIE_2'),
(802, 109, 'OFF_CARIE_', 'SEG_CARIE_2'),
(803, 117, 'OFF_CARIE_', 'SEG_CARIE_2'),
(804, 125, 'OFF_CARIE_', 'SEG_CARIE_2'),
(805, 137, 'OFF_CARIE_', 'SEG_CARIE_2'),
(806, 138, 'OFF_CARIE_', 'SEG_CARIE_2'),
(807, 143, 'OFF_CARIE_', 'SEG_CARIE_2'),
(808, 151, 'OFF_CARIE_', 'SEG_CARIE_2'),
(809, 152, 'OFF_CARIE_', 'SEG_CARIE_2'),
(810, 156, 'OFF_CARIE_', 'SEG_CARIE_2'),
(811, 157, 'OFF_CARIE_', 'SEG_CARIE_2'),
(812, 159, 'OFF_CARIE_', 'SEG_CARIE_2'),
(813, 161, 'OFF_CARIE_', 'SEG_CARIE_2'),
(814, 167, 'OFF_CARIE_', 'SEG_CARIE_2'),
(815, 172, 'OFF_CARIE_', 'SEG_CARIE_2'),
(816, 175, 'OFF_CARIE_', 'SEG_CARIE_2'),
(817, 176, 'OFF_CARIE_', 'SEG_CARIE_2'),
(818, 180, 'OFF_CARIE_', 'SEG_CARIE_2'),
(819, 184, 'OFF_CARIE_', 'SEG_CARIE_2'),
(820, 187, 'OFF_CARIE_', 'SEG_CARIE_2'),
(821, 193, 'OFF_CARIE_', 'SEG_CARIE_2'),
(822, 199, 'OFF_CARIE_', 'SEG_CARIE_2'),
(823, 203, 'OFF_CARIE_', 'SEG_CARIE_2'),
(824, 204, 'OFF_CARIE_', 'SEG_CARIE_2'),
(825, 210, 'OFF_CARIE_', 'SEG_CARIE_2'),
(826, 211, 'OFF_CARIE_', 'SEG_CARIE_2'),
(827, 214, 'OFF_CARIE_', 'SEG_CARIE_2'),
(828, 215, 'OFF_CARIE_', 'SEG_CARIE_2'),
(829, 218, 'OFF_CARIE_', 'SEG_CARIE_2'),
(830, 220, 'OFF_CARIE_', 'SEG_CARIE_2'),
(831, 226, 'OFF_CARIE_', 'SEG_CARIE_2'),
(832, 231, 'OFF_CARIE_', 'SEG_CARIE_2'),
(833, 233, 'OFF_CARIE_', 'SEG_CARIE_2'),
(834, 234, 'OFF_CARIE_', 'SEG_CARIE_2'),
(835, 235, 'OFF_CARIE_', 'SEG_CARIE_2'),
(836, 238, 'OFF_CARIE_', 'SEG_CARIE_2'),
(837, 247, 'OFF_CARIE_', 'SEG_CARIE_2'),
(838, 251, 'OFF_CARIE_', 'SEG_CARIE_2'),
(839, 254, 'OFF_CARIE_', 'SEG_CARIE_2'),
(840, 260, 'OFF_CARIE_', 'SEG_CARIE_2'),
(841, 261, 'OFF_CARIE_', 'SEG_CARIE_2'),
(842, 263, 'OFF_CARIE_', 'SEG_CARIE_2'),
(843, 264, 'OFF_CARIE_', 'SEG_CARIE_2'),
(844, 266, 'OFF_CARIE_', 'SEG_CARIE_2'),
(845, 268, 'OFF_CARIE_', 'SEG_CARIE_2'),
(846, 270, 'OFF_CARIE_', 'SEG_CARIE_2'),
(847, 275, 'OFF_CARIE_', 'SEG_CARIE_2'),
(848, 281, 'OFF_CARIE_', 'SEG_CARIE_2'),
(849, 283, 'OFF_CARIE_', 'SEG_CARIE_2'),
(850, 287, 'OFF_CARIE_', 'SEG_CARIE_2'),
(851, 289, 'OFF_CARIE_', 'SEG_CARIE_2'),
(852, 290, 'OFF_CARIE_', 'SEG_CARIE_2'),
(853, 295, 'OFF_CARIE_', 'SEG_CARIE_2'),
(854, 296, 'OFF_CARIE_', 'SEG_CARIE_2'),
(855, 299, 'OFF_CARIE_', 'SEG_CARIE_2'),
(856, 306, 'OFF_CARIE_', 'SEG_CARIE_2'),
(857, 323, 'OFF_CARIE_', 'SEG_CARIE_2'),
(858, 332, 'OFF_CARIE_', 'SEG_CARIE_2'),
(859, 333, 'OFF_CARIE_', 'SEG_CARIE_2'),
(860, 345, 'OFF_CARIE_', 'SEG_CARIE_2'),
(861, 348, 'OFF_CARIE_', 'SEG_CARIE_2'),
(862, 352, 'OFF_CARIE_', 'SEG_CARIE_2'),
(863, 353, 'OFF_CARIE_', 'SEG_CARIE_2'),
(864, 360, 'OFF_CARIE_', 'SEG_CARIE_2'),
(865, 366, 'OFF_CARIE_', 'SEG_CARIE_2'),
(866, 368, 'OFF_CARIE_', 'SEG_CARIE_2'),
(867, 370, 'OFF_CARIE_', 'SEG_CARIE_2'),
(868, 372, 'OFF_CARIE_', 'SEG_CARIE_2'),
(869, 378, 'OFF_CARIE_', 'SEG_CARIE_2'),
(870, 379, 'OFF_CARIE_', 'SEG_CARIE_2'),
(871, 382, 'OFF_CARIE_', 'SEG_CARIE_2'),
(872, 385, 'OFF_CARIE_', 'SEG_CARIE_2'),
(873, 392, 'OFF_CARIE_', 'SEG_CARIE_2'),
(874, 393, 'OFF_CARIE_', 'SEG_CARIE_2'),
(875, 395, 'OFF_CARIE_', 'SEG_CARIE_2'),
(876, 406, 'OFF_CARIE_', 'SEG_CARIE_2'),
(877, 411, 'OFF_CARIE_', 'SEG_CARIE_2'),
(878, 414, 'OFF_CARIE_', 'SEG_CARIE_2'),
(879, 416, 'OFF_CARIE_', 'SEG_CARIE_2'),
(880, 423, 'OFF_CARIE_', 'SEG_CARIE_2'),
(881, 424, 'OFF_CARIE_', 'SEG_CARIE_2'),
(882, 430, 'OFF_CARIE_', 'SEG_CARIE_2'),
(883, 434, 'OFF_CARIE_', 'SEG_CARIE_2'),
(884, 441, 'OFF_CARIE_', 'SEG_CARIE_2'),
(885, 445, 'OFF_CARIE_', 'SEG_CARIE_2'),
(886, 447, 'OFF_CARIE_', 'SEG_CARIE_2'),
(887, 459, 'OFF_CARIE_', 'SEG_CARIE_2'),
(888, 463, 'OFF_CARIE_', 'SEG_CARIE_2'),
(889, 464, 'OFF_CARIE_', 'SEG_CARIE_2'),
(890, 468, 'OFF_CARIE_', 'SEG_CARIE_2'),
(891, 469, 'OFF_CARIE_', 'SEG_CARIE_2'),
(892, 476, 'OFF_CARIE_', 'SEG_CARIE_2'),
(893, 478, 'OFF_CARIE_', 'SEG_CARIE_2'),
(894, 481, 'OFF_CARIE_', 'SEG_CARIE_2'),
(895, 482, 'OFF_CARIE_', 'SEG_CARIE_2'),
(896, 485, 'OFF_CARIE_', 'SEG_CARIE_2'),
(897, 487, 'OFF_CARIE_', 'SEG_CARIE_2'),
(898, 489, 'OFF_CARIE_', 'SEG_CARIE_2'),
(899, 490, 'OFF_CARIE_', 'SEG_CARIE_2'),
(900, 492, 'OFF_CARIE_', 'SEG_CARIE_2'),
(901, 493, 'OFF_CARIE_', 'SEG_CARIE_2'),
(902, 495, 'OFF_CARIE_', 'SEG_CARIE_2'),
(903, 497, 'OFF_CARIE_', 'SEG_CARIE_2'),
(904, 501, 'OFF_CARIE_', 'SEG_CARIE_2'),
(905, 506, 'OFF_CARIE_', 'SEG_CARIE_2'),
(906, 509, 'OFF_CARIE_', 'SEG_CARIE_2'),
(907, 510, 'OFF_CARIE_', 'SEG_CARIE_2'),
(908, 515, 'OFF_CARIE_', 'SEG_CARIE_2'),
(909, 519, 'OFF_CARIE_', 'SEG_CARIE_2'),
(910, 525, 'OFF_CARIE_', 'SEG_CARIE_2'),
(911, 528, 'OFF_CARIE_', 'SEG_CARIE_2'),
(912, 530, 'OFF_CARIE_', 'SEG_CARIE_2'),
(913, 532, 'OFF_CARIE_', 'SEG_CARIE_2'),
(914, 534, 'OFF_CARIE_', 'SEG_CARIE_2'),
(915, 535, 'OFF_CARIE_', 'SEG_CARIE_2'),
(916, 537, 'OFF_CARIE_', 'SEG_CARIE_2'),
(917, 541, 'OFF_CARIE_', 'SEG_CARIE_2'),
(918, 546, 'OFF_CARIE_', 'SEG_CARIE_2'),
(919, 547, 'OFF_CARIE_', 'SEG_CARIE_2'),
(920, 549, 'OFF_CARIE_', 'SEG_CARIE_2'),
(921, 552, 'OFF_CARIE_', 'SEG_CARIE_2'),
(922, 553, 'OFF_CARIE_', 'SEG_CARIE_2'),
(923, 558, 'OFF_CARIE_', 'SEG_CARIE_2'),
(924, 564, 'OFF_CARIE_', 'SEG_CARIE_2'),
(925, 566, 'OFF_CARIE_', 'SEG_CARIE_2'),
(926, 568, 'OFF_CARIE_', 'SEG_CARIE_2'),
(927, 571, 'OFF_CARIE_', 'SEG_CARIE_2'),
(928, 573, 'OFF_CARIE_', 'SEG_CARIE_2'),
(929, 582, 'OFF_CARIE_', 'SEG_CARIE_2'),
(930, 583, 'OFF_CARIE_', 'SEG_CARIE_2'),
(931, 586, 'OFF_CARIE_', 'SEG_CARIE_2'),
(932, 588, 'OFF_CARIE_', 'SEG_CARIE_2'),
(933, 592, 'OFF_CARIE_', 'SEG_CARIE_2'),
(934, 595, 'OFF_CARIE_', 'SEG_CARIE_2'),
(935, 600, 'OFF_CARIE_', 'SEG_CARIE_2'),
(936, 601, 'OFF_CARIE_', 'SEG_CARIE_2'),
(937, 605, 'OFF_CARIE_', 'SEG_CARIE_2'),
(938, 608, 'OFF_CARIE_', 'SEG_CARIE_2'),
(939, 610, 'OFF_CARIE_', 'SEG_CARIE_2'),
(940, 611, 'OFF_CARIE_', 'SEG_CARIE_2'),
(941, 612, 'OFF_CARIE_', 'SEG_CARIE_2'),
(942, 614, 'OFF_CARIE_', 'SEG_CARIE_2'),
(943, 616, 'OFF_CARIE_', 'SEG_CARIE_2'),
(944, 619, 'OFF_CARIE_', 'SEG_CARIE_2'),
(945, 620, 'OFF_CARIE_', 'SEG_CARIE_2'),
(946, 624, 'OFF_CARIE_', 'SEG_CARIE_2'),
(947, 628, 'OFF_CARIE_', 'SEG_CARIE_2'),
(948, 633, 'OFF_CARIE_', 'SEG_CARIE_2'),
(949, 634, 'OFF_CARIE_', 'SEG_CARIE_2'),
(950, 635, 'OFF_CARIE_', 'SEG_CARIE_2'),
(951, 637, 'OFF_CARIE_', 'SEG_CARIE_2'),
(952, 640, 'OFF_CARIE_', 'SEG_CARIE_2'),
(953, 641, 'OFF_CARIE_', 'SEG_CARIE_2'),
(954, 649, 'OFF_CARIE_', 'SEG_CARIE_2'),
(955, 650, 'OFF_CARIE_', 'SEG_CARIE_2'),
(956, 659, 'OFF_CARIE_', 'SEG_CARIE_2'),
(957, 663, 'OFF_CARIE_', 'SEG_CARIE_2'),
(958, 664, 'OFF_CARIE_', 'SEG_CARIE_2'),
(959, 669, 'OFF_CARIE_', 'SEG_CARIE_2'),
(960, 673, 'OFF_CARIE_', 'SEG_CARIE_2'),
(961, 677, 'OFF_CARIE_', 'SEG_CARIE_2'),
(962, 684, 'OFF_CARIE_', 'SEG_CARIE_2'),
(963, 686, 'OFF_CARIE_', 'SEG_CARIE_2'),
(964, 687, 'OFF_CARIE_', 'SEG_CARIE_2'),
(965, 689, 'OFF_CARIE_', 'SEG_CARIE_2'),
(966, 695, 'OFF_CARIE_', 'SEG_CARIE_2'),
(967, 697, 'OFF_CARIE_', 'SEG_CARIE_2'),
(968, 699, 'OFF_CARIE_', 'SEG_CARIE_2'),
(969, 708, 'OFF_CARIE_', 'SEG_CARIE_2'),
(970, 709, 'OFF_CARIE_', 'SEG_CARIE_2'),
(971, 711, 'OFF_CARIE_', 'SEG_CARIE_2'),
(972, 714, 'OFF_CARIE_', 'SEG_CARIE_2'),
(973, 717, 'OFF_CARIE_', 'SEG_CARIE_2'),
(974, 718, 'OFF_CARIE_', 'SEG_CARIE_2'),
(975, 720, 'OFF_CARIE_', 'SEG_CARIE_2'),
(976, 728, 'OFF_CARIE_', 'SEG_CARIE_2'),
(977, 733, 'OFF_CARIE_', 'SEG_CARIE_2'),
(978, 737, 'OFF_CARIE_', 'SEG_CARIE_2'),
(979, 739, 'OFF_CARIE_', 'SEG_CARIE_2'),
(980, 743, 'OFF_CARIE_', 'SEG_CARIE_2'),
(981, 746, 'OFF_CARIE_', 'SEG_CARIE_2'),
(982, 749, 'OFF_CARIE_', 'SEG_CARIE_2'),
(983, 750, 'OFF_CARIE_', 'SEG_CARIE_2'),
(984, 753, 'OFF_CARIE_', 'SEG_CARIE_2'),
(985, 757, 'OFF_CARIE_', 'SEG_CARIE_2'),
(986, 759, 'OFF_CARIE_', 'SEG_CARIE_2'),
(987, 772, 'OFF_CARIE_', 'SEG_CARIE_2'),
(988, 776, 'OFF_CARIE_', 'SEG_CARIE_2'),
(989, 777, 'OFF_CARIE_', 'SEG_CARIE_2'),
(990, 778, 'OFF_CARIE_', 'SEG_CARIE_2'),
(991, 783, 'OFF_CARIE_', 'SEG_CARIE_2'),
(992, 786, 'OFF_CARIE_', 'SEG_CARIE_2'),
(993, 789, 'OFF_CARIE_', 'SEG_CARIE_2'),
(994, 796, 'OFF_CARIE_', 'SEG_CARIE_2'),
(995, 799, 'OFF_CARIE_', 'SEG_CARIE_2'),
(996, 800, 'OFF_CARIE_', 'SEG_CARIE_2'),
(997, 802, 'OFF_CARIE_', 'SEG_CARIE_2'),
(998, 806, 'OFF_CARIE_', 'SEG_CARIE_2'),
(999, 807, 'OFF_CARIE_', 'SEG_CARIE_2'),
(1000, 813, 'OFF_CARIE_', 'SEG_CARIE_2'),
(1001, 824, 'OFF_CARIE_', 'SEG_CARIE_2'),
(1002, 825, 'OFF_CARIE_', 'SEG_CARIE_2'),
(1003, 830, 'OFF_CARIE_', 'SEG_CARIE_2'),
(1004, 832, 'OFF_CARIE_', 'SEG_CARIE_2'),
(1005, 838, 'OFF_CARIE_', 'SEG_CARIE_2'),
(1006, 845, 'OFF_CARIE_', 'SEG_CARIE_2'),
(1007, 846, 'OFF_CARIE_', 'SEG_CARIE_2'),
(1008, 851, 'OFF_CARIE_', 'SEG_CARIE_2'),
(1009, 857, 'OFF_CARIE_', 'SEG_CARIE_2'),
(1010, 867, 'OFF_CARIE_', 'SEG_CARIE_2'),
(1011, 869, 'OFF_CARIE_', 'SEG_CARIE_2'),
(1012, 871, 'OFF_CARIE_', 'SEG_CARIE_2'),
(1013, 876, 'OFF_CARIE_', 'SEG_CARIE_2'),
(1014, 888, 'OFF_CARIE_', 'SEG_CARIE_2'),
(1015, 889, 'OFF_CARIE_', 'SEG_CARIE_2'),
(1016, 898, 'OFF_CARIE_', 'SEG_CARIE_2'),
(1017, 903, 'OFF_CARIE_', 'SEG_CARIE_2'),
(1018, 904, 'OFF_CARIE_', 'SEG_CARIE_2'),
(1019, 905, 'OFF_CARIE_', 'SEG_CARIE_2'),
(1020, 909, 'OFF_CARIE_', 'SEG_CARIE_2'),
(1021, 910, 'OFF_CARIE_', 'SEG_CARIE_2'),
(1022, 911, 'OFF_CARIE_', 'SEG_CARIE_2'),
(1023, 913, 'OFF_CARIE_', 'SEG_CARIE_2'),
(1024, 915, 'OFF_CARIE_', 'SEG_CARIE_2'),
(1025, 917, 'OFF_CARIE_', 'SEG_CARIE_2'),
(1026, 920, 'OFF_CARIE_', 'SEG_CARIE_2'),
(1027, 922, 'OFF_CARIE_', 'SEG_CARIE_2'),
(1028, 924, 'OFF_CARIE_', 'SEG_CARIE_2'),
(1029, 930, 'OFF_CARIE_', 'SEG_CARIE_2'),
(1030, 932, 'OFF_CARIE_', 'SEG_CARIE_2'),
(1031, 935, 'OFF_CARIE_', 'SEG_CARIE_2'),
(1032, 936, 'OFF_CARIE_', 'SEG_CARIE_2'),
(1033, 937, 'OFF_CARIE_', 'SEG_CARIE_2'),
(1034, 939, 'OFF_CARIE_', 'SEG_CARIE_2'),
(1035, 941, 'OFF_CARIE_', 'SEG_CARIE_2'),
(1036, 944, 'OFF_CARIE_', 'SEG_CARIE_2'),
(1037, 947, 'OFF_CARIE_', 'SEG_CARIE_2'),
(1038, 955, 'OFF_CARIE_', 'SEG_CARIE_2'),
(1039, 958, 'OFF_CARIE_', 'SEG_CARIE_2'),
(1040, 960, 'OFF_CARIE_', 'SEG_CARIE_2'),
(1041, 963, 'OFF_CARIE_', 'SEG_CARIE_2'),
(1042, 968, 'OFF_CARIE_', 'SEG_CARIE_2'),
(1043, 970, 'OFF_CARIE_', 'SEG_CARIE_2'),
(1044, 972, 'OFF_CARIE_', 'SEG_CARIE_2'),
(1045, 975, 'OFF_CARIE_', 'SEG_CARIE_2'),
(1046, 977, 'OFF_CARIE_', 'SEG_CARIE_2'),
(1047, 978, 'OFF_CARIE_', 'SEG_CARIE_2'),
(1048, 983, 'OFF_CARIE_', 'SEG_CARIE_2'),
(1049, 986, 'OFF_CARIE_', 'SEG_CARIE_2'),
(1050, 987, 'OFF_CARIE_', 'SEG_CARIE_2'),
(1051, 988, 'OFF_CARIE_', 'SEG_CARIE_2'),
(1052, 989, 'OFF_CARIE_', 'SEG_CARIE_2'),
(1053, 990, 'OFF_CARIE_', 'SEG_CARIE_2'),
(1054, 994, 'OFF_CARIE_', 'SEG_CARIE_2'),
(1055, 996, 'OFF_CARIE_', 'SEG_CARIE_2'),
(1056, 997, 'OFF_CARIE_', 'SEG_CARIE_2'),
(1057, 1000, 'OFF_CARIE_', 'SEG_CARIE_2'),
(1058, 1003, 'OFF_CARIE_', 'SEG_CARIE_2'),
(1059, 1004, 'OFF_CARIE_', 'SEG_CARIE_2'),
(1060, 1006, 'OFF_CARIE_', 'SEG_CARIE_2'),
(1061, 1009, 'OFF_CARIE_', 'SEG_CARIE_2'),
(1062, 1011, 'OFF_CARIE_', 'SEG_CARIE_2'),
(1063, 1014, 'OFF_CARIE_', 'SEG_CARIE_2'),
(1064, 1017, 'OFF_CARIE_', 'SEG_CARIE_2'),
(1065, 1022, 'OFF_CARIE_', 'SEG_CARIE_2'),
(1066, 1025, 'OFF_CARIE_', 'SEG_CARIE_2'),
(1067, 1031, 'OFF_CARIE_', 'SEG_CARIE_2'),
(1068, 1033, 'OFF_CARIE_', 'SEG_CARIE_2'),
(1069, 1038, 'OFF_CARIE_', 'SEG_CARIE_2'),
(1070, 1039, 'OFF_CARIE_', 'SEG_CARIE_2'),
(1071, 1041, 'OFF_CARIE_', 'SEG_CARIE_2'),
(1072, 86, 'OFF_CARIE_', 'SEG_CARIE_2'),
(1073, 88, 'OFF_CARIE_', 'SEG_CARIE_2'),
(1074, 89, 'OFF_CARIE_', 'SEG_CARIE_2'),
(1075, 93, 'OFF_CARIE_', 'SEG_CARIE_2'),
(1076, 96, 'OFF_CARIE_', 'SEG_CARIE_2'),
(1077, 97, 'OFF_CARIE_', 'SEG_CARIE_2'),
(1078, 99, 'OFF_CARIE_', 'SEG_CARIE_2'),
(1079, 102, 'OFF_CARIE_', 'SEG_CARIE_2'),
(1080, 108, 'OFF_CARIE_', 'SEG_CARIE_2'),
(1081, 109, 'OFF_CARIE_', 'SEG_CARIE_2'),
(1082, 117, 'OFF_CARIE_', 'SEG_CARIE_2'),
(1083, 125, 'OFF_CARIE_', 'SEG_CARIE_2'),
(1084, 137, 'OFF_CARIE_', 'SEG_CARIE_2'),
(1085, 138, 'OFF_CARIE_', 'SEG_CARIE_2'),
(1086, 143, 'OFF_CARIE_', 'SEG_CARIE_2'),
(1087, 151, 'OFF_CARIE_', 'SEG_CARIE_2'),
(1088, 152, 'OFF_CARIE_', 'SEG_CARIE_2'),
(1089, 156, 'OFF_CARIE_', 'SEG_CARIE_2'),
(1090, 157, 'OFF_CARIE_', 'SEG_CARIE_2'),
(1091, 159, 'OFF_CARIE_', 'SEG_CARIE_2'),
(1092, 161, 'OFF_CARIE_', 'SEG_CARIE_2'),
(1093, 167, 'OFF_CARIE_', 'SEG_CARIE_2'),
(1094, 172, 'OFF_CARIE_', 'SEG_CARIE_2'),
(1095, 175, 'OFF_CARIE_', 'SEG_CARIE_2'),
(1096, 176, 'OFF_CARIE_', 'SEG_CARIE_2'),
(1097, 180, 'OFF_CARIE_', 'SEG_CARIE_2'),
(1098, 184, 'OFF_CARIE_', 'SEG_CARIE_2'),
(1099, 187, 'OFF_CARIE_', 'SEG_CARIE_2'),
(1100, 193, 'OFF_CARIE_', 'SEG_CARIE_2'),
(1101, 199, 'OFF_CARIE_', 'SEG_CARIE_2'),
(1102, 203, 'OFF_CARIE_', 'SEG_CARIE_2'),
(1103, 204, 'OFF_CARIE_', 'SEG_CARIE_2'),
(1104, 210, 'OFF_CARIE_', 'SEG_CARIE_2'),
(1105, 211, 'OFF_CARIE_', 'SEG_CARIE_2'),
(1106, 214, 'OFF_CARIE_', 'SEG_CARIE_2'),
(1107, 215, 'OFF_CARIE_', 'SEG_CARIE_2'),
(1108, 218, 'OFF_CARIE_', 'SEG_CARIE_2'),
(1109, 220, 'OFF_CARIE_', 'SEG_CARIE_2'),
(1110, 226, 'OFF_CARIE_', 'SEG_CARIE_2'),
(1111, 231, 'OFF_CARIE_', 'SEG_CARIE_2'),
(1112, 233, 'OFF_CARIE_', 'SEG_CARIE_2'),
(1113, 234, 'OFF_CARIE_', 'SEG_CARIE_2'),
(1114, 235, 'OFF_CARIE_', 'SEG_CARIE_2'),
(1115, 238, 'OFF_CARIE_', 'SEG_CARIE_2'),
(1116, 247, 'OFF_CARIE_', 'SEG_CARIE_2'),
(1117, 251, 'OFF_CARIE_', 'SEG_CARIE_2'),
(1118, 254, 'OFF_CARIE_', 'SEG_CARIE_2'),
(1119, 260, 'OFF_CARIE_', 'SEG_CARIE_2'),
(1120, 261, 'OFF_CARIE_', 'SEG_CARIE_2'),
(1121, 263, 'OFF_CARIE_', 'SEG_CARIE_2'),
(1122, 264, 'OFF_CARIE_', 'SEG_CARIE_2'),
(1123, 266, 'OFF_CARIE_', 'SEG_CARIE_2'),
(1124, 268, 'OFF_CARIE_', 'SEG_CARIE_2'),
(1125, 270, 'OFF_CARIE_', 'SEG_CARIE_2'),
(1126, 275, 'OFF_CARIE_', 'SEG_CARIE_2'),
(1127, 281, 'OFF_CARIE_', 'SEG_CARIE_2'),
(1128, 283, 'OFF_CARIE_', 'SEG_CARIE_2'),
(1129, 287, 'OFF_CARIE_', 'SEG_CARIE_2'),
(1130, 289, 'OFF_CARIE_', 'SEG_CARIE_2'),
(1131, 290, 'OFF_CARIE_', 'SEG_CARIE_2'),
(1132, 295, 'OFF_CARIE_', 'SEG_CARIE_2'),
(1133, 296, 'OFF_CARIE_', 'SEG_CARIE_2'),
(1134, 299, 'OFF_CARIE_', 'SEG_CARIE_2'),
(1135, 306, 'OFF_CARIE_', 'SEG_CARIE_2'),
(1136, 323, 'OFF_CARIE_', 'SEG_CARIE_2'),
(1137, 332, 'OFF_CARIE_', 'SEG_CARIE_2'),
(1138, 333, 'OFF_CARIE_', 'SEG_CARIE_2'),
(1139, 345, 'OFF_CARIE_', 'SEG_CARIE_2'),
(1140, 348, 'OFF_CARIE_', 'SEG_CARIE_2'),
(1141, 352, 'OFF_CARIE_', 'SEG_CARIE_2'),
(1142, 353, 'OFF_CARIE_', 'SEG_CARIE_2'),
(1143, 360, 'OFF_CARIE_', 'SEG_CARIE_2'),
(1144, 366, 'OFF_CARIE_', 'SEG_CARIE_2'),
(1145, 368, 'OFF_CARIE_', 'SEG_CARIE_2'),
(1146, 370, 'OFF_CARIE_', 'SEG_CARIE_2'),
(1147, 372, 'OFF_CARIE_', 'SEG_CARIE_2'),
(1148, 378, 'OFF_CARIE_', 'SEG_CARIE_2'),
(1149, 379, 'OFF_CARIE_', 'SEG_CARIE_2'),
(1150, 382, 'OFF_CARIE_', 'SEG_CARIE_2'),
(1151, 385, 'OFF_CARIE_', 'SEG_CARIE_2'),
(1152, 392, 'OFF_CARIE_', 'SEG_CARIE_2'),
(1153, 393, 'OFF_CARIE_', 'SEG_CARIE_2'),
(1154, 395, 'OFF_CARIE_', 'SEG_CARIE_2'),
(1155, 406, 'OFF_CARIE_', 'SEG_CARIE_2'),
(1156, 411, 'OFF_CARIE_', 'SEG_CARIE_2'),
(1157, 414, 'OFF_CARIE_', 'SEG_CARIE_2'),
(1158, 416, 'OFF_CARIE_', 'SEG_CARIE_2'),
(1159, 423, 'OFF_CARIE_', 'SEG_CARIE_2'),
(1160, 424, 'OFF_CARIE_', 'SEG_CARIE_2'),
(1161, 430, 'OFF_CARIE_', 'SEG_CARIE_2'),
(1162, 434, 'OFF_CARIE_', 'SEG_CARIE_2'),
(1163, 441, 'OFF_CARIE_', 'SEG_CARIE_2'),
(1164, 445, 'OFF_CARIE_', 'SEG_CARIE_2'),
(1165, 447, 'OFF_CARIE_', 'SEG_CARIE_2'),
(1166, 459, 'OFF_CARIE_', 'SEG_CARIE_2'),
(1167, 463, 'OFF_CARIE_', 'SEG_CARIE_2'),
(1168, 464, 'OFF_CARIE_', 'SEG_CARIE_2'),
(1169, 468, 'OFF_CARIE_', 'SEG_CARIE_2'),
(1170, 469, 'OFF_CARIE_', 'SEG_CARIE_2'),
(1171, 476, 'OFF_CARIE_', 'SEG_CARIE_2'),
(1172, 478, 'OFF_CARIE_', 'SEG_CARIE_2'),
(1173, 481, 'OFF_CARIE_', 'SEG_CARIE_2'),
(1174, 482, 'OFF_CARIE_', 'SEG_CARIE_2'),
(1175, 485, 'OFF_CARIE_', 'SEG_CARIE_2'),
(1176, 487, 'OFF_CARIE_', 'SEG_CARIE_2'),
(1177, 489, 'OFF_CARIE_', 'SEG_CARIE_2'),
(1178, 490, 'OFF_CARIE_', 'SEG_CARIE_2'),
(1179, 492, 'OFF_CARIE_', 'SEG_CARIE_2'),
(1180, 493, 'OFF_CARIE_', 'SEG_CARIE_2'),
(1181, 495, 'OFF_CARIE_', 'SEG_CARIE_2'),
(1182, 497, 'OFF_CARIE_', 'SEG_CARIE_2'),
(1183, 501, 'OFF_CARIE_', 'SEG_CARIE_2'),
(1184, 506, 'OFF_CARIE_', 'SEG_CARIE_2'),
(1185, 509, 'OFF_CARIE_', 'SEG_CARIE_2'),
(1186, 510, 'OFF_CARIE_', 'SEG_CARIE_2'),
(1187, 515, 'OFF_CARIE_', 'SEG_CARIE_2'),
(1188, 519, 'OFF_CARIE_', 'SEG_CARIE_2'),
(1189, 525, 'OFF_CARIE_', 'SEG_CARIE_2'),
(1190, 528, 'OFF_CARIE_', 'SEG_CARIE_2'),
(1191, 530, 'OFF_CARIE_', 'SEG_CARIE_2'),
(1192, 532, 'OFF_CARIE_', 'SEG_CARIE_2'),
(1193, 534, 'OFF_CARIE_', 'SEG_CARIE_2'),
(1194, 535, 'OFF_CARIE_', 'SEG_CARIE_2'),
(1195, 537, 'OFF_CARIE_', 'SEG_CARIE_2'),
(1196, 541, 'OFF_CARIE_', 'SEG_CARIE_2'),
(1197, 546, 'OFF_CARIE_', 'SEG_CARIE_2'),
(1198, 547, 'OFF_CARIE_', 'SEG_CARIE_2'),
(1199, 549, 'OFF_CARIE_', 'SEG_CARIE_2'),
(1200, 552, 'OFF_CARIE_', 'SEG_CARIE_2'),
(1201, 553, 'OFF_CARIE_', 'SEG_CARIE_2'),
(1202, 558, 'OFF_CARIE_', 'SEG_CARIE_2'),
(1203, 564, 'OFF_CARIE_', 'SEG_CARIE_2'),
(1204, 566, 'OFF_CARIE_', 'SEG_CARIE_2'),
(1205, 568, 'OFF_CARIE_', 'SEG_CARIE_2'),
(1206, 571, 'OFF_CARIE_', 'SEG_CARIE_2'),
(1207, 573, 'OFF_CARIE_', 'SEG_CARIE_2'),
(1208, 582, 'OFF_CARIE_', 'SEG_CARIE_2'),
(1209, 583, 'OFF_CARIE_', 'SEG_CARIE_2'),
(1210, 586, 'OFF_CARIE_', 'SEG_CARIE_2'),
(1211, 588, 'OFF_CARIE_', 'SEG_CARIE_2'),
(1212, 592, 'OFF_CARIE_', 'SEG_CARIE_2'),
(1213, 595, 'OFF_CARIE_', 'SEG_CARIE_2'),
(1214, 600, 'OFF_CARIE_', 'SEG_CARIE_2'),
(1215, 601, 'OFF_CARIE_', 'SEG_CARIE_2'),
(1216, 605, 'OFF_CARIE_', 'SEG_CARIE_2'),
(1217, 608, 'OFF_CARIE_', 'SEG_CARIE_2'),
(1218, 610, 'OFF_CARIE_', 'SEG_CARIE_2'),
(1219, 611, 'OFF_CARIE_', 'SEG_CARIE_2'),
(1220, 612, 'OFF_CARIE_', 'SEG_CARIE_2'),
(1221, 614, 'OFF_CARIE_', 'SEG_CARIE_2'),
(1222, 616, 'OFF_CARIE_', 'SEG_CARIE_2'),
(1223, 619, 'OFF_CARIE_', 'SEG_CARIE_2'),
(1224, 620, 'OFF_CARIE_', 'SEG_CARIE_2'),
(1225, 624, 'OFF_CARIE_', 'SEG_CARIE_2'),
(1226, 628, 'OFF_CARIE_', 'SEG_CARIE_2'),
(1227, 633, 'OFF_CARIE_', 'SEG_CARIE_2'),
(1228, 634, 'OFF_CARIE_', 'SEG_CARIE_2'),
(1229, 635, 'OFF_CARIE_', 'SEG_CARIE_2'),
(1230, 637, 'OFF_CARIE_', 'SEG_CARIE_2'),
(1231, 640, 'OFF_CARIE_', 'SEG_CARIE_2'),
(1232, 641, 'OFF_CARIE_', 'SEG_CARIE_2'),
(1233, 649, 'OFF_CARIE_', 'SEG_CARIE_2'),
(1234, 650, 'OFF_CARIE_', 'SEG_CARIE_2'),
(1235, 659, 'OFF_CARIE_', 'SEG_CARIE_2'),
(1236, 663, 'OFF_CARIE_', 'SEG_CARIE_2'),
(1237, 664, 'OFF_CARIE_', 'SEG_CARIE_2'),
(1238, 669, 'OFF_CARIE_', 'SEG_CARIE_2'),
(1239, 673, 'OFF_CARIE_', 'SEG_CARIE_2'),
(1240, 677, 'OFF_CARIE_', 'SEG_CARIE_2'),
(1241, 684, 'OFF_CARIE_', 'SEG_CARIE_2'),
(1242, 686, 'OFF_CARIE_', 'SEG_CARIE_2'),
(1243, 687, 'OFF_CARIE_', 'SEG_CARIE_2'),
(1244, 689, 'OFF_CARIE_', 'SEG_CARIE_2'),
(1245, 695, 'OFF_CARIE_', 'SEG_CARIE_2'),
(1246, 697, 'OFF_CARIE_', 'SEG_CARIE_2'),
(1247, 699, 'OFF_CARIE_', 'SEG_CARIE_2'),
(1248, 708, 'OFF_CARIE_', 'SEG_CARIE_2'),
(1249, 709, 'OFF_CARIE_', 'SEG_CARIE_2'),
(1250, 711, 'OFF_CARIE_', 'SEG_CARIE_2'),
(1251, 714, 'OFF_CARIE_', 'SEG_CARIE_2'),
(1252, 717, 'OFF_CARIE_', 'SEG_CARIE_2'),
(1253, 718, 'OFF_CARIE_', 'SEG_CARIE_2'),
(1254, 720, 'OFF_CARIE_', 'SEG_CARIE_2'),
(1255, 728, 'OFF_CARIE_', 'SEG_CARIE_2'),
(1256, 733, 'OFF_CARIE_', 'SEG_CARIE_2'),
(1257, 737, 'OFF_CARIE_', 'SEG_CARIE_2'),
(1258, 739, 'OFF_CARIE_', 'SEG_CARIE_2'),
(1259, 743, 'OFF_CARIE_', 'SEG_CARIE_2'),
(1260, 746, 'OFF_CARIE_', 'SEG_CARIE_2'),
(1261, 749, 'OFF_CARIE_', 'SEG_CARIE_2'),
(1262, 750, 'OFF_CARIE_', 'SEG_CARIE_2'),
(1263, 753, 'OFF_CARIE_', 'SEG_CARIE_2'),
(1264, 757, 'OFF_CARIE_', 'SEG_CARIE_2'),
(1265, 759, 'OFF_CARIE_', 'SEG_CARIE_2'),
(1266, 772, 'OFF_CARIE_', 'SEG_CARIE_2'),
(1267, 776, 'OFF_CARIE_', 'SEG_CARIE_2'),
(1268, 777, 'OFF_CARIE_', 'SEG_CARIE_2'),
(1269, 778, 'OFF_CARIE_', 'SEG_CARIE_2'),
(1270, 783, 'OFF_CARIE_', 'SEG_CARIE_2'),
(1271, 786, 'OFF_CARIE_', 'SEG_CARIE_2'),
(1272, 789, 'OFF_CARIE_', 'SEG_CARIE_2'),
(1273, 796, 'OFF_CARIE_', 'SEG_CARIE_2'),
(1274, 799, 'OFF_CARIE_', 'SEG_CARIE_2'),
(1275, 800, 'OFF_CARIE_', 'SEG_CARIE_2'),
(1276, 802, 'OFF_CARIE_', 'SEG_CARIE_2'),
(1277, 806, 'OFF_CARIE_', 'SEG_CARIE_2'),
(1278, 807, 'OFF_CARIE_', 'SEG_CARIE_2'),
(1279, 813, 'OFF_CARIE_', 'SEG_CARIE_2'),
(1280, 824, 'OFF_CARIE_', 'SEG_CARIE_2'),
(1281, 825, 'OFF_CARIE_', 'SEG_CARIE_2'),
(1282, 830, 'OFF_CARIE_', 'SEG_CARIE_2'),
(1283, 832, 'OFF_CARIE_', 'SEG_CARIE_2'),
(1284, 838, 'OFF_CARIE_', 'SEG_CARIE_2'),
(1285, 845, 'OFF_CARIE_', 'SEG_CARIE_2'),
(1286, 846, 'OFF_CARIE_', 'SEG_CARIE_2'),
(1287, 851, 'OFF_CARIE_', 'SEG_CARIE_2'),
(1288, 857, 'OFF_CARIE_', 'SEG_CARIE_2'),
(1289, 867, 'OFF_CARIE_', 'SEG_CARIE_2'),
(1290, 869, 'OFF_CARIE_', 'SEG_CARIE_2'),
(1291, 871, 'OFF_CARIE_', 'SEG_CARIE_2'),
(1292, 876, 'OFF_CARIE_', 'SEG_CARIE_2'),
(1293, 888, 'OFF_CARIE_', 'SEG_CARIE_2'),
(1294, 889, 'OFF_CARIE_', 'SEG_CARIE_2'),
(1295, 898, 'OFF_CARIE_', 'SEG_CARIE_2'),
(1296, 903, 'OFF_CARIE_', 'SEG_CARIE_2'),
(1297, 904, 'OFF_CARIE_', 'SEG_CARIE_2'),
(1298, 905, 'OFF_CARIE_', 'SEG_CARIE_2'),
(1299, 909, 'OFF_CARIE_', 'SEG_CARIE_2'),
(1300, 910, 'OFF_CARIE_', 'SEG_CARIE_2'),
(1301, 911, 'OFF_CARIE_', 'SEG_CARIE_2'),
(1302, 913, 'OFF_CARIE_', 'SEG_CARIE_2'),
(1303, 915, 'OFF_CARIE_', 'SEG_CARIE_2'),
(1304, 917, 'OFF_CARIE_', 'SEG_CARIE_2'),
(1305, 920, 'OFF_CARIE_', 'SEG_CARIE_2'),
(1306, 922, 'OFF_CARIE_', 'SEG_CARIE_2'),
(1307, 924, 'OFF_CARIE_', 'SEG_CARIE_2'),
(1308, 930, 'OFF_CARIE_', 'SEG_CARIE_2'),
(1309, 932, 'OFF_CARIE_', 'SEG_CARIE_2'),
(1310, 935, 'OFF_CARIE_', 'SEG_CARIE_2'),
(1311, 936, 'OFF_CARIE_', 'SEG_CARIE_2'),
(1312, 937, 'OFF_CARIE_', 'SEG_CARIE_2'),
(1313, 939, 'OFF_CARIE_', 'SEG_CARIE_2'),
(1314, 941, 'OFF_CARIE_', 'SEG_CARIE_2'),
(1315, 944, 'OFF_CARIE_', 'SEG_CARIE_2'),
(1316, 947, 'OFF_CARIE_', 'SEG_CARIE_2'),
(1317, 955, 'OFF_CARIE_', 'SEG_CARIE_2'),
(1318, 958, 'OFF_CARIE_', 'SEG_CARIE_2'),
(1319, 960, 'OFF_CARIE_', 'SEG_CARIE_2'),
(1320, 963, 'OFF_CARIE_', 'SEG_CARIE_2'),
(1321, 968, 'OFF_CARIE_', 'SEG_CARIE_2'),
(1322, 970, 'OFF_CARIE_', 'SEG_CARIE_2'),
(1323, 972, 'OFF_CARIE_', 'SEG_CARIE_2'),
(1324, 975, 'OFF_CARIE_', 'SEG_CARIE_2'),
(1325, 977, 'OFF_CARIE_', 'SEG_CARIE_2'),
(1326, 978, 'OFF_CARIE_', 'SEG_CARIE_2'),
(1327, 983, 'OFF_CARIE_', 'SEG_CARIE_2'),
(1328, 986, 'OFF_CARIE_', 'SEG_CARIE_2'),
(1329, 987, 'OFF_CARIE_', 'SEG_CARIE_2'),
(1330, 988, 'OFF_CARIE_', 'SEG_CARIE_2'),
(1331, 989, 'OFF_CARIE_', 'SEG_CARIE_2'),
(1332, 990, 'OFF_CARIE_', 'SEG_CARIE_2'),
(1333, 994, 'OFF_CARIE_', 'SEG_CARIE_2'),
(1334, 996, 'OFF_CARIE_', 'SEG_CARIE_2'),
(1335, 997, 'OFF_CARIE_', 'SEG_CARIE_2'),
(1336, 1000, 'OFF_CARIE_', 'SEG_CARIE_2'),
(1337, 1003, 'OFF_CARIE_', 'SEG_CARIE_2'),
(1338, 1004, 'OFF_CARIE_', 'SEG_CARIE_2'),
(1339, 1006, 'OFF_CARIE_', 'SEG_CARIE_2'),
(1340, 1009, 'OFF_CARIE_', 'SEG_CARIE_2'),
(1341, 1011, 'OFF_CARIE_', 'SEG_CARIE_2'),
(1342, 1014, 'OFF_CARIE_', 'SEG_CARIE_2'),
(1343, 1017, 'OFF_CARIE_', 'SEG_CARIE_2'),
(1344, 1022, 'OFF_CARIE_', 'SEG_CARIE_2'),
(1345, 1025, 'OFF_CARIE_', 'SEG_CARIE_2'),
(1346, 1031, 'OFF_CARIE_', 'SEG_CARIE_2'),
(1347, 1033, 'OFF_CARIE_', 'SEG_CARIE_2'),
(1348, 1038, 'OFF_CARIE_', 'SEG_CARIE_2'),
(1349, 1039, 'OFF_CARIE_', 'SEG_CARIE_2'),
(1350, 1041, 'OFF_CARIE_', 'SEG_CARIE_2'),
(1351, 1045, 'OFF_CARIE_', 'SEG_CARIE_1'),
(1352, 1046, 'OFF_CARIE_', 'SEG_CARIE_2'),
(1353, 1045, 'OFF_CARIE_', 'SEG_CARIE_1'),
(1354, 1046, 'OFF_CARIE_', 'SEG_CARIE_2'),
(1355, 1045, 'OFF_CARIE_', 'SEG_CARIE_1'),
(1356, 1046, 'OFF_CARIE_', 'SEG_CARIE_2'),
(1357, 1045, 'OFF_CARIE_', 'SEG_CARIE_1'),
(1358, 1046, 'OFF_CARIE_', 'SEG_CARIE_2'),
(1359, 1045, 'OFF_CARIE_', 'SEG_CARIE_1'),
(1360, 1046, 'OFF_CARIE_', 'SEG_CARIE_2'),
(1361, 1045, 'OFF_CARIE_', 'SEG_CARIE_1'),
(1362, 1046, 'OFF_CARIE_', 'SEG_CARIE_2'),
(1363, 1045, 'OFF_CARIE_', 'SEG_CARIE_1'),
(1364, 1046, 'OFF_CARIE_', 'SEG_CARIE_2'),
(1379, 1045, 'OFF_CARIE_1', 'SEG_CARIE_1'),
(1380, 1046, 'OFF_CARIE_1', 'SEG_CARIE_2'),
(1393, 61, '45', 'parisiens'),
(1394, 63, '45', 'parisiens'),
(1395, 69, '45', 'parisiens'),
(1396, 88, '45', 'parisiens');

-- --------------------------------------------------------

--
-- Structure de la table `contacts`
--

CREATE TABLE IF NOT EXISTS `contacts` (
  `CON_ID` int(11) NOT NULL AUTO_INCREMENT,
  `CON_TYPE` varchar(100) CHARACTER SET latin1 DEFAULT NULL,
  `CON_TYPEC` varchar(100) CHARACTER SET latin1 DEFAULT NULL,
  `CON_CIVILITE` text CHARACTER SET latin1,
  `CON_FIRSTNAME` text CHARACTER SET latin1,
  `CON_LASTNAME` text CHARACTER SET latin1,
  `CON_DATE` date DEFAULT NULL,
  `CON_EMAIL` text CHARACTER SET latin1,
  `CON_TELFIXE` text CHARACTER SET latin1,
  `CON_TELPORT` text CHARACTER SET latin1,
  `CON_COMPL` text CHARACTER SET latin1,
  `CON_VOIE_NUM` int(11) DEFAULT NULL,
  `CON_VOIE_TYPE` varchar(255) CHARACTER SET latin1 NOT NULL,
  `CON_VOIE_NOM` varchar(255) CHARACTER SET latin1 NOT NULL,
  `CON_BP` text CHARACTER SET latin1,
  `CON_CP` text CHARACTER SET latin1,
  `CON_CITY` text CHARACTER SET latin1,
  `CON_COUNTRY` text CHARACTER SET latin1,
  `CON_NPAI` int(4) NOT NULL,
  `CON_RF_TYPE` enum('never','year','month','eachTime') CHARACTER SET latin1 NOT NULL,
  `CON_RF_ENVOI` enum('courrier','email') CHARACTER SET latin1 DEFAULT NULL,
  `CON_SOLICITATION` enum('yes','not','once') CHARACTER SET latin1 NOT NULL,
  `CON_COMMENTAIRE` text CHARACTER SET latin1,
  `CON_DATEADDED` datetime DEFAULT NULL,
  `CON_DATEMODIF` datetime DEFAULT NULL,
  PRIMARY KEY (`CON_ID`)
) ENGINE=InnoDB  DEFAULT CHARSET=utf8 AUTO_INCREMENT=1049 ;

--
-- Contenu de la table `contacts`
--

INSERT INTO `contacts` (`CON_ID`, `CON_TYPE`, `CON_TYPEC`, `CON_CIVILITE`, `CON_FIRSTNAME`, `CON_LASTNAME`, `CON_DATE`, `CON_EMAIL`, `CON_TELFIXE`, `CON_TELPORT`, `CON_COMPL`, `CON_VOIE_NUM`, `CON_VOIE_TYPE`, `CON_VOIE_NOM`, `CON_BP`, `CON_CP`, `CON_CITY`, `CON_COUNTRY`, `CON_NPAI`, `CON_RF_TYPE`, `CON_RF_ENVOI`, `CON_SOLICITATION`, `CON_COMMENTAIRE`, `CON_DATEADDED`, `CON_DATEMODIF`) VALUES
(60, 'physique', 'donateur', 'M.', 'Roger', 'Bernardo', '0000-00-00', 'w.bertrand@outlook.com', '0146872723', '0624221281', 'batiment 2', 115, 'rue', 'de Paris', '56', '94800', 'Creteil', 'canada', 0, 'never', 'courrier', 'not', '', NULL, '2014-04-11 10:04:23'),
(61, 'physique', 'donateur', 'M.', 'Christophe', 'Surun', '1990-09-18', 'c.surin@hotmail.com', '0146872723', '0645896320', '', 0, '', '', '30', '75000', 'Paris', 'France', 0, 'never', 'courrier', 'not', '', '2012-06-21 12:54:36', '2012-07-27 15:27:27'),
(62, 'physique', 'donateur', 'M.', 'David', 'Martin', '1908-09-18', 'd.martin@live.fr', '0146882785', '0652321458', '', 0, '', '', '', '68500', 'Issenheim', 'France', 0, 'never', 'courrier', 'not', '', NULL, '2012-07-26 16:51:32'),
(63, 'physique', 'donateur', 'M.', 'Denis', 'Kyriakou', '2012-10-03', 'd.kyriakou@gmail.com', '0125478513', '0614225541', '', 0, '', '', '6', '75000', 'Paris', 'France', 0, 'never', 'courrier', 'not', 'digicode: 4596', NULL, '2012-07-27 14:48:47'),
(65, 'physique', 'donateur', 'M.', 'Yann', 'Durand', '1990-09-18', 'yann.durand@caramail.com', '0165874236', '0630121565', '', 0, '', '', '12', '06100', 'Nice', 'France', 0, 'never', 'courrier', 'not', '', NULL, '2012-07-27 14:44:00'),
(66, 'physique', 'Donateur', 'M.', 'Jean', 'Dubois', '1990-09-18', 'j.dubois@gmail.com', '0146885642', '0631846524', '', 36, 'avenue', 'de la Republique', '', '94200', 'Ivry sur seine', 'France', 0, 'never', 'courrier', 'not', '', '2012-10-02 10:30:00', '2013-02-17 15:54:03'),
(68, 'physique', 'Donateur', 'Mme', 'Yvette', 'Rapillo', '1990-09-28', 'rapillo@gmail.com', '0122335689', '0678745659', '', 0, ' ', '', '16', '92078', 'Villeneuve-la-Garenne', 'France', 1, 'never', 'courrier', 'not', '', '2012-06-21 12:47:35', '2012-12-10 15:43:48'),
(69, 'physique', 'donateur', 'M.', 'Martin', 'Caruso', '1963-09-18', 'martin.caruso@gmail.com', '0149454689', '0658963245', '', 0, '', '', '125', '75000', 'Paris', 'France', 0, 'never', 'courrier', 'not', '', '2012-07-25 18:24:23', '2012-07-25 18:24:23'),
(71, 'physique', 'donateur', 'M.', 'Jean-florian', 'Martens', '2012-10-23', 'jf.martens@gmail.com', '0112526598', '0652141923', 'etage 23', 0, '', '', '12', '31100', 'Toulouse', 'France', 0, 'never', 'courrier', 'not', '', '2012-07-26 16:14:37', '2012-07-26 16:14:37'),
(72, 'physique', 'donateur', 'Mme', 'Josephine', 'Eldona', '2012-10-17', 'j.eldona@gmail.com', '0125789635', '0612189631', '', 0, '', '', '', '83400', 'Porquerolles', 'France', 0, 'never', 'courrier', 'not', '', '2012-07-26 16:15:47', '2012-07-26 16:15:47'),
(73, 'physique', 'donateur', 'Mme', 'Veronica', 'Dielen', '2012-09-20', 'v.dielen@caramail.com', '0125736212', '0685147985', '', 0, '', '', '', '68224', 'Mulhouse', 'France', 0, 'never', 'courrier', 'not', '', '2012-07-26 16:37:21', '2012-07-27 09:55:22'),
(75, 'physique', 'donateur', 'Mme', 'Isabelle', 'Pujadas', '2012-09-29', 'i.pujadas@gmail.com', '0126954652', '0657456320', '', 0, '', '', '3', '69061', 'Lyon', 'France', 0, 'never', 'courrier', 'not', '', '2012-07-27 12:54:15', '2012-07-27 12:54:15'),
(76, 'physique', 'donateur', 'Mme', 'Sandra', 'Viviani', '2012-10-13', 's.viviani@caramail.com', '0165489612', '0645859651', '', 0, '', '', '', '13192', 'Marseille', 'France', 0, 'never', 'courrier', 'not', '', '2012-07-27 15:30:50', '2012-07-27 15:30:50'),
(77, 'physique', 'donateur', 'M.', 'Yvan', 'Collona', '2012-10-08', 'yvan.c@gmail.com', '0156845986', '0674152365', '', 0, '', '', '', '92012', 'Boulogne Billancourt', 'France', 0, 'never', 'courrier', 'not', '', '2012-07-27 15:40:42', '2012-07-27 15:40:42'),
(78, 'physique', 'Donateur', 'M.', 'Thomas', 'Diefenthal', '1111-12-04', 't.diefenthal@gmail.com', '0231456322', '0042645851246', '', 113, 'rue', 'Champfleuri', '', '2701', 'Bale', 'Suisse', 0, 'never', 'courrier', 'not', '', '2012-07-28 00:26:23', '2014-02-02 12:25:42'),
(79, 'physique', 'donateur', 'M.', 'Luc', 'Albrecht', '1976-05-06', 'l.albrecht@gmail.com', '0385456325', '', '', 0, '', '', '3', '67000', 'Strasbourg', 'France', 0, 'never', 'courrier', 'not', '', '2012-11-07 16:49:53', '2012-11-07 16:49:53'),
(80, 'physique', 'donateur', 'Mme', 'Virginie', 'Delaye', '1989-10-16', 'delaye.v@gmail.com', '0245869712', '0633741269', '', 0, '', '', '', '59014', 'Lille', 'France', 0, 'never', 'courrier', 'not', '', '2012-11-07 16:53:12', '2012-11-07 16:53:12'),
(81, 'physique', 'donateur', 'Mlle', 'Floriane', 'Stierwald', '1991-11-12', 'f.loic@caramail.com', '0115185696', '0652191845', '', 0, '', '', '6', '60311', 'Francfort', 'Allemagne', 0, 'never', 'courrier', 'not', '', '2012-11-07 16:58:47', '2012-11-07 16:58:47'),
(82, 'physique', 'prospect', 'M.', 'Marc', 'Drude', '1978-06-15', 'drude.m@gmail.de', '0145965347', '0689741205', '', 0, '', '', '', '14102', 'Berlin', 'Allemagne', 0, 'never', 'courrier', 'not', '', '2012-11-07 17:02:11', '2012-11-07 17:02:11'),
(85, 'physique', 'donateur', 'Mme', 'Laura', 'Metzger', '1990-09-05', 'l.metzger12@thx.com', '0355578542', '0659841203', '', 0, '', '', '', '', 'Vienne', 'Autriche', 0, 'never', 'courrier', 'not', '', '2012-11-07 17:07:20', '2012-11-07 17:07:20'),
(86, 'physique', 'donateur', 'M.', 'Laurent', 'Topard', '1985-04-25', 'topard.l@caramail.com', '0423561203', '0695741256', '', 0, '', '', '6', '6016', 'Nice', 'France', 0, 'never', 'courrier', 'not', '', '2012-11-07 17:10:01', '2012-11-07 17:10:01'),
(87, 'physique', 'donateur', 'M.', 'Robin', 'Delahousse', '1993-11-06', 'delahousse.r@gmail.com', '0145674065', '0698542356', '', 0, '', '', '', '68500', 'Raedersheim', 'France', 0, 'never', 'courrier', 'not', '', '2012-11-07 17:15:44', '2012-11-07 17:15:44'),
(88, 'physique', 'prospect', 'Mme', 'Sandra', 'Tempa', '1984-03-13', 'tampa.s@hotmail.com', '0145741236', '0685412358', '', 0, '', '', '', '75000', 'Paris', 'France', 0, 'never', 'courrier', 'not', '', '2012-11-07 17:21:32', '2012-11-07 17:21:32'),
(89, 'physique', 'donateur', 'M.', 'Anes\r', 'LAMBERT', '1981-09-29', 'Anes\r.LAMBERT@hotmail.com', '0100019032', '0600007106', '', 0, '', '', '13', '03170', 'BEZENET', 'France', 0, 'never', 'courrier', 'not', '', '2012-11-10 17:12:34', '2012-11-10 17:12:34'),
(90, 'physique', 'donateur', 'M.', 'Theophane\r', 'GERMAIN', '1994-05-21', 'Theophane\r.GERMAIN@gmail.com', '0100003507', '0600017309', '', 0, '', '', '8', '02330', 'CELLES LES CONDE', 'France', 0, 'never', 'courrier', 'not', '', '2012-11-10 17:12:34', '2012-11-10 17:12:34'),
(91, 'physique', 'prospect', 'M.', 'Malone\r', 'POISSON', '1992-11-13', 'Malone\r.POISSON@caramail.com', '0100030037', '0600005026', '', 0, '', '', '2', '02400', 'LUCY LE BOCAGE', 'France', 0, 'never', 'courrier', 'not', '', '2012-11-10 17:12:34', '2012-11-10 17:12:34'),
(92, 'physique', 'prospect', 'M.', 'Jean\r', 'MASSE', '1994-01-26', 'Jean\r.MASSE@hotmail.com', '0100013827', '0600008014', '', 0, '', '', '10', '02640', 'SAINT SIMON', 'France', 0, 'never', 'courrier', 'not', '', '2012-11-10 17:12:34', '2012-11-10 17:12:34'),
(93, 'physique', 'donateur', 'Mme', 'Brithany\r', 'CHARTIER', '1992-04-30', 'Brithany\r.CHARTIER@hotmail.com', '0100007832', '0600000733', '', 0, '', '', '12', '05700', 'BATIE MONTSALEON (LA)', 'France', 0, 'never', 'courrier', 'not', '', '2012-11-10 17:12:34', '2012-11-10 17:12:34'),
(94, 'physique', 'prospect', 'M.', 'Dayron\r', 'PICHON', '1976-11-19', 'Dayron\r.PICHON@gmail.com', '0100016962', '0600014718', '', 0, '', '', '8', '02260', 'FROIDESTREES', 'France', 0, 'never', 'courrier', 'not', '', '2012-11-10 17:12:34', '2012-11-10 17:12:34'),
(95, 'physique', 'donateur', 'M.', 'Tyler\r', 'MOREAU', '1990-02-18', 'Tyler\r.MOREAU@live.fr', '0100020574', '0600000083', '', 0, '', '', '6', '06790', 'ASPREMONT', 'France', 0, 'never', 'courrier', 'not', '', '2012-11-10 17:12:34', '2012-11-10 17:12:34'),
(96, 'physique', 'donateur', 'M.', 'Augustin\r', 'VALLET', '1980-03-05', 'Augustin\r.VALLET@caramail.com', '0100002296', '0600014659', '', 0, '', '', '12', '02870', 'BUCY LES CERNY', 'France', 0, 'never', 'courrier', 'not', '', '2012-11-10 17:12:34', '2012-11-10 17:12:34'),
(97, 'physique', 'Donateur', 'Mme', 'Carla', 'MAUREL', '1992-10-10', 'Carla@email.com', '0100032641', '0600027988', '', 113, 'rue', 'Champfleuri', '14', '02440', 'BENAY', 'France', 0, 'never', 'courrier', 'not', '', '2012-11-10 17:12:34', '2014-02-02 12:24:19'),
(98, 'physique', 'prospect', 'M.', 'Bayram\r', 'JEAN', '1993-06-26', 'Bayram\r.JEAN@live.fr', '0100012287', '0600010180', '', 0, '', '', '5', '01580', 'SAMOGNAT', 'France', 0, 'never', 'courrier', 'not', '', '2012-11-10 17:12:34', '2012-11-10 17:12:34'),
(99, 'physique', 'donateur', 'M.', 'Mateo\r', 'ROCHER', '1978-07-03', 'Mateo\r.ROCHER@live.fr', '0100009794', '0600011729', '', 0, '', '', '8', '02820', 'COURTRIZY ET FUSSIGNY', 'France', 0, 'never', 'courrier', 'not', '', '2012-11-10 17:12:34', '2012-11-10 17:12:34'),
(100, 'physique', 'donateur', 'Mme', 'Pelin\r', 'LAFON', '1986-02-22', 'Pelin\r.LAFON@caramail.com', '0100015798', '0600015156', '', 0, '', '', '2', '05150', 'MONTMORIN', 'France', 0, 'never', 'courrier', 'not', '', '2012-11-10 17:12:34', '2012-11-10 17:12:34'),
(101, 'physique', 'donateur', 'M.', 'Abraham\r', 'DELMAS', '1981-10-19', 'Abraham\r.DELMAS@hotmail.com', '0100030029', '0600020933', '', 0, '', '', '9', '02140', 'BURELLES', 'France', 0, 'never', 'courrier', 'not', '', '2012-11-10 17:12:34', '2012-11-10 17:12:34'),
(102, 'physique', 'prospect', 'Mme', 'Nessa\r', 'MALLET', '1986-06-11', 'Nessa\r.MALLET@gmail.com', '0100029412', '0600027542', '', 0, '', '', '9', '02840', 'VESLUD', 'France', 0, 'never', 'courrier', 'not', '', '2012-11-10 17:12:34', '2012-11-10 17:12:34'),
(103, 'physique', 'prospect', 'Mme', 'Oumou\r', 'IMBERT', '1985-09-03', 'Oumou\r.IMBERT@live.fr', '0100011590', '0600006427', '', 0, '', '', '2', '02200', 'VENIZEL', 'France', 0, 'never', 'courrier', 'not', '', '2012-11-10 17:12:34', '2012-11-10 17:12:34'),
(104, 'physique', 'prospect', 'M.', 'Theophile\r', 'VOISIN', '1993-06-30', 'Theophile\r.VOISIN@hotmail.com', '0100009215', '0600019823', '', 0, '', '', '9', '02130', 'DRAVEGNY', 'France', 0, 'never', 'courrier', 'not', '', '2012-11-10 17:12:34', '2012-11-10 17:12:34'),
(105, 'physique', 'donateur', 'Mme', 'Pascaline\r', 'BOUCHET', '1975-10-12', 'Pascaline\r.BOUCHET@caramail.com', '0100015450', '0600008040', '', 0, '', '', '14', '03130', 'LIERNOLLES', 'France', 0, 'never', 'courrier', 'not', '', '2012-11-10 17:12:34', '2012-11-10 17:12:34'),
(106, 'physique', 'prospect', 'Mme', 'Binta\r', 'MACE', '1982-09-18', 'Binta\r.MACE@gmail.com', '0100026817', '0600019855', '', 0, '', '', '6', '01450', 'CHALLES', 'France', 0, 'never', 'courrier', 'not', '', '2012-11-10 17:12:34', '2012-11-10 17:12:34'),
(107, 'physique', 'prospect', 'Mme', 'Prescillia\r', 'BOUQUET', '1976-05-30', 'Prescillia\r.BOUQUET@caramail.com', '0100026291', '0600031526', '', 0, '', '', '4', '02860', 'ARRANCY', 'France', 0, 'never', 'courrier', 'not', '', '2012-11-10 17:12:34', '2012-11-10 17:12:34'),
(108, 'physique', 'donateur', 'M.', 'Aymerick\r', 'LOUIS', '1987-09-27', 'Aymerick\r.LOUIS@live.fr', '0100004900', '0600006797', '', 0, '', '', '12', '03190', 'NASSIGNY', 'France', 0, 'never', 'courrier', 'not', '', '2012-11-10 17:12:34', '2012-11-10 17:12:34'),
(109, 'physique', 'prospect', 'M.', 'Michel\r', 'MENARD', '1978-11-14', 'Michel\r.MENARD@caramail.com', '0100023994', '0600017496', '', 0, '', '', '8', '01570', 'FEILLENS', 'France', 0, 'never', 'courrier', 'not', '', '2012-11-10 17:12:34', '2012-11-10 17:12:34'),
(110, 'physique', 'donateur', 'Mme', 'Aminata\r', 'ANDRE', '1985-07-06', 'Aminata\r.ANDRE@live.fr', '0100000836', '0600007095', '', 0, '', '', '14', '01550', 'POUGNY', 'France', 0, 'never', 'courrier', 'not', '', '2012-11-10 17:12:34', '2012-11-10 17:12:34'),
(111, 'physique', 'prospect', 'Mme', 'Alix\r', 'COLLET', '1981-10-29', 'Alix\r.COLLET@gmail.com', '0100002442', '0600022721', '', 0, '', '', '12', '05300', 'POET (LE)', 'France', 0, 'never', 'courrier', 'not', '', '2012-11-10 17:12:34', '2012-11-10 17:12:34'),
(112, 'physique', 'prospect', 'M.', 'Tom\r', 'MILLET', '1975-02-14', 'Tom\r.MILLET@caramail.com', '0100011184', '0600006785', '', 0, '', '', '7', '03140', 'SAINT GERMAIN DE SALLES', 'France', 0, 'never', 'courrier', 'not', '', '2012-11-10 17:12:34', '2012-11-10 17:12:34'),
(113, 'physique', 'donateur', 'M.', 'Arda\r', 'PERROT', '1983-04-13', 'Arda\r.PERROT@gmail.com', '0100014600', '0600024594', '', 0, '', '', '3', '02210', 'LAUNOY', 'France', 0, 'never', 'courrier', 'not', '', '2012-11-10 17:12:34', '2012-11-10 17:12:34'),
(114, 'physique', 'donateur', 'M.', 'Abraham\r', 'SAUVAGE', '1982-05-14', 'Abraham\r.SAUVAGE@caramail.com', '0100000571', '0600002740', '', 0, '', '', '5', '04240', 'BRAUX', 'France', 0, 'never', 'courrier', 'not', '', '2012-11-10 17:12:34', '2012-11-10 17:12:34'),
(115, 'physique', 'donateur', 'Mme', 'Bahia\r', 'MORIN', '1987-04-15', 'Bahia\r.MORIN@live.fr', '0100016502', '0600006330', '', 0, '', '', '8', '02360', 'CHERY LES ROZOY', 'France', 0, 'never', 'courrier', 'not', '', '2012-11-10 17:12:34', '2012-11-10 17:12:34'),
(116, 'physique', 'donateur', 'M.', 'Thao\r', 'JOLY', '1985-04-15', 'Thao\r.JOLY@live.fr', '0100015174', '0600030449', '', 0, '', '', '12', '03140', 'TAXAT SENAT', 'France', 0, 'never', 'courrier', 'not', '', '2012-11-10 17:12:34', '2012-11-10 17:12:34'),
(117, 'physique', 'prospect', 'M.', 'Aboubakar\r', 'FERRY', '1980-04-18', 'Aboubakar\r.FERRY@gmail.com', '0100004989', '0600026173', '', 0, '', '', '14', '03270', 'BUSSET', 'France', 0, 'never', 'courrier', 'not', '', '2012-11-10 17:12:34', '2012-11-10 17:12:34'),
(118, 'physique', 'donateur', 'M.', 'Daris\r', 'MOREAU', '1991-02-03', 'Daris\r.MOREAU@caramail.com', '0100006679', '0600021057', '', 0, '', '', '4', '02270', 'CHEVRESIS MONCEAU', 'France', 0, 'never', 'courrier', 'not', '', '2012-11-10 17:12:34', '2012-11-10 17:12:34'),
(119, 'physique', 'donateur', 'M.', 'Jimmy\r', 'LE GALL', '1990-04-05', 'Jimmy\r.LE GALL@caramail.com', '0100028417', '0600001089', '', 0, '', '', '14', '01570', 'ASNIERES SUR SAONE', 'France', 0, 'never', 'courrier', 'not', '', '2012-11-10 17:12:34', '2012-11-10 17:12:34'),
(120, 'physique', 'donateur', 'Mme', 'Nola\r', 'CORDIER', '1986-12-26', 'Nola\r.CORDIER@gmail.com', '0100026310', '0600007368', '', 0, '', '', '8', '01300', 'NATTAGES', 'France', 0, 'never', 'courrier', 'not', '', '2012-11-10 17:12:34', '2012-11-10 17:12:34'),
(121, 'physique', 'prospect', 'M.', 'Billy\r', 'DOUCET', '1978-11-29', 'Billy\r.DOUCET@caramail.com', '0100000066', '0600013740', '', 0, '', '', '14', '05170', 'ORCIERES', 'France', 0, 'never', 'courrier', 'not', '', '2012-11-10 17:12:35', '2012-11-10 17:12:35'),
(122, 'physique', 'donateur', 'Mme', 'Alexandra\r', 'JOUBERT', '1989-04-02', 'Alexandra\r.JOUBERT@live.fr', '0100019124', '0600014558', '', 0, '', '', '12', '01310', 'SAINT REMY', 'France', 0, 'never', 'courrier', 'not', '', '2012-11-10 17:12:35', '2012-11-10 17:12:35'),
(123, 'physique', 'prospect', 'M.', 'Joris\r', 'MEYER', '1983-10-05', 'Joris\r.MEYER@caramail.com', '0100029195', '0600021900', '', 0, '', '', '12', '04000', 'DIGNE LES BAINS', 'France', 0, 'never', 'courrier', 'not', '', '2012-11-10 17:12:35', '2012-11-10 17:12:35'),
(124, 'physique', 'donateur', 'M.', 'Thiago\r', 'CHAMBON', '1994-08-11', 'Thiago\r.CHAMBON@live.fr', '0100032438', '0600020236', '', 0, '', '', '9', '02760', 'HOLNON', 'France', 0, 'never', 'courrier', 'not', '', '2012-11-10 17:12:35', '2012-11-10 17:12:35'),
(125, 'physique', 'prospect', 'Mme', 'Odelia\r', 'LEBON', '1982-11-22', 'Odelia\r.LEBON@hotmail.com', '0100013831', '0600026529', '', 0, '', '', '9', '01130', 'CHARIX', 'France', 0, 'never', 'courrier', 'not', '', '2012-11-10 17:12:35', '2012-11-10 17:12:35'),
(126, 'physique', 'donateur', 'Mme', 'Naomi\r', 'CHAPUIS', '1975-03-24', 'Naomi\r.CHAPUIS@hotmail.com', '0100027224', '0600000712', '', 0, '', '', '13', '03150', 'SANSSAT', 'France', 0, 'never', 'courrier', 'not', '', '2012-11-10 17:12:35', '2012-11-10 17:12:35'),
(127, 'physique', 'donateur', 'Mme', 'Colleen\r', 'PASQUIER', '1985-12-06', 'Colleen\r.PASQUIER@caramail.com', '0100003959', '0600014523', '', 0, '', '', '2', '05300', 'BARRET LE BAS', 'France', 0, 'never', 'courrier', 'not', '', '2012-11-10 17:12:35', '2012-11-10 17:12:35'),
(128, 'physique', 'donateur', 'Mme', 'Philomene\r', 'TANGUY', '1977-11-26', 'Philomene\r.TANGUY@hotmail.com', '0100008671', '0600020204', '', 0, '', '', '4', '02880', 'VREGNY', 'France', 0, 'never', 'courrier', 'not', '', '2012-11-10 17:12:35', '2012-11-10 17:12:35'),
(129, 'physique', 'donateur', 'Mme', 'Naela\r', 'BEGUE', '1979-10-02', 'Naela\r.BEGUE@gmail.com', '0100009683', '0600023379', '', 0, '', '', '10', '02410', 'SAINT GOBAIN', 'France', 0, 'never', 'courrier', 'not', '', '2012-11-10 17:12:35', '2012-11-10 17:12:35'),
(130, 'physique', 'donateur', 'M.', 'Dycklan\r', 'PERRIN', '1976-03-03', 'Dycklan\r.PERRIN@live.fr', '0100010489', '0600030763', '', 0, '', '', '8', '02220', 'LIME', 'France', 0, 'never', 'courrier', 'not', '', '2012-11-10 17:12:35', '2012-11-10 17:12:35'),
(131, 'physique', 'donateur', 'M.', 'Blaise\r', 'MARCHAL', '1975-01-06', 'Blaise\r.MARCHAL@hotmail.com', '0100002342', '0600025341', '', 0, '', '', '14', '02600', 'CORCY', 'France', 0, 'never', 'courrier', 'not', '', '2012-11-10 17:12:35', '2012-11-10 17:12:35'),
(132, 'physique', 'prospect', 'Mme', 'Charline\r', 'JOLY', '1985-04-23', 'Charline\r.JOLY@hotmail.com', '0100004662', '0600027933', '', 0, '', '', '2', '03510', 'CHASSENARD', 'France', 0, 'never', 'courrier', 'not', '', '2012-11-10 17:12:35', '2012-11-10 17:12:35'),
(133, 'physique', 'prospect', 'M.', 'Manoa\r', 'PAYET', '1995-11-24', 'Manoa\r.PAYET@caramail.com', '0100026398', '0600016817', '', 0, '', '', '12', '04110', 'VILLEMUS', 'France', 0, 'never', 'courrier', 'not', '', '2012-11-10 17:12:35', '2012-11-10 17:12:35'),
(134, 'physique', 'prospect', 'M.', 'Timmy\r', 'MASSON', '1977-08-16', 'Timmy\r.MASSON@gmail.com', '0100004034', '0600030358', '', 0, '', '', '12', '01400', 'CHANOZ CHATENAY', 'France', 0, 'never', 'courrier', 'not', '', '2012-11-10 17:12:35', '2012-11-10 17:12:35'),
(135, 'physique', 'prospect', 'Mme', 'Chloe\r', 'HUSSON', '1978-09-07', 'Chloe\r.HUSSON@gmail.com', '0100001833', '0600009204', '', 0, '', '', '6', '04120', 'DEMANDOLX', 'France', 0, 'never', 'courrier', 'not', '', '2012-11-10 17:12:35', '2012-11-10 17:12:35'),
(136, 'physique', 'prospect', 'Mme', 'Peline\r', 'LELONG', '0000-00-00', 'Peline\r.LELONG@hotmail.com', '0100024573', '0600006246', '', 0, '', '', '3', '02540', 'VIFFORT', 'France', 0, 'never', 'courrier', 'not', '', '2012-11-10 17:12:35', '2012-11-10 17:12:35'),
(137, 'physique', 'prospect', 'Mme', 'Orlanne\r', 'GUICHARD', '1980-02-09', 'Orlanne\r.GUICHARD@hotmail.com', '0100019740', '0600011623', '', 0, '', '', '5', '02000', 'CHERY LES POUILLY', 'France', 0, 'never', 'courrier', 'not', '', '2012-11-10 17:12:35', '2012-11-10 17:12:35'),
(138, 'physique', 'prospect', 'Mme', 'Suzanne\r', 'BAILLY', '1993-06-23', 'Suzanne\r.BAILLY@caramail.com', '0100016599', '0600016815', '', 0, '', '', '14', '03340', 'CHAPEAU', 'France', 0, 'never', 'courrier', 'not', '', '2012-11-10 17:12:35', '2012-11-10 17:12:35'),
(139, 'physique', 'donateur', 'Mme', 'Nila\r', 'MIGNOT', '1983-04-10', 'Nila\r.MIGNOT@live.fr', '0100019761', '0600005461', '', 0, '', '', '7', '01150', 'SAINTE JULIE', 'France', 0, 'never', 'courrier', 'not', '', '2012-11-10 17:12:35', '2012-11-10 17:12:35'),
(140, 'physique', 'prospect', 'M.', 'Dario\r', 'OLIVIER', '1979-11-14', 'Dario\r.OLIVIER@live.fr', '0100020265', '0600015736', '', 0, '', '', '3', '01630', 'PERON', 'France', 0, 'never', 'courrier', 'not', '', '2012-11-10 17:12:35', '2012-11-10 17:12:35'),
(141, 'physique', 'prospect', 'M.', 'Ali\r', 'LEGROS', '1982-11-13', 'Ali\r.LEGROS@live.fr', '0100014684', '0600027425', '', 0, '', '', '5', '01230', 'ARANDAS', 'France', 0, 'never', 'courrier', 'not', '', '2012-11-10 17:12:35', '2012-11-10 17:12:35'),
(142, 'physique', 'prospect', 'Mme', 'Bamby\r', 'PETIT', '1984-09-17', 'Bamby\r.PETIT@hotmail.com', '0100031576', '0600001831', '', 0, '', '', '12', '02880', 'CHIVRES VAL', 'France', 0, 'never', 'courrier', 'not', '', '2012-11-10 17:12:35', '2012-11-10 17:12:35'),
(143, 'physique', 'donateur', 'M.', 'Teo\r', 'HOARAU', '1992-12-25', 'Teo\r.HOARAU@gmail.com', '0100028490', '0600019667', '', 0, '', '', '3', '03140', 'CHARROUX', 'France', 0, 'never', 'courrier', 'not', '', '2012-11-10 17:12:35', '2012-11-10 17:12:35'),
(144, 'physique', 'prospect', 'Mme', 'Belinay\r', 'BONNET', '1987-05-11', 'Belinay\r.BONNET@hotmail.com', '0100006917', '0600003074', '', 0, '', '', '5', '06420', 'CLANS', 'France', 0, 'never', 'courrier', 'not', '', '2012-11-10 17:12:35', '2012-11-10 17:12:35'),
(145, 'physique', 'donateur', 'M.', 'Badreddine\r', 'THOMAS', '1978-10-22', 'Badreddine\r.THOMAS@caramail.com', '0100032656', '0600009743', '', 0, '', '', '12', '03300', 'MOLLES', 'France', 0, 'never', 'courrier', 'not', '', '2012-11-10 17:12:35', '2012-11-10 17:12:35'),
(146, 'physique', 'prospect', 'M.', 'Antonio\r', 'LECONTE', '1988-01-12', 'Antonio\r.LECONTE@gmail.com', '0100010147', '0600018928', '', 0, '', '', '10', '02200', 'ROZIERES SUR CRISE', 'France', 0, 'never', 'courrier', 'not', '', '2012-11-10 17:12:35', '2012-11-10 17:12:35'),
(147, 'physique', 'donateur', 'M.', 'Louison\r', 'BOUCHARD', '1992-08-22', 'Louison\r.BOUCHARD@hotmail.com', '0100031176', '0600013373', '', 0, '', '', '11', '03390', 'CHAPPES', 'France', 0, 'never', 'courrier', 'not', '', '2012-11-10 17:12:35', '2012-11-10 17:12:35'),
(148, 'physique', 'donateur', 'M.', 'James\r', 'PEREZ', '1976-07-15', 'James\r.PEREZ@live.fr', '0100031767', '0600029957', '', 0, '', '', '5', '02400', 'BONNESVALYN', 'France', 0, 'never', 'courrier', 'not', '', '2012-11-10 17:12:35', '2012-11-10 17:12:35'),
(149, 'physique', 'donateur', 'M.', 'Dominic\r', 'REYNAUD', '1992-08-16', 'Dominic\r.REYNAUD@caramail.com', '0100028334', '0600007337', '', 0, '', '', '10', '02380', 'PONT SAINT MARD', 'France', 0, 'never', 'courrier', 'not', '', '2012-11-10 17:12:35', '2012-11-10 17:12:35'),
(150, 'physique', 'donateur', 'M.', 'Anass\r', 'LE GALL', '1992-10-21', 'Anass\r.LE GALL@live.fr', '0100028637', '0600010412', '', 0, '', '', '9', '03230', 'LUSIGNY', 'France', 0, 'never', 'courrier', 'not', '', '2012-11-10 17:12:35', '2012-11-10 17:12:35'),
(151, 'physique', 'prospect', 'Mme', 'Alix\r', 'RIVIERE', '1990-09-23', 'Alix\r.RIVIERE@hotmail.com', '0100016513', '0600027620', '', 0, '', '', '7', '01800', 'VILLIEU LOYES MOLLON', 'France', 0, 'never', 'courrier', 'not', '', '2012-11-10 17:12:35', '2012-11-10 17:12:35'),
(152, 'physique', 'prospect', 'Mme', 'Nawel\r', 'CHARTIER', '1985-09-22', 'Nawel\r.CHARTIER@caramail.com', '0100005187', '0600030308', '', 0, '', '', '10', '01110', 'PREMILLIEU', 'France', 0, 'never', 'courrier', 'not', '', '2012-11-10 17:12:35', '2012-11-10 17:12:35'),
(153, 'physique', 'donateur', 'M.', 'Mathys\r', 'LAMY', '1984-10-13', 'Mathys\r.LAMY@caramail.com', '0100021303', '0600027059', '', 0, '', '', '2', '02210', 'PLESSIER HULEU (LE)', 'France', 0, 'never', 'courrier', 'not', '', '2012-11-10 17:12:35', '2012-11-10 17:12:35'),
(154, 'physique', 'donateur', 'M.', 'Adem\r', 'ROUSSEL', '1981-10-09', 'Adem\r.ROUSSEL@live.fr', '0100010419', '0600013159', '', 0, '', '', '2', '05250', 'CLUSE (LA)', 'France', 0, 'never', 'courrier', 'not', '', '2012-11-10 17:12:35', '2012-11-10 17:12:35'),
(155, 'physique', 'donateur', 'Mme', 'Prescillia\r', 'LACROIX', '1995-11-23', 'Prescillia\r.LACROIX@gmail.com', '0100018748', '0600023362', '', 0, '', '', '8', '02570', 'CHEZY SUR MARNE', 'France', 0, 'never', 'courrier', 'not', '', '2012-11-10 17:12:35', '2012-11-10 17:12:35'),
(156, 'physique', 'donateur', 'Mme', 'Nelly\r', 'MACE', '1975-05-27', 'Nelly\r.MACE@live.fr', '0100009517', '0600001983', '', 0, '', '', '9', '01320', 'VILLETTE SUR AIN', 'France', 0, 'never', 'courrier', 'not', '', '2012-11-10 17:12:35', '2012-11-10 17:12:35'),
(157, 'physique', 'prospect', 'M.', 'Baptiste\r', 'GROS', '1984-06-23', 'Baptiste\r.GROS@gmail.com', '0100001749', '0600009603', '', 0, '', '', '7', '02480', 'DURY', 'France', 0, 'never', 'courrier', 'not', '', '2012-11-10 17:12:35', '2012-11-10 17:12:35'),
(158, 'physique', 'donateur', 'M.', 'Badis\r', 'BOCQUET', '1981-08-15', 'Badis\r.BOCQUET@live.fr', '0100003676', '0600017545', '', 0, '', '', '12', '06670', 'DURANUS', 'France', 0, 'never', 'courrier', 'not', '', '2012-11-10 17:12:35', '2012-11-10 17:12:35'),
(159, 'physique', 'prospect', 'Mme', 'Ombeline\r', 'OLLIVIER', '1988-05-25', 'Ombeline\r.OLLIVIER@live.fr', '0100001384', '0600021465', '', 0, '', '', '13', '02310', 'MONTREUIL AUX LIONS', 'France', 0, 'never', 'courrier', 'not', '', '2012-11-10 17:12:35', '2012-11-10 17:12:35'),
(160, 'physique', 'prospect', 'Mme', 'Savana\r', 'RENAULT', '1993-03-10', 'Savana\r.RENAULT@hotmail.com', '0100013539', '0600015488', '', 0, '', '', '10', '01680', 'LHUIS', 'France', 0, 'never', 'courrier', 'not', '', '2012-11-10 17:12:35', '2012-11-10 17:12:35'),
(161, 'physique', 'prospect', 'M.', 'Jim\r', 'SABATIER', '1993-01-14', 'Jim\r.SABATIER@hotmail.com', '0100024876', '0600025473', '', 0, '', '', '7', '02880', 'VREGNY', 'France', 0, 'never', 'courrier', 'not', '', '2012-11-10 17:12:35', '2012-11-10 17:12:35'),
(162, 'physique', 'donateur', 'Mme', 'Cassy\r', 'VIDAL', '1988-08-19', 'Cassy\r.VIDAL@live.fr', '0100006626', '0600004357', '', 0, '', '', '9', '01340', 'MONTREVEL EN BRESSE', 'France', 0, 'never', 'courrier', 'not', '', '2012-11-10 17:12:35', '2012-11-10 17:12:35'),
(163, 'physique', 'prospect', 'Mme', 'Clementine\r', 'GERMAIN', '1982-08-15', 'Clementine\r.GERMAIN@caramail.com', '0100020241', '0600027224', '', 0, '', '', '10', '02300', 'GUNY', 'France', 0, 'never', 'courrier', 'not', '', '2012-11-10 17:12:35', '2012-11-10 17:12:35'),
(164, 'physique', 'prospect', 'M.', 'Jarod\r', 'DUHAMEL', '1992-06-13', 'Jarod\r.DUHAMEL@live.fr', '0100001211', '0600028469', '', 0, '', '', '7', '01260', 'CHAMPAGNE EN VALROMEY', 'France', 0, 'never', 'courrier', 'not', '', '2012-11-10 17:12:35', '2012-11-10 17:12:35'),
(165, 'physique', 'prospect', 'M.', 'Aloys\r', 'LASSERRE', '1988-11-11', 'Aloys\r.LASSERRE@live.fr', '0100007657', '0600020462', '', 0, '', '', '7', '02880', 'BRAYE', 'France', 0, 'never', 'courrier', 'not', '', '2012-11-10 17:12:35', '2012-11-10 17:12:35'),
(166, 'physique', 'donateur', 'Mme', 'Naima\r', 'BRUN', '1977-04-10', 'Naima\r.BRUN@hotmail.com', '0100029345', '0600025558', '', 0, '', '', '7', '01320', 'SAINT NIZIER LE DESERT', 'France', 0, 'never', 'courrier', 'not', '', '2012-11-10 17:12:35', '2012-11-10 17:12:35'),
(167, 'physique', 'prospect', 'M.', 'Jawad\r', 'MAS', '1980-10-27', 'Jawad\r.MAS@gmail.com', '0100023823', '0600027140', '', 0, '', '', '11', '05400', 'SAINT AUBAN D''OZE', 'France', 0, 'never', 'courrier', 'not', '', '2012-11-10 17:12:35', '2012-11-10 17:12:35'),
(168, 'physique', 'donateur', 'M.', 'Axel\r', 'GAUTIER', '1984-01-01', 'Axel\r.GAUTIER@live.fr', '0100032377', '0600002592', '', 0, '', '', '13', '02290', 'NOUVRON VINGRE', 'France', 0, 'never', 'courrier', 'not', '', '2012-11-10 17:12:35', '2012-11-10 17:12:35'),
(169, 'physique', 'donateur', 'M.', 'Beni\r', 'LE ROUX', '1979-09-14', 'Beni\r.LE ROUX@live.fr', '0100003102', '0600029161', '', 0, '', '', '12', '04150', 'MONTSALIER', 'France', 0, 'never', 'courrier', 'not', '', '2012-11-10 17:12:35', '2012-11-10 17:12:35'),
(170, 'physique', 'prospect', 'M.', 'Matthieu\r', 'LE BIHAN', '1992-06-11', 'Matthieu\r.LE BIHAN@live.fr', '0100016399', '0600014508', '', 0, '', '', '6', '05170', 'ORCIERES', 'France', 0, 'never', 'courrier', 'not', '', '2012-11-10 17:12:35', '2012-11-10 17:12:35'),
(171, 'physique', 'donateur', 'Mme', 'Angela\r', 'BUISSON', '1993-09-03', 'Angela\r.BUISSON@caramail.com', '0100008831', '0600001621', '', 0, '', '', '6', '01150', 'BLYES', 'France', 0, 'never', 'courrier', 'not', '', '2012-11-10 17:12:35', '2012-11-10 17:12:35'),
(172, 'physique', 'donateur', 'M.', 'Diaby\r', 'BARBIER', '1990-06-30', 'Diaby\r.BARBIER@gmail.com', '0100031669', '0600016653', '', 0, '', '', '5', '03500', 'PARAY SOUS BRIAILLES', 'France', 0, 'never', 'courrier', 'not', '', '2012-11-10 17:12:35', '2012-11-10 17:12:35'),
(173, 'physique', 'prospect', 'Mme', 'Aline\r', 'GRANGER', '1993-01-03', 'Aline\r.GRANGER@live.fr', '0100006865', '0600021934', '', 0, '', '', '3', '02810', 'VEUILLY LA POTERIE', 'France', 0, 'never', 'courrier', 'not', '', '2012-11-10 17:12:35', '2012-11-10 17:12:35'),
(174, 'physique', 'donateur', 'Mme', 'Nour\r', 'LABBE', '1981-02-24', 'Nour\r.LABBE@hotmail.com', '0100024510', '0600010722', '', 0, '', '', '9', '06440', 'LUCERAM', 'France', 0, 'never', 'courrier', 'not', '', '2012-11-10 17:12:35', '2012-11-10 17:12:35'),
(175, 'physique', 'prospect', 'M.', 'Darian\r', 'PEREIRA', '1989-06-14', 'Darian\r.PEREIRA@caramail.com', '0100019831', '0600011998', '', 0, '', '', '2', '06420', 'BAIROLS', 'France', 0, 'never', 'courrier', 'not', '', '2012-11-10 17:12:35', '2012-11-10 17:12:35'),
(176, 'physique', 'donateur', 'M.', 'Maxence\r', 'EVRARD', '1995-05-20', 'Maxence\r.EVRARD@live.fr', '0100002939', '0600020579', '', 0, '', '', '10', '02300', 'VIRY NOUREUIL', 'France', 0, 'never', 'courrier', 'not', '', '2012-11-10 17:12:35', '2012-11-10 17:12:35'),
(177, 'physique', 'donateur', 'Mme', 'Octavie\r', 'VIDAL', '1978-03-17', 'Octavie\r.VIDAL@hotmail.com', '0100005842', '0600008992', '', 0, '', '', '9', '03230', 'GARNAT SUR ENGIEVRE', 'France', 0, 'never', 'courrier', 'not', '', '2012-11-10 17:12:35', '2012-11-10 17:12:35'),
(178, 'physique', 'donateur', 'Mme', 'Promesse\r', 'GAY', '1981-10-20', 'Promesse\r.GAY@live.fr', '0100017310', '0600026034', '', 0, '', '', '6', '03360', 'LETELON', 'France', 0, 'never', 'courrier', 'not', '', '2012-11-10 17:12:35', '2012-11-10 17:12:35'),
(179, 'physique', 'prospect', 'Mme', 'Plume\r', 'HERVE', '1983-04-02', 'Plume\r.HERVE@caramail.com', '0100022773', '0600010610', '', 0, '', '', '12', '02880', 'VUILLERY', 'France', 0, 'never', 'courrier', 'not', '', '2012-11-10 17:12:35', '2012-11-10 17:12:35'),
(180, 'physique', 'prospect', 'M.', 'Daryl\r', 'LE GOFF', '1983-07-13', 'Daryl\r.LE GOFF@live.fr', '0100006706', '0600005500', '', 0, '', '', '4', '01400', 'SULIGNAT', 'France', 0, 'never', 'courrier', 'not', '', '2012-11-10 17:12:35', '2012-11-10 17:12:35'),
(181, 'physique', 'prospect', 'M.', 'Malo\r', 'BAILLY', '1986-06-18', 'Malo\r.BAILLY@live.fr', '0100011725', '0600025738', '', 0, '', '', '3', '01380', 'BOISSEY', 'France', 0, 'never', 'courrier', 'not', '', '2012-11-10 17:12:35', '2012-11-10 17:12:35'),
(182, 'physique', 'prospect', 'M.', 'Driss\r', 'BRETON', '1984-03-28', 'Driss\r.BRETON@caramail.com', '0100031879', '0600007851', '', 0, '', '', '11', '02250', 'NEUVILLE BOSMONT (LA)', 'France', 0, 'never', 'courrier', 'not', '', '2012-11-10 17:12:35', '2012-11-10 17:12:35'),
(183, 'physique', 'prospect', 'M.', 'Davys\r', 'LAVAL', '1987-04-25', 'Davys\r.LAVAL@caramail.com', '0100026135', '0600022147', '', 0, '', '', '6', '01420', 'CORBONOD', 'France', 0, 'never', 'courrier', 'not', '', '2012-11-10 17:12:35', '2012-11-10 17:12:35'),
(184, 'physique', 'prospect', 'M.', 'Armel\r', 'GAY', '1982-12-12', 'Armel\r.GAY@gmail.com', '0100008130', '0600005176', '', 0, '', '', '8', '02250', 'TAVAUX ET PONTSERICOURT', 'France', 0, 'never', 'courrier', 'not', '', '2012-11-10 17:12:35', '2012-11-10 17:12:35'),
(185, 'physique', 'prospect', 'Mme', 'Besma\r', 'COMBES', '1988-12-25', 'Besma\r.COMBES@caramail.com', '0100002719', '0600000417', '', 0, '', '', '4', '02220', 'BAZOCHES SUR VESLE', 'France', 0, 'never', 'courrier', 'not', '', '2012-11-10 17:12:35', '2012-11-10 17:12:35'),
(186, 'physique', 'donateur', 'Mme', 'Ozge\r', 'PAYET', '1977-07-09', 'Ozge\r.PAYET@caramail.com', '0100013558', '0600011106', '', 0, '', '', '3', '02200', 'BELLEU', 'France', 0, 'never', 'courrier', 'not', '', '2012-11-10 17:12:35', '2012-11-10 17:12:35'),
(187, 'physique', 'donateur', 'Mme', 'Chelsea\r', 'TOURNIER', '1980-03-17', 'Chelsea\r.TOURNIER@hotmail.com', '0100020625', '0600017357', '', 0, '', '', '7', '01260', 'HOTONNES', 'France', 0, 'never', 'courrier', 'not', '', '2012-11-10 17:12:35', '2012-11-10 17:12:35'),
(188, 'physique', 'donateur', 'Mme', 'Omaima\r', 'MOREAU', '1990-10-17', 'Omaima\r.MOREAU@gmail.com', '0100014320', '0600015823', '', 0, '', '', '9', '02240', 'PARPEVILLE', 'France', 0, 'never', 'courrier', 'not', '', '2012-11-10 17:12:35', '2012-11-10 17:12:35'),
(189, 'physique', 'donateur', 'Mme', 'Stacy\r', 'CADET', '1993-11-06', 'Stacy\r.CADET@live.fr', '0100007917', '0600013004', '', 0, '', '', '2', '02360', 'MONT SAINT JEAN', 'France', 0, 'never', 'courrier', 'not', '', '2012-11-10 17:12:35', '2012-11-10 17:12:35'),
(190, 'physique', 'donateur', 'M.', 'Jason\r', 'BERNARD', '1995-12-15', 'Jason\r.BERNARD@caramail.com', '0100008214', '0600018791', '', 0, '', '', '5', '02260', 'SAINT ALGIS', 'France', 0, 'never', 'courrier', 'not', '', '2012-11-10 17:12:35', '2012-11-10 17:12:35'),
(191, 'physique', 'prospect', 'Mme', 'Perla\r', 'REYNAUD', '1982-09-27', 'Perla\r.REYNAUD@caramail.com', '0100012891', '0600028980', '', 0, '', '', '4', '01310', 'SAINT REMY', 'France', 0, 'never', 'courrier', 'not', '', '2012-11-10 17:12:35', '2012-11-10 17:12:35'),
(192, 'physique', 'donateur', 'Mme', 'Oceane\r', 'BLANCHET', '1977-08-22', 'Oceane\r.BLANCHET@caramail.com', '0100018700', '0600003302', '', 0, '', '', '6', '02330', 'COURBOIN', 'France', 0, 'never', 'courrier', 'not', '', '2012-11-10 17:12:35', '2012-11-10 17:12:35'),
(193, 'physique', 'prospect', 'Mme', 'Pola\r', 'PINEAU', '1978-05-11', 'Pola\r.PINEAU@live.fr', '0100028145', '0600028839', '', 0, '', '', '11', '05140', 'SAINT PIERRE D''ARGENCON', 'France', 0, 'never', 'courrier', 'not', '', '2012-11-10 17:12:35', '2012-11-10 17:12:35'),
(194, 'physique', 'donateur', 'M.', 'Dayann\r', 'LEJEUNE', '1984-11-19', 'Dayann\r.LEJEUNE@live.fr', '0100008450', '0600014202', '', 0, '', '', '11', '02240', 'BRISSY HAMEGICOURT', 'France', 0, 'never', 'courrier', 'not', '', '2012-11-10 17:12:35', '2012-11-10 17:12:35'),
(195, 'physique', 'donateur', 'M.', 'Armand\r', 'COURTOIS', '1986-04-18', 'Armand\r.COURTOIS@hotmail.com', '0100019113', '0600027626', '', 0, '', '', '14', '02300', 'CAILLOUEL CREPIGNY', 'France', 0, 'never', 'courrier', 'not', '', '2012-11-10 17:12:35', '2012-11-10 17:12:35'),
(196, 'physique', 'prospect', 'M.', 'Bakary\r', 'DENIS', '1995-06-08', 'Bakary\r.DENIS@gmail.com', '0100007374', '0600019173', '', 0, '', '', '7', '03160', 'SAINT LEOPARDIN D''AUGY', 'France', 0, 'never', 'courrier', 'not', '', '2012-11-10 17:12:35', '2012-11-10 17:12:35'),
(197, 'physique', 'prospect', 'M.', 'Matys\r', 'BARON', '1976-10-01', 'Matys\r.BARON@caramail.com', '0100027798', '0600009156', '', 0, '', '', '5', '04400', 'ENCHASTRAYES', 'France', 0, 'never', 'courrier', 'not', '', '2012-11-10 17:12:35', '2012-11-10 17:12:35'),
(198, 'physique', 'donateur', 'M.', 'Beno?t\r', 'LAMY', '1976-05-14', 'Beno?t\r.LAMY@live.fr', '0100011848', '0600006910', '', 0, '', '', '4', '02200', 'SEPTMONTS', 'France', 0, 'never', 'courrier', 'not', '', '2012-11-10 17:12:35', '2012-11-10 17:12:35'),
(199, 'physique', 'prospect', 'M.', 'Jo?o\r', 'LUCAS', '1986-05-04', 'Jo?o\r.LUCAS@caramail.com', '0100031776', '0600009172', '', 0, '', '', '6', '01570', 'FEILLENS', 'France', 0, 'never', 'courrier', 'not', '', '2012-11-10 17:12:35', '2012-11-10 17:12:35'),
(200, 'physique', 'prospect', 'M.', 'Leo\r', 'CHARRIER', '1984-06-22', 'Leo\r.CHARRIER@caramail.com', '0100003965', '0600004744', '', 0, '', '', '7', '03310', 'LAVAULT SAINTE ANNE', 'France', 0, 'never', 'courrier', 'not', '', '2012-11-10 17:12:35', '2012-11-10 17:12:35'),
(201, 'physique', 'donateur', 'Mme', 'Abigael\r', 'GUILLOU', '1987-12-13', 'Abigael\r.GUILLOU@gmail.com', '0100019143', '0600006324', '', 0, '', '', '9', '02590', 'FORESTE', 'France', 0, 'never', 'courrier', 'not', '', '2012-11-10 17:12:35', '2012-11-10 17:12:35'),
(202, 'physique', 'prospect', 'Mme', 'Chiara\r', 'SCHMITT', '1993-09-24', 'Chiara\r.SCHMITT@hotmail.com', '0100013744', '0600025774', '', 0, '', '', '3', '05140', 'SAINT PIERRE D''ARGENCON', 'France', 0, 'never', 'courrier', 'not', '', '2012-11-10 17:12:35', '2012-11-10 17:12:35'),
(203, 'physique', 'prospect', 'M.', 'Auxence\r', 'MASSON', '1995-01-14', 'Auxence\r.MASSON@caramail.com', '0100022086', '0600007981', '', 0, '', '', '10', '01630', 'SAINT GENIS POUILLY', 'France', 0, 'never', 'courrier', 'not', '', '2012-11-10 17:12:35', '2012-11-10 17:12:35'),
(204, 'physique', 'prospect', 'M.', 'Timmy\r', 'BOUSQUET', '1993-07-08', 'Timmy\r.BOUSQUET@live.fr', '0100014672', '0600025523', '', 0, '', '', '12', '01250', 'TOSSIAT', 'France', 0, 'never', 'courrier', 'not', '', '2012-11-10 17:12:35', '2012-11-10 17:12:35'),
(205, 'physique', 'prospect', 'M.', 'Alan\r', 'COULON', '1995-11-07', 'Alan\r.COULON@gmail.com', '0100014852', '0600031814', '', 0, '', '', '2', '04330', 'BARREME', 'France', 0, 'never', 'courrier', 'not', '', '2012-11-10 17:12:35', '2012-11-10 17:12:35'),
(206, 'physique', 'donateur', 'Mme', 'Olive\r', 'LEROY', '1987-07-11', 'Olive\r.LEROY@caramail.com', '0100001086', '0600010382', '', 0, '', '', '7', '05120', 'ARGENTIERE LA BESSEE (L'')', 'France', 0, 'never', 'courrier', 'not', '', '2012-11-10 17:12:35', '2012-11-10 17:12:35'),
(207, 'physique', 'donateur', 'M.', 'Brewen\r', 'LELONG', '1978-07-26', 'Brewen\r.LELONG@hotmail.com', '0100024121', '0600028779', '', 0, '', '', '5', '02320', 'VAUDESSON', 'France', 0, 'never', 'courrier', 'not', '', '2012-11-10 17:12:35', '2012-11-10 17:12:35'),
(208, 'physique', 'donateur', 'M.', 'Louca\r', 'JUNG', '1987-08-30', 'Louca\r.JUNG@hotmail.com', '0100013849', '0600023689', '', 0, '', '', '6', '02220', 'LIME', 'France', 0, 'never', 'courrier', 'not', '', '2012-11-10 17:12:35', '2012-11-10 17:12:35'),
(209, 'physique', 'prospect', 'M.', 'Theodore\r', 'GARCIA', '1979-05-06', 'Theodore\r.GARCIA@caramail.com', '0100001333', '0600025614', '', 0, '', '', '13', '01640', 'JUJURIEUX', 'France', 0, 'never', 'courrier', 'not', '', '2012-11-10 17:12:35', '2012-11-10 17:12:35'),
(210, 'physique', 'prospect', 'M.', 'Abdel\r', 'JOUBERT', '1992-08-21', 'Abdel\r.JOUBERT@gmail.com', '0100030325', '0600007459', '', 0, '', '', '10', '02210', 'MONTGRU SAINT HILAIRE', 'France', 0, 'never', 'courrier', 'not', '', '2012-11-10 17:12:35', '2012-11-10 17:12:35'),
(211, 'physique', 'donateur', 'M.', 'Timeo\r', 'MARECHAL', '1983-01-31', 'Timeo\r.MARECHAL@hotmail.com', '0100002723', '0600004706', '', 0, '', '', '10', '02300', 'BETHANCOURT EN VAUX', 'France', 0, 'never', 'courrier', 'not', '', '2012-11-10 17:12:35', '2012-11-10 17:12:35'),
(212, 'physique', 'prospect', 'Mme', 'Samantha\r', 'MOREL', '1989-05-29', 'Samantha\r.MOREL@live.fr', '0100028447', '0600027582', '', 0, '', '', '13', '02140', 'LUGNY', 'France', 0, 'never', 'courrier', 'not', '', '2012-11-10 17:12:35', '2012-11-10 17:12:35'),
(213, 'physique', 'prospect', 'M.', 'Dominique\r', 'BOCQUET', '1988-12-16', 'Dominique\r.BOCQUET@gmail.com', '0100003522', '0600010024', '', 0, '', '', '6', '03190', 'VERNEIX', 'France', 0, 'never', 'courrier', 'not', '', '2012-11-10 17:12:35', '2012-11-10 17:12:35'),
(214, 'physique', 'prospect', 'M.', 'Alexander\r', 'MANGIN', '1979-03-30', 'Alexander\r.MANGIN@gmail.com', '0100029917', '0600013798', '', 0, '', '', '13', '02800', 'MAYOT', 'France', 0, 'never', 'courrier', 'not', '', '2012-11-10 17:12:35', '2012-11-10 17:12:35'),
(215, 'physique', 'donateur', 'Mme', 'Nisa\r', 'VALLEE', '1991-01-15', 'Nisa\r.VALLEE@live.fr', '0100009965', '0600003750', '', 0, '', '', '11', '05500', 'LAYE', 'France', 0, 'never', 'courrier', 'not', '', '2012-11-10 17:12:35', '2012-11-10 17:12:35'),
(216, 'physique', 'prospect', 'M.', 'Luka\r', 'MOULIN', '1985-01-04', 'Luka\r.MOULIN@live.fr', '0100002891', '0600004140', '', 0, '', '', '13', '02480', 'DURY', 'France', 0, 'never', 'courrier', 'not', '', '2012-11-10 17:12:35', '2012-11-10 17:12:35'),
(217, 'physique', 'prospect', 'M.', 'Maceo\r', 'HERNANDEZ', '1990-10-01', 'Maceo\r.HERNANDEZ@hotmail.com', '0100000483', '0600002876', '', 0, '', '', '12', '02160', 'OULCHES LA VALLEE FOULON', 'France', 0, 'never', 'courrier', 'not', '', '2012-11-10 17:12:35', '2012-11-10 17:12:35'),
(218, 'physique', 'prospect', 'Mme', 'Sheryne\r', 'SAUVAGE', '1993-10-13', 'Sheryne\r.SAUVAGE@gmail.com', '0100000199', '0600003317', '', 0, '', '', '7', '02880', 'VUILLERY', 'France', 0, 'never', 'courrier', 'not', '', '2012-11-10 17:12:35', '2012-11-10 17:12:35'),
(219, 'physique', 'donateur', 'M.', 'Boubacar\r', 'GRONDIN', '1988-09-27', 'Boubacar\r.GRONDIN@live.fr', '0100004530', '0600004661', '', 0, '', '', '13', '04100', 'MANOSQUE', 'France', 0, 'never', 'courrier', 'not', '', '2012-11-10 17:12:35', '2012-11-10 17:12:35'),
(220, 'physique', 'donateur', 'Mme', 'Bryanna\r', 'SERRE', '1975-06-12', 'Bryanna\r.SERRE@live.fr', '0100027014', '0600031141', '', 0, '', '', '10', '02450', 'BERGUES SUR SAMBRE', 'France', 0, 'never', 'courrier', 'not', '', '2012-11-10 17:12:35', '2012-11-10 17:12:35'),
(221, 'physique', 'prospect', 'M.', 'Antony\r', 'RENAULT', '1986-05-05', 'Antony\r.RENAULT@gmail.com', '0100024628', '0600002500', '', 0, '', '', '14', '02130', 'SERGY', 'France', 0, 'never', 'courrier', 'not', '', '2012-11-10 17:12:35', '2012-11-10 17:12:35'),
(222, 'physique', 'prospect', 'M.', 'Anas\r', 'ROCHE', '1981-08-11', 'Anas\r.ROCHE@hotmail.com', '0100021838', '0600004107', '', 0, '', '', '4', '02860', 'CHAMOUILLE', 'France', 0, 'never', 'courrier', 'not', '', '2012-11-10 17:12:35', '2012-11-10 17:12:35'),
(223, 'physique', 'donateur', 'M.', 'Anthony\r', 'LASSERRE', '1976-01-15', 'Anthony\r.LASSERRE@live.fr', '0100002678', '0600021589', '', 0, '', '', '4', '06420', 'ISOLA', 'France', 0, 'never', 'courrier', 'not', '', '2012-11-10 17:12:35', '2012-11-10 17:12:35'),
(224, 'physique', 'prospect', 'M.', 'Lou\r', 'DUVAL', '1983-08-21', 'Lou\r.DUVAL@hotmail.com', '0100018785', '0600007943', '', 0, '', '', '10', '02650', 'CREZANCY', 'France', 0, 'never', 'courrier', 'not', '', '2012-11-10 17:12:35', '2012-11-10 17:12:35'),
(225, 'physique', 'prospect', 'M.', 'Deyan\r', 'MARTEL', '1979-08-11', 'Deyan\r.MARTEL@hotmail.com', '0100007308', '0600012685', '', 0, '', '', '2', '02110', 'PREMONT', 'France', 0, 'never', 'courrier', 'not', '', '2012-11-10 17:12:35', '2012-11-10 17:12:35'),
(226, 'physique', 'prospect', 'M.', 'Boris\r', 'BAUER', '1980-06-07', 'Boris\r.BAUER@caramail.com', '0100024737', '0600009394', '', 0, '', '', '3', '02500', 'EPARCY', 'France', 0, 'never', 'courrier', 'not', '', '2012-11-10 17:12:35', '2012-11-10 17:12:35'),
(227, 'physique', 'donateur', 'Mme', 'Naila\r', 'DUBREUIL', '1980-08-25', 'Naila\r.DUBREUIL@caramail.com', '0100000663', '0600029626', '', 0, '', '', '10', '02300', 'CAUMONT', 'France', 0, 'never', 'courrier', 'not', '', '2012-11-10 17:12:35', '2012-11-10 17:12:35'),
(228, 'physique', 'donateur', 'M.', 'Tomy\r', 'BRAULT', '1986-12-14', 'Tomy\r.BRAULT@gmail.com', '0100001527', '0600007572', '', 0, '', '', '4', '04220', 'SAINTE TULLE', 'France', 0, 'never', 'courrier', 'not', '', '2012-11-10 17:12:35', '2012-11-10 17:12:35'),
(229, 'physique', 'donateur', 'Mme', 'Ornella\r', 'FERREIRA', '1994-05-28', 'Ornella\r.FERREIRA@live.fr', '0100031246', '0600026748', '', 0, '', '', '11', '02110', 'BECQUIGNY', 'France', 0, 'never', 'courrier', 'not', '', '2012-11-10 17:12:35', '2012-11-10 17:12:35'),
(230, 'physique', 'donateur', 'M.', 'Josue\r', 'PEREIRA', '1992-08-11', 'Josue\r.PEREIRA@caramail.com', '0100006527', '0600014262', '', 0, '', '', '6', '01320', 'SAINT NIZIER LE DESERT', 'France', 0, 'never', 'courrier', 'not', '', '2012-11-10 17:12:35', '2012-11-10 17:12:35'),
(231, 'physique', 'prospect', 'M.', 'Maxime\r', 'ANTOINE', '1981-05-30', 'Maxime\r.ANTOINE@gmail.com', '0100009603', '0600011755', '', 0, '', '', '7', '04310', 'PEYRUIS', 'France', 0, 'never', 'courrier', 'not', '', '2012-11-10 17:12:35', '2012-11-10 17:12:35'),
(232, 'physique', 'prospect', 'Mme', 'Alienor\r', 'GUILLOT', '1988-01-18', 'Alienor\r.GUILLOT@live.fr', '0100001806', '0600030083', '', 0, '', '', '13', '02210', 'HARTENNES ET TAUX', 'France', 0, 'never', 'courrier', 'not', '', '2012-11-10 17:12:35', '2012-11-10 17:12:35'),
(233, 'physique', 'prospect', 'M.', 'Dilan\r', 'HOARAU', '1988-07-19', 'Dilan\r.HOARAU@live.fr', '0100028287', '0600004498', '', 0, '', '', '4', '02820', 'SAINT THOMAS', 'France', 0, 'never', 'courrier', 'not', '', '2012-11-10 17:12:35', '2012-11-10 17:12:35'),
(234, 'physique', 'donateur', 'M.', 'Moussa\r', 'HUMBERT', '1994-07-28', 'Moussa\r.HUMBERT@live.fr', '0100029954', '0600027612', '', 0, '', '', '14', '02690', 'ESSIGNY LE GRAND', 'France', 0, 'never', 'courrier', 'not', '', '2012-11-10 17:12:35', '2012-11-10 17:12:35'),
(235, 'physique', 'prospect', 'M.', 'Lenzo\r', 'GUILLON', '1979-07-05', 'Lenzo\r.GUILLON@caramail.com', '0100003115', '0600005350', '', 0, '', '', '10', '02470', 'PASSY EN VALOIS', 'France', 0, 'never', 'courrier', 'not', '', '2012-11-10 17:12:35', '2012-11-10 17:12:35'),
(236, 'physique', 'donateur', 'Mme', 'Noemie\r', 'DENIS', '1989-08-16', 'Noemie\r.DENIS@gmail.com', '0100019587', '0600030674', '', 0, '', '', '3', '04340', 'SAINT VINCENT LES FORTS', 'France', 0, 'never', 'courrier', 'not', '', '2012-11-10 17:12:35', '2012-11-10 17:12:35'),
(237, 'physique', 'prospect', 'M.', 'Amir\r', 'DELATTRE', '1990-10-15', 'Amir\r.DELATTRE@live.fr', '0100008922', '0600023345', '', 0, '', '', '10', '06240', 'BEAUSOLEIL', 'France', 0, 'never', 'courrier', 'not', '', '2012-11-10 17:12:35', '2012-11-10 17:12:35'),
(238, 'physique', 'donateur', 'M.', 'Abdoulaye\r', 'LEFORT', '1978-04-11', 'Abdoulaye\r.LEFORT@hotmail.com', '0100000160', '0600023508', '', 0, '', '', '10', '01340', 'MALAFRETAZ', 'France', 0, 'never', 'courrier', 'not', '', '2012-11-10 17:12:35', '2012-11-10 17:12:35'),
(239, 'physique', 'prospect', 'M.', 'Mathias\r', 'POULAIN', '1988-04-04', 'Mathias\r.POULAIN@live.fr', '0100020407', '0600009986', '', 0, '', '', '5', '03130', 'MONTAIGUET EN FOREZ', 'France', 0, 'never', 'courrier', 'not', '', '2012-11-10 17:12:35', '2012-11-10 17:12:35'),
(240, 'physique', 'donateur', 'M.', 'Mael\r', 'BAILLY', '1978-09-25', 'Mael\r.BAILLY@gmail.com', '0100014311', '0600031070', '', 0, '', '', '11', '03330', 'VALIGNAT', 'France', 0, 'never', 'courrier', 'not', '', '2012-11-10 17:12:35', '2012-11-10 17:12:35'),
(241, 'physique', 'donateur', 'M.', 'Tayron\r', 'LAMBERT', '1976-10-22', 'Tayron\r.LAMBERT@hotmail.com', '0100025890', '0600014751', '', 0, '', '', '11', '01140', 'VALEINS', 'France', 0, 'never', 'courrier', 'not', '', '2012-11-10 17:12:35', '2012-11-10 17:12:35'),
(242, 'physique', 'prospect', 'M.', 'Leo\r', 'COULON', '1980-02-07', 'Leo\r.COULON@hotmail.com', '0100025710', '0600009067', '', 0, '', '', '13', '02290', 'VASSENS', 'France', 0, 'never', 'courrier', 'not', '', '2012-11-10 17:12:35', '2012-11-10 17:12:35'),
(243, 'physique', 'prospect', 'M.', 'Leopold\r', 'LECONTE', '1991-02-24', 'Leopold\r.LECONTE@live.fr', '0100028539', '0600027924', '', 0, '', '', '8', '01550', 'COLLONGES', 'France', 0, 'never', 'courrier', 'not', '', '2012-11-10 17:12:35', '2012-11-10 17:12:35'),
(244, 'physique', 'donateur', 'Mme', 'Naia\r', 'BEGUE', '1984-08-07', 'Naia\r.BEGUE@hotmail.com', '0100030821', '0600007988', '', 0, '', '', '12', '02360', 'DOHIS', 'France', 0, 'never', 'courrier', 'not', '', '2012-11-10 17:12:35', '2012-11-10 17:12:35'),
(245, 'physique', 'prospect', 'Mme', 'Bryanna\r', 'HOARAU', '1995-05-02', 'Bryanna\r.HOARAU@gmail.com', '0100008054', '0600020938', '', 0, '', '', '3', '03410', 'TEILLET ARGENTY', 'France', 0, 'never', 'courrier', 'not', '', '2012-11-10 17:12:35', '2012-11-10 17:12:35'),
(246, 'physique', 'prospect', 'Mme', 'Ava\r', 'DUPUIS', '1985-08-08', 'Ava\r.DUPUIS@live.fr', '0100020903', '0600009220', '', 0, '', '', '9', '05300', 'BARRET LE BAS', 'France', 0, 'never', 'courrier', 'not', '', '2012-11-10 17:12:35', '2012-11-10 17:12:35'),
(247, 'physique', 'donateur', 'M.', 'Byron\r', 'GERVAIS', '1989-03-09', 'Byron\r.GERVAIS@hotmail.com', '0100015913', '0600000724', '', 0, '', '', '6', '02320', 'SUZY', 'France', 0, 'never', 'courrier', 'not', '', '2012-11-10 17:12:35', '2012-11-10 17:12:35'),
(248, 'physique', 'donateur', 'M.', 'Jo?o\r', 'MICHEL', '1986-12-13', 'Jo?o\r.MICHEL@live.fr', '0100015591', '0600022569', '', 0, '', '', '9', '05110', 'MONETIER ALLEMONT', 'France', 0, 'never', 'courrier', 'not', '', '2012-11-10 17:12:35', '2012-11-10 17:12:35'),
(249, 'physique', 'prospect', 'M.', 'Danyel\r', 'OLIVIER', '1977-08-01', 'Danyel\r.OLIVIER@live.fr', '0100010346', '0600022606', '', 0, '', '', '8', '01460', 'NURIEUX VOLOGNAT', 'France', 0, 'never', 'courrier', 'not', '', '2012-11-10 17:12:35', '2012-11-10 17:12:35'),
(250, 'physique', 'donateur', 'M.', 'Johann\r', 'MOUNIER', '1979-04-13', 'Johann\r.MOUNIER@caramail.com', '0100008556', '0600014409', '', 0, '', '', '9', '04170', 'MORIEZ', 'France', 0, 'never', 'courrier', 'not', '', '2012-11-10 17:12:35', '2012-11-10 17:12:35'),
(251, 'physique', 'prospect', 'M.', 'Max\r', 'REY', '1979-06-07', 'Max\r.REY@live.fr', '0100019015', '0600011649', '', 0, '', '', '14', '02600', 'VILLERS COTTERETS', 'France', 0, 'never', 'courrier', 'not', '', '2012-11-10 17:12:35', '2012-11-10 17:12:35'),
(252, 'physique', 'donateur', 'M.', 'Aurele\r', 'LE GALL', '1986-10-20', 'Aurele\r.LE GALL@gmail.com', '0100004216', '0600022439', '', 0, '', '', '6', '06510', 'CONSEGUDES', 'France', 0, 'never', 'courrier', 'not', '', '2012-11-10 17:12:35', '2012-11-10 17:12:35'),
(253, 'physique', 'donateur', 'M.', 'Anes\r', 'DUCLOS', '1978-04-16', 'Anes\r.DUCLOS@live.fr', '0100000148', '0600010420', '', 0, '', '', '6', '02600', 'COYOLLES', 'France', 0, 'never', 'courrier', 'not', '', '2012-11-10 17:12:35', '2012-11-10 17:12:35');
INSERT INTO `contacts` (`CON_ID`, `CON_TYPE`, `CON_TYPEC`, `CON_CIVILITE`, `CON_FIRSTNAME`, `CON_LASTNAME`, `CON_DATE`, `CON_EMAIL`, `CON_TELFIXE`, `CON_TELPORT`, `CON_COMPL`, `CON_VOIE_NUM`, `CON_VOIE_TYPE`, `CON_VOIE_NOM`, `CON_BP`, `CON_CP`, `CON_CITY`, `CON_COUNTRY`, `CON_NPAI`, `CON_RF_TYPE`, `CON_RF_ENVOI`, `CON_SOLICITATION`, `CON_COMMENTAIRE`, `CON_DATEADDED`, `CON_DATEMODIF`) VALUES
(254, 'physique', 'prospect', 'M.', 'Alexi\r', 'DEVAX', '1986-04-12', 'Alexi\r.DEVAX@hotmail.com', '0100010188', '0600019229', '', 0, '', '', '5', '03140', 'ETROUSSAT', 'France', 0, 'never', 'courrier', 'not', '', '2012-11-10 17:12:35', '2012-11-10 17:12:35'),
(255, 'physique', 'donateur', 'Mme', 'Charlie\r', 'GERMAIN', '1985-05-31', 'Charlie\r.GERMAIN@caramail.com', '0100030178', '0600025795', '', 0, '', '', '14', '02590', 'ETREILLERS', 'France', 0, 'never', 'courrier', 'not', '', '2012-11-10 17:12:35', '2012-11-10 17:12:35'),
(256, 'physique', 'donateur', 'M.', 'Jules\r', 'BARBIER', '1988-10-14', 'Jules\r.BARBIER@live.fr', '0100001259', '0600009674', '', 0, '', '', '11', '03270', 'MARIOL', 'France', 0, 'never', 'courrier', 'not', '', '2012-11-10 17:12:35', '2012-11-10 17:12:35'),
(257, 'physique', 'prospect', 'Mme', 'Brihanna\r', 'MERLE', '1978-12-10', 'Brihanna\r.MERLE@gmail.com', '0100020836', '0600006396', '', 0, '', '', '7', '04420', 'PRADS HAUTE BLEONE', 'France', 0, 'never', 'courrier', 'not', '', '2012-11-10 17:12:35', '2012-11-10 17:12:35'),
(258, 'physique', 'donateur', 'Mme', 'Noelly\r', 'IMBERT', '1995-02-17', 'Noelly\r.IMBERT@live.fr', '0100032519', '0600001492', '', 0, '', '', '7', '02700', 'CONDREN', 'France', 0, 'never', 'courrier', 'not', '', '2012-11-10 17:12:35', '2012-11-10 17:12:35'),
(259, 'physique', 'prospect', 'Mme', 'Charlize\r', 'FISCHER', '1975-04-29', 'Charlize\r.FISCHER@gmail.com', '0100012675', '0600029137', '', 0, '', '', '6', '01506', 'SAINT DENIS EN BUGEY', 'France', 0, 'never', 'courrier', 'not', '', '2012-11-10 17:12:35', '2012-11-10 17:12:35'),
(260, 'physique', 'prospect', 'M.', 'Damian\r', 'HUMBERT', '1976-02-09', 'Damian\r.HUMBERT@caramail.com', '0100004029', '0600006315', '', 0, '', '', '3', '01470', 'BENONCES', 'France', 0, 'never', 'courrier', 'not', '', '2012-11-10 17:12:35', '2012-11-10 17:12:35'),
(261, 'physique', 'donateur', 'M.', 'Loan\r', 'BOUVIER', '1986-02-13', 'Loan\r.BOUVIER@gmail.com', '0100016696', '0600019804', '', 0, '', '', '12', '05500', 'NOYER (LE)', 'France', 0, 'never', 'courrier', 'not', '', '2012-11-10 17:12:35', '2012-11-10 17:12:35'),
(262, 'physique', 'prospect', 'Mme', 'Adele\r', 'MIGNOT', '1979-05-20', 'Adele\r.MIGNOT@live.fr', '0100020238', '0600002470', '', 0, '', '', '13', '03210', 'AGONGES', 'France', 0, 'never', 'courrier', 'not', '', '2012-11-10 17:12:35', '2012-11-10 17:12:35'),
(263, 'physique', 'donateur', 'M.', 'Dany\r', 'PETIT', '1983-11-23', 'Dany\r.PETIT@caramail.com', '0100003682', '0600002258', '', 0, '', '', '12', '02190', 'BERTRICOURT', 'France', 0, 'never', 'courrier', 'not', '', '2012-11-10 17:12:35', '2012-11-10 17:12:35'),
(264, 'physique', 'prospect', 'M.', 'Anass\r', 'BOURGEOIS', '1994-03-26', 'Anass\r.BOURGEOIS@hotmail.com', '0100015670', '0600019195', '', 0, '', '', '6', '02220', 'CHERY CHARTREUVE', 'France', 0, 'never', 'courrier', 'not', '', '2012-11-10 17:12:35', '2012-11-10 17:12:35'),
(265, 'physique', 'donateur', 'Mme', 'Oihana\r', 'JACOB', '1993-02-09', 'Oihana\r.JACOB@caramail.com', '0100028847', '0600004169', '', 0, '', '', '13', '02170', 'NOUVION EN THIERACHE (LE)', 'France', 0, 'never', 'courrier', 'not', '', '2012-11-10 17:12:35', '2012-11-10 17:12:35'),
(266, 'physique', 'prospect', 'Mme', 'Bathilde\r', 'LALLEMAND', '1981-07-23', 'Bathilde\r.LALLEMAND@caramail.com', '0100021837', '0600026720', '', 0, '', '', '4', '02820', 'AIZELLES', 'France', 0, 'never', 'courrier', 'not', '', '2012-11-10 17:12:35', '2012-11-10 17:12:35'),
(267, 'physique', 'donateur', 'Mme', 'Princesse\r', 'CARLIER', '1984-01-28', 'Princesse\r.CARLIER@gmail.com', '0100007129', '0600000136', '', 0, '', '', '5', '02220', 'LESGES', 'France', 0, 'never', 'courrier', 'not', '', '2012-11-10 17:12:35', '2012-11-10 17:12:35'),
(268, 'physique', 'prospect', 'Mme', 'Athenais\r', 'GILLET', '1975-04-22', 'Athenais\r.GILLET@live.fr', '0100007638', '0600025554', '', 0, '', '', '8', '02600', 'LARGNY SUR AUTOMNE', 'France', 0, 'never', 'courrier', 'not', '', '2012-11-10 17:12:35', '2012-11-10 17:12:35'),
(269, 'physique', 'prospect', 'M.', 'Darren\r', 'GAUTHIER', '1981-11-03', 'Darren\r.GAUTHIER@live.fr', '0100013629', '0600029367', '', 0, '', '', '10', '01200', 'INJOUX GENISSIAT', 'France', 0, 'never', 'courrier', 'not', '', '2012-11-10 17:12:35', '2012-11-10 17:12:35'),
(270, 'physique', 'donateur', 'M.', 'Timothe\r', 'BOULET', '1995-09-23', 'Timothe\r.BOULET@hotmail.com', '0100012460', '0600020571', '', 0, '', '', '13', '02500', 'EPARCY', 'France', 0, 'never', 'courrier', 'not', '', '2012-11-10 17:12:35', '2012-11-10 17:12:35'),
(271, 'physique', 'donateur', 'M.', 'Tanguy\r', 'GRONDIN', '1987-09-08', 'Tanguy\r.GRONDIN@gmail.com', '0100017435', '0600003114', '', 0, '', '', '6', '01510', 'BURBANCHE (LA)', 'France', 0, 'never', 'courrier', 'not', '', '2012-11-10 17:12:35', '2012-11-10 17:12:35'),
(272, 'physique', 'donateur', 'Mme', 'Abigael\r', 'MEYER', '1985-01-20', 'Abigael\r.MEYER@gmail.com', '0100004590', '0600017353', '', 0, '', '', '13', '02120', 'LANDIFAY ET BERTAIGNEMONT', 'France', 0, 'never', 'courrier', 'not', '', '2012-11-10 17:12:35', '2012-11-10 17:12:35'),
(273, 'physique', 'donateur', 'M.', 'Maximilien\r', 'PERRIER', '1982-08-14', 'Maximilien\r.PERRIER@hotmail.com', '0100025855', '0600014492', '', 0, '', '', '10', '03170', 'SAINT ANGEL', 'France', 0, 'never', 'courrier', 'not', '', '2012-11-10 17:12:35', '2012-11-10 17:12:35'),
(274, 'physique', 'prospect', 'M.', 'Djilian\r', 'LELONG', '1985-10-21', 'Djilian\r.LELONG@hotmail.com', '0100013779', '0600008114', '', 0, '', '', '8', '02290', 'BIEUXY', 'France', 0, 'never', 'courrier', 'not', '', '2012-11-10 17:12:35', '2012-11-10 17:12:35'),
(275, 'physique', 'prospect', 'Mme', 'Abigaelle\r', 'LALLEMAND', '1988-08-05', 'Abigaelle\r.LALLEMAND@hotmail.com', '0100007205', '0600007057', '', 0, '', '', '2', '01250', 'CORVEISSIAT', 'France', 0, 'never', 'courrier', 'not', '', '2012-11-10 17:12:35', '2012-11-10 17:12:35'),
(276, 'physique', 'prospect', 'Mme', 'Priscilla\r', 'LALLEMAND', '1990-04-05', 'Priscilla\r.LALLEMAND@caramail.com', '0100022413', '0600027461', '', 0, '', '', '10', '04190', 'MEES (LES)', 'France', 0, 'never', 'courrier', 'not', '', '2012-11-10 17:12:35', '2012-11-10 17:12:35'),
(277, 'physique', 'donateur', 'M.', 'Leandro\r', 'LEDOUX', '1982-01-08', 'Leandro\r.LEDOUX@gmail.com', '0100018384', '0600021946', '', 0, '', '', '2', '02410', 'SEPTVAUX', 'France', 0, 'never', 'courrier', 'not', '', '2012-11-10 17:12:35', '2012-11-10 17:12:35'),
(278, 'physique', 'prospect', 'M.', 'Barthelemy\r', 'BILLARD', '1991-07-09', 'Barthelemy\r.BILLARD@hotmail.com', '0100020397', '0600021167', '', 0, '', '', '13', '02260', 'SOMMERON', 'France', 0, 'never', 'courrier', 'not', '', '2012-11-10 17:12:35', '2012-11-10 17:12:35'),
(279, 'physique', 'prospect', 'M.', 'Andy\r', 'LECLERC', '1990-10-20', 'Andy\r.LECLERC@live.fr', '0100023284', '0600017814', '', 0, '', '', '2', '02440', 'HINACOURT', 'France', 0, 'never', 'courrier', 'not', '', '2012-11-10 17:12:35', '2012-11-10 17:12:35'),
(280, 'physique', 'donateur', 'Mme', 'Ozge\r', 'LOPEZ', '1995-06-12', 'Ozge\r.LOPEZ@live.fr', '0100032414', '0600011798', '', 0, '', '', '9', '02300', 'ABBECOURT', 'France', 0, 'never', 'courrier', 'not', '', '2012-11-10 17:12:35', '2012-11-10 17:12:35'),
(281, 'physique', 'prospect', 'Mme', 'Oumeyma\r', 'GERMAIN', '1990-03-30', 'Oumeyma\r.GERMAIN@caramail.com', '0100000412', '0600032413', '', 0, '', '', '9', '02160', 'PERLES', 'France', 0, 'never', 'courrier', 'not', '', '2012-11-10 17:12:35', '2012-11-10 17:12:35'),
(282, 'physique', 'prospect', 'Mme', 'Noha\r', 'MARC', '1977-05-27', 'Noha\r.MARC@hotmail.com', '0100012335', '0600000389', '', 0, '', '', '2', '02110', 'BECQUIGNY', 'France', 0, 'never', 'courrier', 'not', '', '2012-11-10 17:12:35', '2012-11-10 17:12:35'),
(283, 'physique', 'donateur', 'M.', 'Daniel\r', 'LEVEQUE', '1985-01-05', 'Daniel\r.LEVEQUE@hotmail.com', '0100027639', '0600024762', '', 0, '', '', '11', '01700', 'MIRIBEL', 'France', 0, 'never', 'courrier', 'not', '', '2012-11-10 17:12:35', '2012-11-10 17:12:35'),
(284, 'physique', 'prospect', 'Mme', 'Charlyne\r', 'JOLY', '1982-05-02', 'Charlyne\r.JOLY@hotmail.com', '0100010062', '0600002112', '', 0, '', '', '10', '03130', 'LODDES', 'France', 0, 'never', 'courrier', 'not', '', '2012-11-10 17:12:35', '2012-11-10 17:12:35'),
(285, 'physique', 'prospect', 'Mme', 'Charlyne\r', 'BARBE', '1986-12-07', 'Charlyne\r.BARBE@live.fr', '0100002548', '0600004578', '', 0, '', '', '10', '05100', 'PUY SAINT ANDRE', 'France', 0, 'never', 'courrier', 'not', '', '2012-11-10 17:12:35', '2012-11-10 17:12:35'),
(286, 'physique', 'donateur', 'M.', 'Marco\r', 'GEORGES', '1992-04-30', 'Marco\r.GEORGES@live.fr', '0100021849', '0600024900', '', 0, '', '', '5', '02390', 'THENELLES', 'France', 0, 'never', 'courrier', 'not', '', '2012-11-10 17:12:35', '2012-11-10 17:12:35'),
(287, 'physique', 'prospect', 'M.', 'Ariel\r', 'MULLER', '1977-12-17', 'Ariel\r.MULLER@live.fr', '0100020679', '0600011783', '', 0, '', '', '3', '02320', 'ANIZY LE CHATEAU', 'France', 0, 'never', 'courrier', 'not', '', '2012-11-10 17:12:35', '2012-11-10 17:12:35'),
(288, 'physique', 'prospect', 'M.', 'Aidan\r', 'GUERIN', '1977-07-13', 'Aidan\r.GUERIN@hotmail.com', '0100011954', '0600010263', '', 0, '', '', '5', '02160', 'MOULINS', 'France', 0, 'never', 'courrier', 'not', '', '2012-11-10 17:12:35', '2012-11-10 17:12:35'),
(289, 'physique', 'donateur', 'Mme', 'Penelope\r', 'ALLARD', '1993-03-18', 'Penelope\r.ALLARD@gmail.com', '0100001249', '0600023994', '', 0, '', '', '11', '04370', 'VILLARS COLMARS', 'France', 0, 'never', 'courrier', 'not', '', '2012-11-10 17:12:35', '2012-11-10 17:12:35'),
(290, 'physique', 'prospect', 'Mme', 'Clarisse\r', 'GERVAIS', '1990-03-06', 'Clarisse\r.GERVAIS@gmail.com', '0100009852', '0600031753', '', 0, '', '', '13', '03500', 'CESSET', 'France', 0, 'never', 'courrier', 'not', '', '2012-11-10 17:12:35', '2012-11-10 17:12:35'),
(291, 'physique', 'donateur', 'M.', 'Aymerick\r', 'RIVIERE', '1988-02-28', 'Aymerick\r.RIVIERE@gmail.com', '0100017941', '0600014902', '', 0, '', '', '14', '01320', 'SAINT NIZIER LE DESERT', 'France', 0, 'never', 'courrier', 'not', '', '2012-11-10 17:12:35', '2012-11-10 17:12:35'),
(292, 'physique', 'donateur', 'Mme', 'Noelly\r', 'BRUNET', '1993-02-08', 'Noelly\r.BRUNET@caramail.com', '0100011688', '0600000401', '', 0, '', '', '5', '02110', 'GROUGIS', 'France', 0, 'never', 'courrier', 'not', '', '2012-11-10 17:12:35', '2012-11-10 17:12:35'),
(293, 'physique', 'donateur', 'Mme', 'Pearl\r', 'LACROIX', '1986-02-14', 'Pearl\r.LACROIX@caramail.com', '0100004348', '0600001454', '', 0, '', '', '6', '02870', 'VIVAISE', 'France', 0, 'never', 'courrier', 'not', '', '2012-11-10 17:12:35', '2012-11-10 17:12:35'),
(294, 'physique', 'donateur', 'M.', 'Badreddine\r', 'ROLLAND', '1992-04-04', 'Badreddine\r.ROLLAND@hotmail.com', '0100011709', '0600005237', '', 0, '', '', '8', '05300', 'CHATEAUNEUF DE CHABRE', 'France', 0, 'never', 'courrier', 'not', '', '2012-11-10 17:12:35', '2012-11-10 17:12:35'),
(295, 'physique', 'prospect', 'Mme', 'Orlane\r', 'HEBERT', '1995-06-09', 'Orlane\r.HEBERT@caramail.com', '0100024547', '0600022801', '', 0, '', '', '2', '05160', 'SAINT APOLLINAIRE', 'France', 0, 'never', 'courrier', 'not', '', '2012-11-10 17:12:35', '2012-11-10 17:12:35'),
(296, 'physique', 'prospect', 'M.', 'Belkacem\r', 'BOUCHARD', '1992-07-08', 'Belkacem\r.BOUCHARD@hotmail.com', '0100028157', '0600032471', '', 0, '', '', '3', '02130', 'VILLENEUVE SUR FERE', 'France', 0, 'never', 'courrier', 'not', '', '2012-11-10 17:12:35', '2012-11-10 17:12:35'),
(297, 'physique', 'prospect', 'M.', 'Mael\r', 'BRETON', '1979-10-29', 'Mael\r.BRETON@caramail.com', '0100024254', '0600003235', '', 0, '', '', '13', '04150', 'BANON', 'France', 0, 'never', 'courrier', 'not', '', '2012-11-10 17:12:35', '2012-11-10 17:12:35'),
(298, 'physique', 'prospect', 'M.', 'Jibril\r', 'ROY', '1988-11-08', 'Jibril\r.ROY@caramail.com', '0100012761', '0600026720', '', 0, '', '', '4', '01630', 'PERON', 'France', 0, 'never', 'courrier', 'not', '', '2012-11-10 17:12:35', '2012-11-10 17:12:35'),
(299, 'physique', 'donateur', 'Mme', 'Andrea\r', 'GIRARD', '1995-04-11', 'Andrea\r.GIRARD@caramail.com', '0100004342', '0600024346', '', 0, '', '', '10', '04150', 'HOSPITALET (L'')', 'France', 0, 'never', 'courrier', 'not', '', '2012-11-10 17:12:35', '2012-11-10 17:12:35'),
(300, 'physique', 'donateur', 'Mme', 'Blanche\r', 'LOMBARD', '1983-04-30', 'Blanche\r.LOMBARD@live.fr', '0100014800', '0600008732', '', 0, '', '', '13', '01450', 'PONCIN', 'France', 0, 'never', 'courrier', 'not', '', '2012-11-10 17:12:35', '2012-11-10 17:12:35'),
(301, 'physique', 'prospect', 'M.', 'Brayton\r', 'DAVID', '1990-04-06', 'Brayton\r.DAVID@caramail.com', '0100009492', '0600018208', '', 0, '', '', '12', '02490', 'VERGUIER (LE)', 'France', 0, 'never', 'courrier', 'not', '', '2012-11-10 17:12:35', '2012-11-10 17:12:35'),
(302, 'physique', 'prospect', 'Mme', 'Precious\r', 'COULON', '1981-09-03', 'Precious\r.COULON@live.fr', '0100013355', '0600018125', '', 0, '', '', '2', '03310', 'VILLEBRET', 'France', 0, 'never', 'courrier', 'not', '', '2012-11-10 17:12:35', '2012-11-10 17:12:35'),
(303, 'physique', 'prospect', 'Mme', 'Noellie\r', 'LEBON', '1975-05-23', 'Noellie\r.LEBON@hotmail.com', '0100020875', '0600032108', '', 0, '', '', '6', '04370', 'COLMARS', 'France', 0, 'never', 'courrier', 'not', '', '2012-11-10 17:12:35', '2012-11-10 17:12:35'),
(304, 'physique', 'prospect', 'M.', 'Arno\r', 'SIMON', '1980-10-24', 'Arno\r.SIMON@gmail.com', '0100010550', '0600011442', '', 0, '', '', '8', '03500', 'PARAY SOUS BRIAILLES', 'France', 0, 'never', 'courrier', 'not', '', '2012-11-10 17:12:35', '2012-11-10 17:12:35'),
(305, 'physique', 'donateur', 'M.', 'Thibaut\r', 'DUPONT', '1981-09-24', 'Thibaut\r.DUPONT@caramail.com', '0100018230', '0600014798', '', 0, '', '', '4', '05110', 'LARDIER ET VALENCA', 'France', 0, 'never', 'courrier', 'not', '', '2012-11-10 17:12:35', '2012-11-10 17:12:35'),
(306, 'physique', 'prospect', 'M.', 'Thibault\r', 'GUICHARD', '1977-06-13', 'Thibault\r.GUICHARD@hotmail.com', '0100005867', '0600011551', '', 0, '', '', '12', '02600', 'ANCIENVILLE', 'France', 0, 'never', 'courrier', 'not', '', '2012-11-10 17:12:35', '2012-11-10 17:12:35'),
(307, 'physique', 'donateur', 'Mme', 'Pelin\r', 'MOUNIER', '1990-11-24', 'Pelin\r.MOUNIER@hotmail.com', '0100022857', '0600025568', '', 0, '', '', '6', '04530', 'CONDAMINE CHATELARD (LA)', 'France', 0, 'never', 'courrier', 'not', '', '2012-11-10 17:12:35', '2012-11-10 17:12:35'),
(308, 'physique', 'donateur', 'Mme', 'Cherine\r', 'KLEIN', '1991-06-27', 'Cherine\r.KLEIN@caramail.com', '0100021022', '0600008026', '', 0, '', '', '13', '01320', 'VILLETTE SUR AIN', 'France', 0, 'never', 'courrier', 'not', '', '2012-11-10 17:12:35', '2012-11-10 17:12:35'),
(309, 'physique', 'prospect', 'M.', 'Thibault\r', 'BOULET', '1992-08-04', 'Thibault\r.BOULET@live.fr', '0100016313', '0600010303', '', 0, '', '', '2', '01350', 'VONGNES', 'France', 0, 'never', 'courrier', 'not', '', '2012-11-10 17:12:35', '2012-11-10 17:12:35'),
(310, 'physique', 'donateur', 'M.', 'Axel\r', 'LEGRAND', '1983-07-07', 'Axel\r.LEGRAND@hotmail.com', '0100028599', '0600024461', '', 0, '', '', '6', '04200', 'CHATEAUNEUF MIRAVAIL', 'France', 0, 'never', 'courrier', 'not', '', '2012-11-10 17:12:35', '2012-11-10 17:12:35'),
(311, 'physique', 'donateur', 'Mme', 'Orianne\r', 'MICHEL', '1987-07-13', 'Orianne\r.MICHEL@live.fr', '0100008309', '0600003443', '', 0, '', '', '4', '01330', 'VILLARS LES DOMBES', 'France', 0, 'never', 'courrier', 'not', '', '2012-11-10 17:12:35', '2012-11-10 17:12:35'),
(312, 'physique', 'prospect', 'Mme', 'Bertille\r', 'PONS', '1992-02-23', 'Bertille\r.PONS@caramail.com', '0100032375', '0600010203', '', 0, '', '', '12', '03330', 'LOUROUX DE BOUBLE', 'France', 0, 'never', 'courrier', 'not', '', '2012-11-10 17:12:35', '2012-11-10 17:12:35'),
(313, 'physique', 'donateur', 'M.', 'Aristide\r', 'LABORDE', '1978-05-07', 'Aristide\r.LABORDE@gmail.com', '0100009442', '0600022515', '', 0, '', '', '13', '02300', 'OGNES', 'France', 0, 'never', 'courrier', 'not', '', '2012-11-10 17:12:35', '2012-11-10 17:12:35'),
(314, 'physique', 'prospect', 'M.', 'Leo-Paul\r', 'CHATELAIN', '1981-01-03', 'Leo-Paul\r.CHATELAIN@caramail.com', '0100019030', '0600012499', '', 0, '', '', '2', '03470', 'MONETAY SUR LOIRE', 'France', 0, 'never', 'courrier', 'not', '', '2012-11-10 17:12:35', '2012-11-10 17:12:35'),
(315, 'physique', 'donateur', 'M.', 'Djamel\r', 'BAUER', '1990-07-24', 'Djamel\r.BAUER@caramail.com', '0100007276', '0600023271', '', 0, '', '', '4', '02340', 'NOIRCOURT', 'France', 0, 'never', 'courrier', 'not', '', '2012-11-10 17:12:35', '2012-11-10 17:12:35'),
(316, 'physique', 'prospect', 'M.', 'Antonin\r', 'JACQUET', '1981-11-08', 'Antonin\r.JACQUET@hotmail.com', '0100019599', '0600020437', '', 0, '', '', '5', '05190', 'BREZIERS', 'France', 0, 'never', 'courrier', 'not', '', '2012-11-10 17:12:35', '2012-11-10 17:12:35'),
(317, 'physique', 'prospect', 'M.', 'Baptiste\r', 'CHAPUIS', '1990-01-18', 'Baptiste\r.CHAPUIS@caramail.com', '0100023100', '0600019352', '', 0, '', '', '11', '01110', 'CHAMPDOR', 'France', 0, 'never', 'courrier', 'not', '', '2012-11-10 17:12:35', '2012-11-10 17:12:35'),
(318, 'physique', 'prospect', 'M.', 'Dayan\r', 'FERRY', '1976-07-22', 'Dayan\r.FERRY@live.fr', '0100024507', '0600027946', '', 0, '', '', '3', '02420', 'JONCOURT', 'France', 0, 'never', 'courrier', 'not', '', '2012-11-10 17:12:35', '2012-11-10 17:12:35'),
(319, 'physique', 'prospect', 'M.', 'Dylan\r', 'SANCHEZ', '1988-07-02', 'Dylan\r.SANCHEZ@caramail.com', '0100027469', '0600024489', '', 0, '', '', '11', '01990', 'CHANEINS', 'France', 0, 'never', 'courrier', 'not', '', '2012-11-10 17:12:35', '2012-11-10 17:12:35'),
(320, 'physique', 'donateur', 'M.', 'Leni\r', 'BLIN', '1985-01-29', 'Leni\r.BLIN@gmail.com', '0100023997', '0600000215', '', 0, '', '', '11', '02170', 'BARZY EN THIERACHE', 'France', 0, 'never', 'courrier', 'not', '', '2012-11-10 17:12:35', '2012-11-10 17:12:35'),
(321, 'physique', 'donateur', 'Mme', 'Perle\r', 'DELMAS', '1976-03-20', 'Perle\r.DELMAS@live.fr', '0100017260', '0600031377', '', 0, '', '', '10', '01800', 'MEXIMIEUX', 'France', 0, 'never', 'courrier', 'not', '', '2012-11-10 17:12:35', '2012-11-10 17:12:35'),
(322, 'physique', 'donateur', 'Mme', 'Naya\r', 'GEOFFROY', '1988-05-22', 'Naya\r.GEOFFROY@caramail.com', '0100001352', '0600007289', '', 0, '', '', '7', '02250', 'CHEVENNES', 'France', 0, 'never', 'courrier', 'not', '', '2012-11-10 17:12:35', '2012-11-10 17:12:35'),
(323, 'physique', 'prospect', 'Mme', 'Oyana\r', 'LEFEVRE', '1975-04-19', 'Oyana\r.LEFEVRE@caramail.com', '0100025333', '0600001265', '', 0, '', '', '11', '01851', 'MARBOZ', 'France', 0, 'never', 'courrier', 'not', '', '2012-11-10 17:12:35', '2012-11-10 17:12:35'),
(324, 'physique', 'prospect', 'M.', 'Leo\r', 'PINEAU', '1977-11-14', 'Leo\r.PINEAU@caramail.com', '0100030529', '0600012718', '', 0, '', '', '9', '02130', 'SERGY', 'France', 0, 'never', 'courrier', 'not', '', '2012-11-10 17:12:35', '2012-11-10 17:12:35'),
(325, 'physique', 'donateur', 'Mme', 'Samantha\r', 'MASSE', '1992-06-30', 'Samantha\r.MASSE@caramail.com', '0100003139', '0600018616', '', 0, '', '', '5', '03160', 'BOURBON L''ARCHAMBAULT', 'France', 0, 'never', 'courrier', 'not', '', '2012-11-10 17:12:35', '2012-11-10 17:12:35'),
(326, 'physique', 'donateur', 'M.', 'Taha\r', 'ALBERT', '1989-01-29', 'Taha\r.ALBERT@gmail.com', '0100022612', '0600004044', '', 0, '', '', '3', '02600', 'PUISEUX EN RETZ', 'France', 0, 'never', 'courrier', 'not', '', '2012-11-10 17:12:35', '2012-11-10 17:12:35'),
(327, 'physique', 'donateur', 'M.', 'Milan\r', 'MARQUET', '1975-03-26', 'Milan\r.MARQUET@hotmail.com', '0100014127', '0600026415', '', 0, '', '', '9', '05150', 'SORBIERS', 'France', 0, 'never', 'courrier', 'not', '', '2012-11-10 17:12:35', '2012-11-10 17:12:35'),
(328, 'physique', 'donateur', 'M.', 'Bastian\r', 'MICHAUD', '1982-09-17', 'Bastian\r.MICHAUD@live.fr', '0100014699', '0600020735', '', 0, '', '', '10', '06620', 'COURMES', 'France', 0, 'never', 'courrier', 'not', '', '2012-11-10 17:12:35', '2012-11-10 17:12:35'),
(329, 'physique', 'donateur', 'M.', 'Achille\r', 'PREVOST', '1980-05-09', 'Achille\r.PREVOST@gmail.com', '0100023060', '0600016999', '', 0, '', '', '4', '02360', 'SAINT CLEMENT', 'France', 0, 'never', 'courrier', 'not', '', '2012-11-10 17:12:35', '2012-11-10 17:12:35'),
(330, 'physique', 'prospect', 'Mme', 'Bassma\r', 'JULIEN', '1975-05-27', 'Bassma\r.JULIEN@caramail.com', '0100027119', '0600028165', '', 0, '', '', '12', '02500', 'AUBENTON', 'France', 0, 'never', 'courrier', 'not', '', '2012-11-10 17:12:35', '2012-11-10 17:12:35'),
(331, 'physique', 'donateur', 'M.', 'Alexander\r', 'DUFOUR', '1977-02-20', 'Alexander\r.DUFOUR@hotmail.com', '0100011052', '0600004516', '', 0, '', '', '11', '01310', 'CONFRANCON', 'France', 0, 'never', 'courrier', 'not', '', '2012-11-10 17:12:35', '2012-11-10 17:12:35'),
(332, 'physique', 'prospect', 'M.', 'Djebryl\r', 'ETIENNE', '1991-03-21', 'Djebryl\r.ETIENNE@caramail.com', '0100020730', '0600016664', '', 0, '', '', '6', '04000', 'ENTRAGES', 'France', 0, 'never', 'courrier', 'not', '', '2012-11-10 17:12:35', '2012-11-10 17:12:35'),
(333, 'physique', 'donateur', 'M.', 'Leandro\r', 'TANGUY', '1982-11-27', 'Leandro\r.TANGUY@gmail.com', '0100031304', '0600024756', '', 0, '', '', '14', '02430', 'GAUCHY', 'France', 0, 'never', 'courrier', 'not', '', '2012-11-10 17:12:35', '2012-11-10 17:12:35'),
(334, 'physique', 'donateur', 'M.', 'Dillan\r', 'BOULANGER', '1991-02-09', 'Dillan\r.BOULANGER@gmail.com', '0100028387', '0600013264', '', 0, '', '', '7', '01330', 'AMBERIEUX EN DOMBES', 'France', 0, 'never', 'courrier', 'not', '', '2012-11-10 17:12:35', '2012-11-10 17:12:35'),
(335, 'physique', 'prospect', 'Mme', 'Pia\r', 'HAMEL', '1981-12-30', 'Pia\r.HAMEL@live.fr', '0100000560', '0600031823', '', 0, '', '', '10', '03600', 'HYDS', 'France', 0, 'never', 'courrier', 'not', '', '2012-11-10 17:12:35', '2012-11-10 17:12:35'),
(336, 'physique', 'prospect', 'M.', 'Bryan\r', 'COLLIN', '1977-03-10', 'Bryan\r.COLLIN@hotmail.com', '0100018118', '0600030978', '', 0, '', '', '2', '02330', 'MONTHUREL', 'France', 0, 'never', 'courrier', 'not', '', '2012-11-10 17:12:35', '2012-11-10 17:12:35'),
(337, 'physique', 'prospect', 'M.', 'Anas\r', 'RICARD', '1977-11-21', 'Anas\r.RICARD@hotmail.com', '0100025135', '0600023035', '', 0, '', '', '2', '02210', 'MURET ET CROUTTES', 'France', 0, 'never', 'courrier', 'not', '', '2012-11-10 17:12:35', '2012-11-10 17:12:35'),
(338, 'physique', 'donateur', 'M.', 'Lisandro\r', 'BENOIT', '1981-03-10', 'Lisandro\r.BENOIT@caramail.com', '0100014333', '0600023260', '', 0, '', '', '11', '03130', 'MONTAIGUET EN FOREZ', 'France', 0, 'never', 'courrier', 'not', '', '2012-11-10 17:12:35', '2012-11-10 17:12:35'),
(339, 'physique', 'prospect', 'M.', 'Aissa\r', 'REY', '1986-02-03', 'Aissa\r.REY@live.fr', '0100009102', '0600028682', '', 0, '', '', '8', '02300', 'BEAUMONT EN BEINE', 'France', 0, 'never', 'courrier', 'not', '', '2012-11-10 17:12:35', '2012-11-10 17:12:35'),
(340, 'physique', 'prospect', 'M.', 'Andy\r', 'GRENIER', '1977-04-24', 'Andy\r.GRENIER@gmail.com', '0100020897', '0600007898', '', 0, '', '', '11', '02130', 'MAREUIL EN DOLE', 'France', 0, 'never', 'courrier', 'not', '', '2012-11-10 17:12:35', '2012-11-10 17:12:35'),
(341, 'physique', 'prospect', 'Mme', 'Celeste\r', 'MARTY', '1986-10-23', 'Celeste\r.MARTY@live.fr', '0100005144', '0600017058', '', 0, '', '', '2', '02860', 'CHERET', 'France', 0, 'never', 'courrier', 'not', '', '2012-11-10 17:12:35', '2012-11-10 17:12:35'),
(342, 'physique', 'prospect', 'Mme', 'Axelle\r', 'ROY', '1993-02-23', 'Axelle\r.ROY@hotmail.com', '0100030349', '0600007239', '', 0, '', '', '14', '02800', 'DANIZY', 'France', 0, 'never', 'courrier', 'not', '', '2012-11-10 17:12:35', '2012-11-10 17:12:35'),
(343, 'physique', 'prospect', 'M.', 'Marc\r', 'SEGUIN', '1976-06-30', 'Marc\r.SEGUIN@gmail.com', '0100009686', '0600013556', '', 0, '', '', '2', '02220', 'CYS LA COMMUNE', 'France', 0, 'never', 'courrier', 'not', '', '2012-11-10 17:12:35', '2012-11-10 17:12:35'),
(344, 'physique', 'prospect', 'Mme', 'Alienor\r', 'MERCIER', '1994-04-16', 'Alienor\r.MERCIER@live.fr', '0100020090', '0600012128', '', 0, '', '', '2', '02240', 'BRISSY HAMEGICOURT', 'France', 0, 'never', 'courrier', 'not', '', '2012-11-10 17:12:35', '2012-11-10 17:12:35'),
(345, 'physique', 'donateur', 'M.', 'Tobias\r', 'CHAPUIS', '1976-03-19', 'Tobias\r.CHAPUIS@live.fr', '0100015779', '0600000535', '', 0, '', '', '13', '02160', 'MERVAL', 'France', 0, 'never', 'courrier', 'not', '', '2012-11-10 17:12:35', '2012-11-10 17:12:35'),
(346, 'physique', 'prospect', 'M.', 'Dovan\r', 'GRONDIN', '1994-11-13', 'Dovan\r.GRONDIN@caramail.com', '0100004395', '0600000601', '', 0, '', '', '6', '02220', 'SERMOISE', 'France', 0, 'never', 'courrier', 'not', '', '2012-11-10 17:12:35', '2012-11-10 17:12:35'),
(347, 'physique', 'prospect', 'M.', 'Dari\r', 'DENIS', '1991-07-11', 'Dari\r.DENIS@hotmail.com', '0100013644', '0600012049', '', 0, '', '', '7', '02170', 'ESQUEHERIES', 'France', 0, 'never', 'courrier', 'not', '', '2012-11-10 17:12:35', '2012-11-10 17:12:35'),
(348, 'physique', 'prospect', 'M.', 'Billy\r', 'JULIEN', '1986-12-16', 'Billy\r.JULIEN@caramail.com', '0100017091', '0600001744', '', 0, '', '', '11', '02220', 'TANNIERES', 'France', 0, 'never', 'courrier', 'not', '', '2012-11-10 17:12:35', '2012-11-10 17:12:35'),
(349, 'physique', 'prospect', 'Mme', 'Alicia\r', 'LASSERRE', '1977-11-25', 'Alicia\r.LASSERRE@gmail.com', '0100009045', '0600024605', '', 0, '', '', '14', '04400', 'SAINT PONS', 'France', 0, 'never', 'courrier', 'not', '', '2012-11-10 17:12:35', '2012-11-10 17:12:35'),
(350, 'physique', 'prospect', 'Mme', 'Sofia\r', 'LEMAITRE', '1984-02-09', 'Sofia\r.LEMAITRE@caramail.com', '0100003259', '0600015733', '', 0, '', '', '7', '01250', 'HAUTECOURT ROMANECHE', 'France', 0, 'never', 'courrier', 'not', '', '2012-11-10 17:12:35', '2012-11-10 17:12:35'),
(351, 'physique', 'prospect', 'Mme', 'Berangere\r', 'CHAPUIS', '1991-01-03', 'Berangere\r.CHAPUIS@live.fr', '0100002459', '0600019760', '', 0, '', '', '2', '04120', 'CASTELLANE', 'France', 0, 'never', 'courrier', 'not', '', '2012-11-10 17:12:35', '2012-11-10 17:12:35'),
(352, 'physique', 'donateur', 'M.', 'Abderrahmane\r', 'ROUX', '1989-11-02', 'Abderrahmane\r.ROUX@gmail.com', '0100003348', '0600024304', '', 0, '', '', '6', '01370', 'COURMANGOUX', 'France', 0, 'never', 'courrier', 'not', '', '2012-11-10 17:12:35', '2012-11-10 17:12:35'),
(353, 'physique', 'donateur', 'Mme', 'Samantha\r', 'JACOB', '1986-06-08', 'Samantha\r.JACOB@gmail.com', '0100011628', '0600011847', '', 0, '', '', '2', '02340', 'THUEL (LE)', 'France', 0, 'never', 'courrier', 'not', '', '2012-11-10 17:12:35', '2012-11-10 17:12:35'),
(354, 'physique', 'donateur', 'M.', 'Boubou\r', 'BRUN', '1991-03-22', 'Boubou\r.BRUN@caramail.com', '0100019891', '0600028748', '', 0, '', '', '6', '04260', 'ALLOS', 'France', 0, 'never', 'courrier', 'not', '', '2012-11-10 17:12:35', '2012-11-10 17:12:35'),
(355, 'physique', 'donateur', 'M.', 'Doryan\r', 'MERCIER', '1977-10-30', 'Doryan\r.MERCIER@live.fr', '0100024266', '0600028172', '', 0, '', '', '12', '02820', 'AIZELLES', 'France', 0, 'never', 'courrier', 'not', '', '2012-11-10 17:12:35', '2012-11-10 17:12:35'),
(356, 'physique', 'donateur', 'M.', 'Louan\r', 'JACQUES', '1985-10-09', 'Louan\r.JACQUES@caramail.com', '0100010256', '0600005738', '', 0, '', '', '2', '03290', 'DOMPIERRE SUR BESBRE', 'France', 0, 'never', 'courrier', 'not', '', '2012-11-10 17:12:35', '2012-11-10 17:12:35'),
(357, 'physique', 'donateur', 'Mme', 'Clemence\r', 'BESNARD', '1995-12-13', 'Clemence\r.BESNARD@caramail.com', '0100010740', '0600020932', '', 0, '', '', '9', '04380', 'CASTELLARD MELAN (LE)', 'France', 0, 'never', 'courrier', 'not', '', '2012-11-10 17:12:35', '2012-11-10 17:12:35'),
(358, 'physique', 'prospect', 'M.', 'Abel\r', 'MASSON', '1995-07-26', 'Abel\r.MASSON@gmail.com', '0100013723', '0600026451', '', 0, '', '', '5', '02130', 'SERINGES ET NESLES', 'France', 0, 'never', 'courrier', 'not', '', '2012-11-10 17:12:35', '2012-11-10 17:12:35'),
(359, 'physique', 'donateur', 'M.', 'Amadou\r', 'FAURE', '1982-10-10', 'Amadou\r.FAURE@hotmail.com', '0100009582', '0600008117', '', 0, '', '', '8', '05110', 'ESPARRON', 'France', 0, 'never', 'courrier', 'not', '', '2012-11-10 17:12:35', '2012-11-10 17:12:35'),
(360, 'physique', 'donateur', 'Mme', 'Prescilla\r', 'GUYOT', '1995-09-10', 'Prescilla\r.GUYOT@caramail.com', '0100009095', '0600021852', '', 0, '', '', '9', '03340', 'CHAPEAU', 'France', 0, 'never', 'courrier', 'not', '', '2012-11-10 17:12:35', '2012-11-10 17:12:35'),
(361, 'physique', 'donateur', 'Mme', 'Penelope\r', 'GIRAULT', '1995-09-23', 'Penelope\r.GIRAULT@caramail.com', '0100006170', '0600012637', '', 0, '', '', '6', '02760', 'HOLNON', 'France', 0, 'never', 'courrier', 'not', '', '2012-11-10 17:12:35', '2012-11-10 17:12:35'),
(362, 'physique', 'prospect', 'M.', 'Maximilien\r', 'MASSON', '1979-10-25', 'Maximilien\r.MASSON@live.fr', '0100024789', '0600028534', '', 0, '', '', '2', '01220', 'DIVONNE LES BAINS', 'France', 0, 'never', 'courrier', 'not', '', '2012-11-10 17:12:35', '2012-11-10 17:12:35'),
(363, 'physique', 'donateur', 'M.', 'Batuhan\r', 'COLLET', '1980-11-06', 'Batuhan\r.COLLET@hotmail.com', '0100024097', '0600023856', '', 0, '', '', '5', '01190', 'GORREVOD', 'France', 0, 'never', 'courrier', 'not', '', '2012-11-10 17:12:35', '2012-11-10 17:12:35'),
(364, 'physique', 'donateur', 'M.', 'Antonio\r', 'DELMAS', '1977-05-01', 'Antonio\r.DELMAS@caramail.com', '0100014299', '0600025388', '', 0, '', '', '2', '03210', 'BRESNAY', 'France', 0, 'never', 'courrier', 'not', '', '2012-11-10 17:12:35', '2012-11-10 17:12:35'),
(365, 'physique', 'donateur', 'Mme', 'Angelina\r', 'PICHON', '1994-02-19', 'Angelina\r.PICHON@caramail.com', '0100004287', '0600019387', '', 0, '', '', '4', '05230', 'AVANCON', 'France', 0, 'never', 'courrier', 'not', '', '2012-11-10 17:12:35', '2012-11-10 17:12:35'),
(366, 'physique', 'prospect', 'Mme', 'Perine\r', 'MORIN', '1979-06-07', 'Perine\r.MORIN@hotmail.com', '0100002205', '0600016397', '', 0, '', '', '8', '02420', 'BELLICOURT', 'France', 0, 'never', 'courrier', 'not', '', '2012-11-10 17:12:35', '2012-11-10 17:12:35'),
(367, 'physique', 'donateur', 'Mme', 'Shaina\r', 'RIVIERE', '1987-03-29', 'Shaina\r.RIVIERE@gmail.com', '0100021554', '0600011868', '', 0, '', '', '8', '05200', 'CROTS', 'France', 0, 'never', 'courrier', 'not', '', '2012-11-10 17:12:35', '2012-11-10 17:12:35'),
(368, 'physique', 'donateur', 'Mme', 'Clemence\r', 'PEREIRA', '1981-12-04', 'Clemence\r.PEREIRA@live.fr', '0100006055', '0600016800', '', 0, '', '', '2', '06250', 'MOUGINS', 'France', 0, 'never', 'courrier', 'not', '', '2012-11-10 17:12:35', '2012-11-10 17:12:35'),
(369, 'physique', 'donateur', 'Mme', 'Nessa\r', 'LEMOINE', '1992-12-26', 'Nessa\r.LEMOINE@hotmail.com', '0100008272', '0600031213', '', 0, '', '', '10', '03380', 'HURIEL', 'France', 0, 'never', 'courrier', 'not', '', '2012-11-10 17:12:35', '2012-11-10 17:12:35'),
(370, 'physique', 'donateur', 'Mme', 'Betty\r', 'GUYON', '1975-01-05', 'Betty\r.GUYON@gmail.com', '0100019795', '0600011279', '', 0, '', '', '12', '02420', 'LEMPIRE', 'France', 0, 'never', 'courrier', 'not', '', '2012-11-10 17:12:35', '2012-11-10 17:12:35'),
(371, 'physique', 'prospect', 'Mme', 'Anais\r', 'SEGUIN', '1989-05-12', 'Anais\r.SEGUIN@gmail.com', '0100011165', '0600019991', '', 0, '', '', '4', '06910', 'AIGLUN', 'France', 0, 'never', 'courrier', 'not', '', '2012-11-10 17:12:35', '2012-11-10 17:12:35'),
(372, 'physique', 'prospect', 'M.', 'Briac\r', 'RENARD', '1991-05-02', 'Briac\r.RENARD@hotmail.com', '0100025502', '0600024877', '', 0, '', '', '10', '04870', 'SAINT MICHEL L''OBSERVATOIRE', 'France', 0, 'never', 'courrier', 'not', '', '2012-11-10 17:12:35', '2012-11-10 17:12:35'),
(373, 'physique', 'prospect', 'Mme', 'Amira\r', 'MORIN', '0000-00-00', 'Amira\r.MORIN@caramail.com', '0100009685', '0600008745', '', 0, '', '', '5', '04230', 'SAINT ETIENNE LES ORGUES', 'France', 0, 'never', 'courrier', 'not', '', '2012-11-10 17:12:35', '2012-11-10 17:12:35'),
(374, 'physique', 'donateur', 'Mme', 'Olympe\r', 'ROYER', '1976-06-21', 'Olympe\r.ROYER@hotmail.com', '0100027895', '0600003717', '', 0, '', '', '9', '02160', 'OULCHES LA VALLEE FOULON', 'France', 0, 'never', 'courrier', 'not', '', '2012-11-10 17:12:35', '2012-11-10 17:12:35'),
(375, 'physique', 'prospect', 'M.', 'Aidan\r', 'MARCHAL', '1979-02-01', 'Aidan\r.MARCHAL@gmail.com', '0100030269', '0600015009', '', 0, '', '', '7', '03360', 'AINAY LE CHATEAU', 'France', 0, 'never', 'courrier', 'not', '', '2012-11-10 17:12:35', '2012-11-10 17:12:35'),
(376, 'physique', 'donateur', 'M.', 'Tilio\r', 'TOUSSAINT', '1994-05-30', 'Tilio\r.TOUSSAINT@hotmail.com', '0100025777', '0600000654', '', 0, '', '', '7', '02350', 'LIESSE NOTRE DAME', 'France', 0, 'never', 'courrier', 'not', '', '2012-11-10 17:12:35', '2012-11-10 17:12:35'),
(377, 'physique', 'donateur', 'M.', 'Maxim\r', 'GREGOIRE', '1995-06-16', 'Maxim\r.GREGOIRE@live.fr', '0100002887', '0600024273', '', 0, '', '', '4', '02840', 'ATHIES SOUS LAON', 'France', 0, 'never', 'courrier', 'not', '', '2012-11-10 17:12:35', '2012-11-10 17:12:35'),
(378, 'physique', 'prospect', 'M.', 'Billy\r', 'PASQUIER', '1992-09-05', 'Billy\r.PASQUIER@live.fr', '0100010741', '0600009793', '', 0, '', '', '8', '03140', 'DENEUILLE LES CHANTELLE', 'France', 0, 'never', 'courrier', 'not', '', '2012-11-10 17:12:35', '2012-11-10 17:12:35'),
(379, 'physique', 'donateur', 'M.', 'Loic\r', 'LACOSTE', '1983-06-17', 'Loic\r.LACOSTE@hotmail.com', '0100017472', '0600021568', '', 0, '', '', '9', '05300', 'BARRET SUR MEOUGE', 'France', 0, 'never', 'courrier', 'not', '', '2012-11-10 17:12:35', '2012-11-10 17:12:35'),
(380, 'physique', 'prospect', 'Mme', 'Brune\r', 'ROY', '1975-05-18', 'Brune\r.ROY@caramail.com', '0100028787', '0600006552', '', 0, '', '', '3', '02700', 'BARISIS', 'France', 0, 'never', 'courrier', 'not', '', '2012-11-10 17:12:35', '2012-11-10 17:12:35'),
(381, 'physique', 'donateur', 'Mme', 'Penelope\r', 'BENOIST', '1994-02-24', 'Penelope\r.BENOIST@caramail.com', '0100027430', '0600023992', '', 0, '', '', '6', '01120', 'BOISSE (LA)', 'France', 0, 'never', 'courrier', 'not', '', '2012-11-10 17:12:35', '2012-11-10 17:12:35'),
(382, 'physique', 'donateur', 'Mme', 'Anouk\r', 'GIRARD', '1981-01-22', 'Anouk\r.GIRARD@hotmail.com', '0100026146', '0600021710', '', 0, '', '', '11', '01260', 'CHAMPAGNE EN VALROMEY', 'France', 0, 'never', 'courrier', 'not', '', '2012-11-10 17:12:35', '2012-11-10 17:12:35'),
(383, 'physique', 'prospect', 'M.', 'Dioncounda\r', 'MERCIER', '1990-11-30', 'Dioncounda\r.MERCIER@hotmail.com', '0100025562', '0600028196', '', 0, '', '', '6', '05300', 'LAZER', 'France', 0, 'never', 'courrier', 'not', '', '2012-11-10 17:12:35', '2012-11-10 17:12:35'),
(384, 'physique', 'donateur', 'M.', 'Tayron\r', 'DENIS', '1981-10-14', 'Tayron\r.DENIS@gmail.com', '0100007104', '0600017741', '', 0, '', '', '6', '02110', 'PREMONT', 'France', 0, 'never', 'courrier', 'not', '', '2012-11-10 17:12:35', '2012-11-10 17:12:35'),
(385, 'physique', 'donateur', 'Mme', 'Nisrine\r', 'MORAND', '1987-07-28', 'Nisrine\r.MORAND@caramail.com', '0100030537', '0600031654', '', 0, '', '', '13', '03410', 'PREMILHAT', 'France', 0, 'never', 'courrier', 'not', '', '2012-11-10 17:12:35', '2012-11-10 17:12:35'),
(386, 'physique', 'donateur', 'M.', 'Thimote\r', 'BOUCHER', '1980-03-19', 'Thimote\r.BOUCHER@gmail.com', '0100013829', '0600029866', '', 0, '', '', '12', '01250', 'CEYZERIAT', 'France', 0, 'never', 'courrier', 'not', '', '2012-11-10 17:12:35', '2012-11-10 17:12:35'),
(387, 'physique', 'prospect', 'M.', 'Badr\r', 'LABORDE', '1995-05-01', 'Badr\r.LABORDE@live.fr', '0100017469', '0600030093', '', 0, '', '', '7', '02540', 'CELLE SOUS MONTMIRAIL (LA)', 'France', 0, 'never', 'courrier', 'not', '', '2012-11-10 17:12:35', '2012-11-10 17:12:35'),
(388, 'physique', 'prospect', 'M.', 'Aylan\r', 'TOUSSAINT', '1977-02-06', 'Aylan\r.TOUSSAINT@caramail.com', '0100008092', '0600012590', '', 0, '', '', '6', '02500', 'EPARCY', 'France', 0, 'never', 'courrier', 'not', '', '2012-11-10 17:12:35', '2012-11-10 17:12:35'),
(389, 'physique', 'prospect', 'Mme', 'Chaima\r', 'HENRY', '1992-10-15', 'Chaima\r.HENRY@gmail.com', '0100013559', '0600024601', '', 0, '', '', '11', '02400', 'EPIEDS', 'France', 0, 'never', 'courrier', 'not', '', '2012-11-10 17:12:35', '2012-11-10 17:12:35'),
(390, 'physique', 'prospect', 'M.', 'Belkacem\r', 'JACOB', '1992-12-16', 'Belkacem\r.JACOB@live.fr', '0100028762', '0600015026', '', 0, '', '', '6', '02210', 'ROCOURT SAINT MARTIN', 'France', 0, 'never', 'courrier', 'not', '', '2012-11-10 17:12:35', '2012-11-10 17:12:35'),
(391, 'physique', 'prospect', 'M.', 'Dario\r', 'HENRY', '1990-06-30', 'Dario\r.HENRY@live.fr', '0100012232', '0600004906', '', 0, '', '', '7', '06260', 'SAINT PIERRE', 'France', 0, 'never', 'courrier', 'not', '', '2012-11-10 17:12:35', '2012-11-10 17:12:35'),
(392, 'physique', 'prospect', 'M.', 'Achille\r', 'DOUCET', '1976-04-06', 'Achille\r.DOUCET@live.fr', '0100005209', '0600029653', '', 0, '', '', '14', '02310', 'BEZU LE GUERY', 'France', 0, 'never', 'courrier', 'not', '', '2012-11-10 17:12:35', '2012-11-10 17:12:35'),
(393, 'physique', 'donateur', 'M.', 'Brayan\r', 'LEDUC', '1989-08-13', 'Brayan\r.LEDUC@hotmail.com', '0100025143', '0600007501', '', 0, '', '', '7', '02110', 'MONTBREHAIN', 'France', 0, 'never', 'courrier', 'not', '', '2012-11-10 17:12:35', '2012-11-10 17:12:35'),
(394, 'physique', 'prospect', 'Mme', 'Betty\r', 'CHARTIER', '1983-06-24', 'Betty\r.CHARTIER@hotmail.com', '0100032212', '0600022237', '', 0, '', '', '14', '03190', 'VERNEIX', 'France', 0, 'never', 'courrier', 'not', '', '2012-11-10 17:12:35', '2012-11-10 17:12:35'),
(395, 'physique', 'prospect', 'M.', 'Daren\r', 'LAMBERT', '1985-06-03', 'Daren\r.LAMBERT@caramail.com', '0100020862', '0600027331', '', 0, '', '', '6', '02870', 'BRIE', 'France', 0, 'never', 'courrier', 'not', '', '2012-11-10 17:12:35', '2012-11-10 17:12:35'),
(396, 'physique', 'donateur', 'M.', 'Toni\r', 'LE BIHAN', '1981-06-08', 'Toni\r.LE BIHAN@live.fr', '0100026364', '0600016066', '', 0, '', '', '9', '02220', 'JOUAIGNES', 'France', 0, 'never', 'courrier', 'not', '', '2012-11-10 17:12:35', '2012-11-10 17:12:35'),
(397, 'physique', 'donateur', 'Mme', 'Calista\r', 'CHAPUIS', '1990-07-29', 'Calista\r.CHAPUIS@gmail.com', '0100006244', '0600006269', '', 0, '', '', '12', '01640', 'BOYEUX SAINT JEROME', 'France', 0, 'never', 'courrier', 'not', '', '2012-11-10 17:12:35', '2012-11-10 17:12:35'),
(398, 'physique', 'prospect', 'Mme', 'Priscilla\r', 'IMBERT', '1987-06-04', 'Priscilla\r.IMBERT@live.fr', '0100027938', '0600018476', '', 0, '', '', '4', '01130', 'NANTUA', 'France', 0, 'never', 'courrier', 'not', '', '2012-11-10 17:12:35', '2012-11-10 17:12:35'),
(399, 'physique', 'donateur', 'Mme', 'Annaelle\r', 'BIGOT', '1993-06-01', 'Annaelle\r.BIGOT@caramail.com', '0100014777', '0600023834', '', 0, '', '', '5', '01430', 'PEYRIAT', 'France', 0, 'never', 'courrier', 'not', '', '2012-11-10 17:12:35', '2012-11-10 17:12:35'),
(400, 'physique', 'prospect', 'Mme', 'Cynthia\r', 'LETELLIER', '1984-02-05', 'Cynthia\r.LETELLIER@live.fr', '0100011489', '0600029556', '', 0, '', '', '13', '01460', 'NANTUA', 'France', 0, 'never', 'courrier', 'not', '', '2012-11-10 17:12:35', '2012-11-10 17:12:35'),
(401, 'physique', 'prospect', 'M.', 'David\r', 'DUVAL', '1982-03-04', 'David\r.DUVAL@caramail.com', '0100000003', '0600015979', '', 0, '', '', '7', '02250', 'BOSMONT SUR SERRE', 'France', 0, 'never', 'courrier', 'not', '', '2012-11-10 17:12:35', '2012-11-10 17:12:35'),
(402, 'physique', 'donateur', 'Mme', 'Promesse\r', 'BOULET', '1991-04-18', 'Promesse\r.BOULET@hotmail.com', '0100003892', '0600006113', '', 0, '', '', '4', '02120', 'VADENCOURT', 'France', 0, 'never', 'courrier', 'not', '', '2012-11-10 17:12:35', '2012-11-10 17:12:35'),
(403, 'physique', 'donateur', 'M.', 'Duane\r', 'PERRET', '1978-09-07', 'Duane\r.PERRET@live.fr', '0100022046', '0600028686', '', 0, '', '', '14', '05140', 'SAINT JULIEN EN BEAUCHENE', 'France', 0, 'never', 'courrier', 'not', '', '2012-11-10 17:12:35', '2012-11-10 17:12:35'),
(404, 'physique', 'donateur', 'Mme', 'Alya\r', 'LEGRAND', '1979-02-02', 'Alya\r.LEGRAND@caramail.com', '0100014748', '0600029115', '', 0, '', '', '6', '02140', 'DAGNY LAMBERCY', 'France', 0, 'never', 'courrier', 'not', '', '2012-11-10 17:12:35', '2012-11-10 17:12:35'),
(405, 'physique', 'donateur', 'M.', 'Ariel\r', 'DUFOUR', '1984-03-10', 'Ariel\r.DUFOUR@live.fr', '0100010712', '0600018461', '', 0, '', '', '12', '02190', 'GUIGNICOURT', 'France', 0, 'never', 'courrier', 'not', '', '2012-11-10 17:12:35', '2012-11-10 17:12:35'),
(406, 'physique', 'donateur', 'M.', 'Jawad\r', 'LE GOFF', '1991-12-19', 'Jawad\r.LE GOFF@live.fr', '0100008126', '0600028655', '', 0, '', '', '7', '01410', 'CHEZERY FORENS', 'France', 0, 'never', 'courrier', 'not', '', '2012-11-10 17:12:35', '2012-11-10 17:12:35'),
(407, 'physique', 'prospect', 'M.', 'Loevan\r', 'BERNARD', '1995-04-10', 'Loevan\r.BERNARD@caramail.com', '0100004307', '0600016641', '', 0, '', '', '8', '02260', 'GERGNY', 'France', 0, 'never', 'courrier', 'not', '', '2012-11-10 17:12:35', '2012-11-10 17:12:35'),
(408, 'physique', 'donateur', 'M.', 'Mohammed\r', 'BOUCHET', '1975-08-20', 'Mohammed\r.BOUCHET@hotmail.com', '0100006945', '0600013132', '', 0, '', '', '10', '01240', 'DOMPIERRE SUR VEYLE', 'France', 0, 'never', 'courrier', 'not', '', '2012-11-10 17:12:35', '2012-11-10 17:12:35'),
(409, 'physique', 'donateur', 'M.', 'Djad\r', 'BOUCHARD', '1982-08-02', 'Djad\r.BOUCHARD@live.fr', '0100024886', '0600005097', '', 0, '', '', '9', '02320', 'ANIZY LE CHATEAU', 'France', 0, 'never', 'courrier', 'not', '', '2012-11-10 17:12:35', '2012-11-10 17:12:35'),
(410, 'physique', 'donateur', 'M.', 'Djilan\r', 'GROS', '1990-09-25', 'Djilan\r.GROS@hotmail.com', '0100015868', '0600016561', '', 0, '', '', '5', '02590', 'DOUCHY', 'France', 0, 'never', 'courrier', 'not', '', '2012-11-10 17:12:35', '2012-11-10 17:12:35'),
(411, 'physique', 'prospect', 'M.', 'Thimote\r', 'MARCHAL', '1979-12-21', 'Thimote\r.MARCHAL@hotmail.com', '0100002800', '0600009595', '', 0, '', '', '4', '03360', 'MEAULNE', 'France', 0, 'never', 'courrier', 'not', '', '2012-11-10 17:12:35', '2012-11-10 17:12:35'),
(412, 'physique', 'prospect', 'Mme', 'Brihanna\r', 'MARQUET', '1984-01-13', 'Brihanna\r.MARQUET@live.fr', '0100024615', '0600002198', '', 0, '', '', '9', '05400', 'MONTMAUR', 'France', 0, 'never', 'courrier', 'not', '', '2012-11-10 17:12:35', '2012-11-10 17:12:35'),
(413, 'physique', 'prospect', 'M.', 'Melvyn\r', 'LEFEBVRE', '1980-02-18', 'Melvyn\r.LEFEBVRE@live.fr', '0100002967', '0600022195', '', 0, '', '', '9', '03220', 'SORBIER', 'France', 0, 'never', 'courrier', 'not', '', '2012-11-10 17:12:35', '2012-11-10 17:12:35'),
(414, 'physique', 'prospect', 'M.', 'Billel\r', 'FABRE', '1985-12-08', 'Billel\r.FABRE@caramail.com', '0100014774', '0600027101', '', 0, '', '', '11', '01380', 'SAINT ANDRE DE BAGE', 'France', 0, 'never', 'courrier', 'not', '', '2012-11-10 17:12:35', '2012-11-10 17:12:35'),
(415, 'physique', 'prospect', 'M.', 'Alix\r', 'CHARRIER', '1987-09-28', 'Alix\r.CHARRIER@gmail.com', '0100009778', '0600024078', '', 0, '', '', '13', '02310', 'DOMPTIN', 'France', 0, 'never', 'courrier', 'not', '', '2012-11-10 17:12:35', '2012-11-10 17:12:35'),
(416, 'physique', 'donateur', 'M.', 'Armand\r', 'BUREAU', '1977-01-22', 'Armand\r.BUREAU@hotmail.com', '0100019657', '0600002771', '', 0, '', '', '5', '03220', 'CHAVROCHES', 'France', 0, 'never', 'courrier', 'not', '', '2012-11-10 17:12:35', '2012-11-10 17:12:35'),
(417, 'physique', 'prospect', 'M.', 'Boris\r', 'PETITJEAN', '1989-02-26', 'Boris\r.PETITJEAN@live.fr', '0100026988', '0600010612', '', 0, '', '', '6', '02820', 'SAINTE CROIX', 'France', 0, 'never', 'courrier', 'not', '', '2012-11-10 17:12:35', '2012-11-10 17:12:35'),
(418, 'physique', 'donateur', 'M.', 'Marwane\r', 'BOCQUET', '1979-07-05', 'Marwane\r.BOCQUET@live.fr', '0100030855', '0600006842', '', 0, '', '', '4', '02820', 'SAINT ERME OUTRE ET RAMECOURT', 'France', 0, 'never', 'courrier', 'not', '', '2012-11-10 17:12:35', '2012-11-10 17:12:35'),
(419, 'physique', 'donateur', 'Mme', 'Opale\r', 'GARNIER', '1986-12-18', 'Opale\r.GARNIER@live.fr', '0100020982', '0600032636', '', 0, '', '', '9', '02340', 'THUEL (LE)', 'France', 0, 'never', 'courrier', 'not', '', '2012-11-10 17:12:35', '2012-11-10 17:12:35'),
(420, 'physique', 'donateur', 'M.', 'Doume\r', 'HEBERT', '1990-11-03', 'Doume\r.HEBERT@gmail.com', '0100024942', '0600005985', '', 0, '', '', '3', '03160', 'SAINT LEOPARDIN D''AUGY', 'France', 0, 'never', 'courrier', 'not', '', '2012-11-10 17:12:35', '2012-11-10 17:12:35'),
(421, 'physique', 'donateur', 'Mme', 'Orianna\r', 'MERCIER', '1994-03-24', 'Orianna\r.MERCIER@live.fr', '0100019509', '0600014078', '', 0, '', '', '10', '01300', 'SAINT BOIS', 'France', 0, 'never', 'courrier', 'not', '', '2012-11-10 17:12:35', '2012-11-10 17:12:35'),
(422, 'physique', 'prospect', 'M.', 'Mehdi\r', 'GIBERT', '0000-00-00', 'Mehdi\r.GIBERT@live.fr', '0100030554', '0600023952', '', 0, '', '', '14', '02340', 'NOIRCOURT', 'France', 0, 'never', 'courrier', 'not', '', '2012-11-10 17:12:35', '2012-11-10 17:12:35'),
(423, 'physique', 'prospect', 'Mme', 'Sanaa\r', 'ALLAIN', '1985-07-01', 'Sanaa\r.ALLAIN@live.fr', '0100020325', '0600030231', '', 0, '', '', '13', '02430', 'GAUCHY', 'France', 0, 'never', 'courrier', 'not', '', '2012-11-10 17:12:35', '2012-11-10 17:12:35'),
(424, 'physique', 'donateur', 'Mme', 'Betul\r', 'GRAND', '1977-09-10', 'Betul\r.GRAND@live.fr', '0100022506', '0600026706', '', 0, '', '', '11', '01350', 'CEYZERIEU', 'France', 0, 'never', 'courrier', 'not', '', '2012-11-10 17:12:35', '2012-11-10 17:12:35'),
(425, 'physique', 'donateur', 'Mme', 'Oxane\r', 'MONNIER', '1989-04-29', 'Oxane\r.MONNIER@live.fr', '0100005587', '0600003582', '', 0, '', '', '4', '02270', 'COUVRON ET AUMENCOURT', 'France', 0, 'never', 'courrier', 'not', '', '2012-11-10 17:12:35', '2012-11-10 17:12:35'),
(426, 'physique', 'donateur', 'Mme', 'Sacha\r', 'JOUBERT', '1993-08-22', 'Sacha\r.JOUBERT@live.fr', '0100011316', '0600000608', '', 0, '', '', '2', '05140', 'MONTBRAND', 'France', 0, 'never', 'courrier', 'not', '', '2012-11-10 17:12:35', '2012-11-10 17:12:35'),
(427, 'physique', 'prospect', 'M.', 'Louison\r', 'PASCAL', '1988-12-28', 'Louison\r.PASCAL@live.fr', '0100024810', '0600018280', '', 0, '', '', '14', '02320', 'PINON', 'France', 0, 'never', 'courrier', 'not', '', '2012-11-10 17:12:35', '2012-11-10 17:12:35'),
(428, 'physique', 'donateur', 'M.', 'Loan\r', 'GILBERT', '1989-07-23', 'Loan\r.GILBERT@live.fr', '0100031461', '0600007745', '', 0, '', '', '7', '02260', 'ERLOY', 'France', 0, 'never', 'courrier', 'not', '', '2012-11-10 17:12:35', '2012-11-10 17:12:35'),
(429, 'physique', 'prospect', 'M.', 'Maxime\r', 'DEVAX', '1995-04-21', 'Maxime\r.DEVAX@gmail.com', '0100005404', '0600023362', '', 0, '', '', '7', '02160', 'BEAURIEUX', 'France', 0, 'never', 'courrier', 'not', '', '2012-11-10 17:12:35', '2012-11-10 17:12:35'),
(430, 'physique', 'donateur', 'Mme', 'Aliyah\r', 'DEVAX', '1984-02-01', 'Aliyah\r.DEVAX@hotmail.com', '0100019513', '0600023765', '', 0, '', '', '11', '04500', 'MONTAGNAC MONTPEZAT', 'France', 0, 'never', 'courrier', 'not', '', '2012-11-10 17:12:35', '2012-11-10 17:12:35'),
(431, 'physique', 'prospect', 'Mme', 'Sixtine\r', 'LAMBERT', '1979-04-05', 'Sixtine\r.LAMBERT@live.fr', '0100006380', '0600030226', '', 0, '', '', '13', '03510', 'CHASSENARD', 'France', 0, 'never', 'courrier', 'not', '', '2012-11-10 17:12:35', '2012-11-10 17:12:35'),
(432, 'physique', 'donateur', 'M.', 'Adel\r', 'LEON', '1981-08-02', 'Adel\r.LEON@hotmail.com', '0100031611', '0600020327', '', 0, '', '', '7', '01300', 'SAINT BENOIT', 'France', 0, 'never', 'courrier', 'not', '', '2012-11-10 17:12:35', '2012-11-10 17:12:35'),
(433, 'physique', 'prospect', 'M.', 'Louca\r', 'BRUNEAU', '1981-12-02', 'Louca\r.BRUNEAU@caramail.com', '0100005040', '0600004156', '', 0, '', '', '7', '02720', 'MESNIL SAINT LAURENT', 'France', 0, 'never', 'courrier', 'not', '', '2012-11-10 17:12:35', '2012-11-10 17:12:35'),
(434, 'physique', 'prospect', 'M.', 'Dylan\r', 'AUBERT', '1995-04-16', 'Dylan\r.AUBERT@live.fr', '0100014824', '0600002426', '', 0, '', '', '13', '05700', 'SAINTE COLOMBE', 'France', 0, 'never', 'courrier', 'not', '', '2012-11-10 17:12:35', '2012-11-10 17:12:35'),
(435, 'physique', 'prospect', 'M.', 'Adrien\r', 'LE ROUX', '1984-02-18', 'Adrien\r.LE ROUX@live.fr', '0100015289', '0600011256', '', 0, '', '', '8', '03170', 'SAINT ANGEL', 'France', 0, 'never', 'courrier', 'not', '', '2012-11-10 17:12:35', '2012-11-10 17:12:35'),
(436, 'physique', 'donateur', 'M.', 'Aymane\r', 'BENARD', '1976-09-12', 'Aymane\r.BENARD@gmail.com', '0100010531', '0600028653', '', 0, '', '', '5', '02480', 'BRAY SAINT CHRISTOPHE', 'France', 0, 'never', 'courrier', 'not', '', '2012-11-10 17:12:35', '2012-11-10 17:12:35'),
(437, 'physique', 'donateur', 'M.', 'Mathieu\r', 'SERRE', '1979-10-01', 'Mathieu\r.SERRE@caramail.com', '0100010506', '0600014790', '', 0, '', '', '4', '01100', 'ARBENT', 'France', 0, 'never', 'courrier', 'not', '', '2012-11-10 17:12:35', '2012-11-10 17:12:35'),
(438, 'physique', 'prospect', 'Mme', 'Najwa\r', 'JOUBERT', '1988-04-09', 'Najwa\r.JOUBERT@gmail.com', '0100008104', '0600011820', '', 0, '', '', '12', '02680', 'CASTRES', 'France', 0, 'never', 'courrier', 'not', '', '2012-11-10 17:12:35', '2012-11-10 17:12:35'),
(439, 'physique', 'prospect', 'M.', 'Andre\r', 'JOLY', '1991-08-29', 'Andre\r.JOLY@caramail.com', '0100026816', '0600003741', '', 0, '', '', '6', '02820', 'MONTAIGU', 'France', 0, 'never', 'courrier', 'not', '', '2012-11-10 17:12:35', '2012-11-10 17:12:35');
INSERT INTO `contacts` (`CON_ID`, `CON_TYPE`, `CON_TYPEC`, `CON_CIVILITE`, `CON_FIRSTNAME`, `CON_LASTNAME`, `CON_DATE`, `CON_EMAIL`, `CON_TELFIXE`, `CON_TELPORT`, `CON_COMPL`, `CON_VOIE_NUM`, `CON_VOIE_TYPE`, `CON_VOIE_NOM`, `CON_BP`, `CON_CP`, `CON_CITY`, `CON_COUNTRY`, `CON_NPAI`, `CON_RF_TYPE`, `CON_RF_ENVOI`, `CON_SOLICITATION`, `CON_COMMENTAIRE`, `CON_DATEADDED`, `CON_DATEMODIF`) VALUES
(440, 'physique', 'prospect', 'M.', 'Damiano\r', 'BLANCHARD', '1980-01-19', 'Damiano\r.BLANCHARD@live.fr', '0100012245', '0600010115', '', 0, '', '', '7', '03370', 'CHAZEMAIS', 'France', 0, 'never', 'courrier', 'not', '', '2012-11-10 17:12:35', '2012-11-10 17:12:35'),
(441, 'physique', 'prospect', 'Mme', 'Shanna\r', 'GERMAIN', '1976-11-08', 'Shanna\r.GERMAIN@gmail.com', '0100009945', '0600002855', '', 0, '', '', '14', '02450', 'BOUE', 'France', 0, 'never', 'courrier', 'not', '', '2012-11-10 17:12:35', '2012-11-10 17:12:35'),
(442, 'physique', 'prospect', 'Mme', 'Shaina\r', 'FERRE', '1986-04-06', 'Shaina\r.FERRE@hotmail.com', '0100031368', '0600027089', '', 0, '', '', '7', '02600', 'MORTEFONTAINE', 'France', 0, 'never', 'courrier', 'not', '', '2012-11-10 17:12:35', '2012-11-10 17:12:35'),
(443, 'physique', 'donateur', 'M.', 'Daryll\r', 'BESSE', '1990-08-25', 'Daryll\r.BESSE@gmail.com', '0100032515', '0600025035', '', 0, '', '', '4', '05300', 'UPAIX', 'France', 0, 'never', 'courrier', 'not', '', '2012-11-10 17:12:35', '2012-11-10 17:12:35'),
(444, 'physique', 'donateur', 'M.', 'Amjad\r', 'BERGER', '1993-01-04', 'Amjad\r.BERGER@hotmail.com', '0100016486', '0600026673', '', 0, '', '', '6', '01340', 'ETREZ', 'France', 0, 'never', 'courrier', 'not', '', '2012-11-10 17:12:35', '2012-11-10 17:12:35'),
(445, 'physique', 'donateur', 'Mme', 'Nada\r', 'BELLANGER', '1985-07-18', 'Nada\r.BELLANGER@live.fr', '0100012944', '0600024917', '', 0, '', '', '6', '03320', 'LIMOISE', 'France', 0, 'never', 'courrier', 'not', '', '2012-11-10 17:12:35', '2012-11-10 17:12:35'),
(446, 'physique', 'prospect', 'M.', 'Jonah\r', 'ARMAND', '1987-11-13', 'Jonah\r.ARMAND@hotmail.com', '0100006465', '0600026442', '', 0, '', '', '10', '04300', 'SAINT MAIME', 'France', 0, 'never', 'courrier', 'not', '', '2012-11-10 17:12:35', '2012-11-10 17:12:35'),
(447, 'physique', 'prospect', 'M.', 'Awen\r', 'DOUCET', '1994-02-05', 'Awen\r.DOUCET@hotmail.com', '0100028875', '0600023670', '', 0, '', '', '4', '02000', 'VAUCELLES ET BEFFECOURT', 'France', 0, 'never', 'courrier', 'not', '', '2012-11-10 17:12:35', '2012-11-10 17:12:35'),
(448, 'physique', 'donateur', 'M.', 'Laurent\r', 'BOURGEOIS', '1995-04-11', 'Laurent\r.BOURGEOIS@gmail.com', '0100018230', '0600023148', '', 0, '', '', '11', '01700', 'BEYNOST', 'France', 0, 'never', 'courrier', 'not', '', '2012-11-10 17:12:35', '2012-11-10 17:12:35'),
(449, 'physique', 'donateur', 'M.', 'Maximilien\r', 'MAS', '1989-03-19', 'Maximilien\r.MAS@gmail.com', '0100024636', '0600017019', '', 0, '', '', '4', '02310', 'ROMENY SUR MARNE', 'France', 0, 'never', 'courrier', 'not', '', '2012-11-10 17:12:35', '2012-11-10 17:12:35'),
(450, 'physique', 'prospect', 'M.', 'Lewis\r', 'FISCHER', '1980-04-27', 'Lewis\r.FISCHER@gmail.com', '0100021375', '0600018341', '', 0, '', '', '6', '02870', 'BUCY LES CERNY', 'France', 0, 'never', 'courrier', 'not', '', '2012-11-10 17:12:35', '2012-11-10 17:12:35'),
(451, 'physique', 'donateur', 'M.', 'Diego\r', 'BLIN', '1975-12-12', 'Diego\r.BLIN@caramail.com', '0100031389', '0600021474', '', 0, '', '', '8', '04330', 'SAINT LIONS', 'France', 0, 'never', 'courrier', 'not', '', '2012-11-10 17:12:35', '2012-11-10 17:12:35'),
(452, 'physique', 'prospect', 'Mme', 'Precilia\r', 'LEMAITRE', '1994-05-12', 'Precilia\r.LEMAITRE@gmail.com', '0100005389', '0600029292', '', 0, '', '', '12', '02700', 'MENNESSIS', 'France', 0, 'never', 'courrier', 'not', '', '2012-11-10 17:12:35', '2012-11-10 17:12:35'),
(453, 'physique', 'donateur', 'M.', 'Lounis\r', 'BOUCHET', '1976-10-20', 'Lounis\r.BOUCHET@hotmail.com', '0100025237', '0600007613', '', 0, '', '', '3', '02100', 'NEUVILLE SAINT AMAND', 'France', 0, 'never', 'courrier', 'not', '', '2012-11-10 17:12:35', '2012-11-10 17:12:35'),
(454, 'physique', 'donateur', 'M.', 'Jayden\r', 'COLLET', '1992-10-27', 'Jayden\r.COLLET@live.fr', '0100032097', '0600022423', '', 0, '', '', '13', '05260', 'SAINT MICHEL DE CHAILLOL', 'France', 0, 'never', 'courrier', 'not', '', '2012-11-10 17:12:35', '2012-11-10 17:12:35'),
(455, 'physique', 'donateur', 'M.', 'Donnovan\r', 'FERRAND', '1983-06-27', 'Donnovan\r.FERRAND@caramail.com', '0100029036', '0600008451', '', 0, '', '', '13', '02420', 'VENDHUILE', 'France', 0, 'never', 'courrier', 'not', '', '2012-11-10 17:12:35', '2012-11-10 17:12:35'),
(456, 'physique', 'prospect', 'Mme', 'Penelope\r', 'MENARD', '1993-05-03', 'Penelope\r.MENARD@live.fr', '0100007746', '0600017084', '', 0, '', '', '3', '03140', 'FLEURIEL', 'France', 0, 'never', 'courrier', 'not', '', '2012-11-10 17:12:35', '2012-11-10 17:12:35'),
(457, 'physique', 'prospect', 'M.', 'Ali\r', 'DUPRE', '1982-07-01', 'Ali\r.DUPRE@caramail.com', '0100009302', '0600020282', '', 0, '', '', '13', '01230', 'NIVOLLET MONTGRIFFON', 'France', 0, 'never', 'courrier', 'not', '', '2012-11-10 17:12:35', '2012-11-10 17:12:35'),
(458, 'physique', 'prospect', 'M.', 'Arsene\r', 'GARCIA', '1977-06-04', 'Arsene\r.GARCIA@caramail.com', '0100023358', '0600017449', '', 0, '', '', '9', '02600', 'VILLERS HELON', 'France', 0, 'never', 'courrier', 'not', '', '2012-11-10 17:12:35', '2012-11-10 17:12:35'),
(459, 'physique', 'prospect', 'M.', 'Lounes\r', 'GUILLET', '1995-05-28', 'Lounes\r.GUILLET@gmail.com', '0100007183', '0600025637', '', 0, '', '', '12', '01250', 'SIMANDRE SUR SURAN', 'France', 0, 'never', 'courrier', 'not', '', '2012-11-10 17:12:35', '2012-11-10 17:12:35'),
(460, 'physique', 'donateur', 'Mme', 'Charlotte\r', 'LABBE', '1978-11-13', 'Charlotte\r.LABBE@caramail.com', '0100013341', '0600024593', '', 0, '', '', '9', '02380', 'BASSOLES AULERS', 'France', 0, 'never', 'courrier', 'not', '', '2012-11-10 17:12:35', '2012-11-10 17:12:35'),
(461, 'physique', 'donateur', 'M.', 'Thimeo\r', 'BERTRAND', '1983-11-30', 'Thimeo\r.BERTRAND@hotmail.com', '0100024273', '0600011347', '', 0, '', '', '5', '02840', 'MONCEAU LE WAAST', 'France', 0, 'never', 'courrier', 'not', '', '2012-11-10 17:12:35', '2012-11-10 17:12:35'),
(462, 'physique', 'donateur', 'M.', 'Alvin\r', 'BESSE', '1979-09-11', 'Alvin\r.BESSE@live.fr', '0100006569', '0600017072', '', 0, '', '', '13', '06440', 'ESCARENE (L'')', 'France', 0, 'never', 'courrier', 'not', '', '2012-11-10 17:12:35', '2012-11-10 17:12:35'),
(463, 'physique', 'prospect', 'M.', 'Mahe\r', 'BLANCHARD', '1986-06-02', 'Mahe\r.BLANCHARD@gmail.com', '0100019445', '0600002764', '', 0, '', '', '13', '01260', 'LOCHIEU', 'France', 0, 'never', 'courrier', 'not', '', '2012-11-10 17:12:35', '2012-11-10 17:12:35'),
(464, 'physique', 'donateur', 'M.', 'Lucien\r', 'BONNET', '1990-10-19', 'Lucien\r.BONNET@gmail.com', '0100023677', '0600027232', '', 0, '', '', '13', '05140', 'MONTBRAND', 'France', 0, 'never', 'courrier', 'not', '', '2012-11-10 17:12:35', '2012-11-10 17:12:35'),
(465, 'physique', 'prospect', 'Mme', 'Sofia\r', 'DOUCET', '1991-11-25', 'Sofia\r.DOUCET@caramail.com', '0100000445', '0600007210', '', 0, '', '', '9', '06420', 'CLANS', 'France', 0, 'never', 'courrier', 'not', '', '2012-11-10 17:12:35', '2012-11-10 17:12:35'),
(466, 'physique', 'prospect', 'Mme', 'Orlanne\r', 'DAVID', '1980-04-20', 'Orlanne\r.DAVID@live.fr', '0100003511', '0600024577', '', 0, '', '', '3', '03270', 'HAUTERIVE', 'France', 0, 'never', 'courrier', 'not', '', '2012-11-10 17:12:35', '2012-11-10 17:12:35'),
(467, 'physique', 'donateur', 'M.', 'Aboubakar\r', 'PICARD', '1984-04-03', 'Aboubakar\r.PICARD@gmail.com', '0100010518', '0600015324', '', 0, '', '', '6', '02250', 'CHEVENNES', 'France', 0, 'never', 'courrier', 'not', '', '2012-11-10 17:12:35', '2012-11-10 17:12:35'),
(468, 'physique', 'donateur', 'Mme', 'Serena\r', 'MARTINEZ', '1982-01-25', 'Serena\r.MARTINEZ@hotmail.com', '0100011197', '0600003882', '', 0, '', '', '11', '02410', 'SAINT GOBAIN', 'France', 0, 'never', 'courrier', 'not', '', '2012-11-10 17:12:35', '2012-11-10 17:12:35'),
(469, 'physique', 'donateur', 'Mme', 'Beril\r', 'JACQUES', '1979-12-13', 'Beril\r.JACQUES@live.fr', '0100000082', '0600000109', '', 0, '', '', '12', '02340', 'BERLISE', 'France', 0, 'never', 'courrier', 'not', '', '2012-11-10 17:12:35', '2012-11-10 17:12:35'),
(470, 'physique', 'donateur', 'M.', 'Teo\r', 'DUVAL', '1983-06-08', 'Teo\r.DUVAL@caramail.com', '0100016766', '0600027365', '', 0, '', '', '9', '06390', 'CONTES', 'France', 0, 'never', 'courrier', 'not', '', '2012-11-10 17:12:35', '2012-11-10 17:12:35'),
(471, 'physique', 'prospect', 'M.', 'Antoine\r', 'GUILLOT', '1977-09-26', 'Antoine\r.GUILLOT@live.fr', '0100025900', '0600003580', '', 0, '', '', '6', '01230', 'SAINT RAMBERT EN BUGEY', 'France', 0, 'never', 'courrier', 'not', '', '2012-11-10 17:12:35', '2012-11-10 17:12:35'),
(472, 'physique', 'donateur', 'M.', 'Lounis\r', 'LEFORT', '1984-01-06', 'Lounis\r.LEFORT@gmail.com', '0100017619', '0600006426', '', 0, '', '', '10', '01470', 'MONTAGNIEU', 'France', 0, 'never', 'courrier', 'not', '', '2012-11-10 17:12:35', '2012-11-10 17:12:35'),
(473, 'physique', 'donateur', 'M.', 'Lou\r', 'LAVAL', '1981-02-01', 'Lou\r.LAVAL@caramail.com', '0100022423', '0600029267', '', 0, '', '', '8', '03420', 'SAINT FARGEOL', 'France', 0, 'never', 'courrier', 'not', '', '2012-11-10 17:12:35', '2012-11-10 17:12:35'),
(474, 'physique', 'donateur', 'M.', 'Alonzo\r', 'ARMAND', '1981-06-23', 'Alonzo\r.ARMAND@gmail.com', '0100004321', '0600011723', '', 0, '', '', '6', '02260', 'FROIDESTREES', 'France', 0, 'never', 'courrier', 'not', '', '2012-11-10 17:12:35', '2012-11-10 17:12:35'),
(475, 'physique', 'prospect', 'Mme', 'Soline\r', 'GEORGES', '1995-07-07', 'Soline\r.GEORGES@hotmail.com', '0100018979', '0600011319', '', 0, '', '', '9', '02400', 'CHATEAU THIERRY', 'France', 0, 'never', 'courrier', 'not', '', '2012-11-10 17:12:35', '2012-11-10 17:12:35'),
(476, 'physique', 'donateur', 'M.', 'Jonas\r', 'MASSON', '1983-11-13', 'Jonas\r.MASSON@gmail.com', '0100025529', '0600024785', '', 0, '', '', '14', '03260', 'SEUILLET', 'France', 0, 'never', 'courrier', 'not', '', '2012-11-10 17:12:35', '2012-11-10 17:12:35'),
(477, 'physique', 'prospect', 'M.', 'Bruno\r', 'SCHMITT', '1979-01-07', 'Bruno\r.SCHMITT@caramail.com', '0100025082', '0600006118', '', 0, '', '', '7', '01130', 'BELLEYDOUX', 'France', 0, 'never', 'courrier', 'not', '', '2012-11-10 17:12:35', '2012-11-10 17:12:35'),
(478, 'physique', 'donateur', 'Mme', 'Sanaa\r', 'DUPONT', '1980-01-17', 'Sanaa\r.DUPONT@hotmail.com', '0100023178', '0600027580', '', 0, '', '', '3', '01460', 'BRION', 'France', 0, 'never', 'courrier', 'not', '', '2012-11-10 17:12:35', '2012-11-10 17:12:35'),
(479, 'physique', 'prospect', 'M.', 'Dimitry\r', 'LAFON', '1995-06-11', 'Dimitry\r.LAFON@caramail.com', '0100022477', '0600019684', '', 0, '', '', '5', '02250', 'TAVAUX ET PONTSERICOURT', 'France', 0, 'never', 'courrier', 'not', '', '2012-11-10 17:12:35', '2012-11-10 17:12:35'),
(480, 'physique', 'prospect', 'Mme', 'Oxana\r', 'MALLET', '1980-03-12', 'Oxana\r.MALLET@live.fr', '0100005648', '0600013055', '', 0, '', '', '9', '03110', 'SAINT PONT', 'France', 0, 'never', 'courrier', 'not', '', '2012-11-10 17:12:35', '2012-11-10 17:12:35'),
(481, 'physique', 'prospect', 'M.', 'Denis\r', 'LAVAL', '1981-02-03', 'Denis\r.LAVAL@gmail.com', '0100019489', '0600005506', '', 0, '', '', '8', '03630', 'DESERTINES', 'France', 0, 'never', 'courrier', 'not', '', '2012-11-10 17:12:35', '2012-11-10 17:12:35'),
(482, 'physique', 'donateur', 'Mme', 'Nadia\r', 'JOUBERT', '1979-02-14', 'Nadia\r.JOUBERT@caramail.com', '0100002359', '0600021651', '', 0, '', '', '11', '03380', 'QUINSSAINES', 'France', 0, 'never', 'courrier', 'not', '', '2012-11-10 17:12:35', '2012-11-10 17:12:35'),
(483, 'physique', 'prospect', 'Mme', 'Noelly\r', 'VINCENT', '0000-00-00', 'Noelly\r.VINCENT@live.fr', '0100025818', '0600007879', '', 0, '', '', '13', '02590', 'GERMAINE', 'France', 0, 'never', 'courrier', 'not', '', '2012-11-10 17:12:35', '2012-11-10 17:12:35'),
(484, 'physique', 'donateur', 'Mme', 'Prunelle\r', 'VIDAL', '1976-05-29', 'Prunelle\r.VIDAL@live.fr', '0100001538', '0600032693', '', 0, '', '', '2', '02860', 'VORGES', 'France', 0, 'never', 'courrier', 'not', '', '2012-11-10 17:12:35', '2012-11-10 17:12:35'),
(485, 'physique', 'donateur', 'M.', 'Teo\r', 'GROS', '1995-01-21', 'Teo\r.GROS@gmail.com', '0100016127', '0600024477', '', 0, '', '', '4', '01190', 'PONT DE VAUX', 'France', 0, 'never', 'courrier', 'not', '', '2012-11-10 17:12:35', '2012-11-10 17:12:35'),
(486, 'physique', 'donateur', 'M.', 'Diego\r', 'BRUN', '1994-03-18', 'Diego\r.BRUN@live.fr', '0100031033', '0600025709', '', 0, '', '', '10', '05190', 'THEUS', 'France', 0, 'never', 'courrier', 'not', '', '2012-11-10 17:12:35', '2012-11-10 17:12:35'),
(487, 'physique', 'donateur', 'M.', 'Arsene\r', 'BLONDEAU', '1981-07-29', 'Arsene\r.BLONDEAU@gmail.com', '0100030470', '0600004215', '', 0, '', '', '9', '01400', 'CHATILLON SUR CHALARONNE', 'France', 0, 'never', 'courrier', 'not', '', '2012-11-10 17:12:35', '2012-11-10 17:12:35'),
(488, 'physique', 'donateur', 'M.', 'Tony\r', 'GEORGES', '1978-11-13', 'Tony\r.GEORGES@gmail.com', '0100031592', '0600026362', '', 0, '', '', '13', '02310', 'CROUTTES SUR MARNE', 'France', 0, 'never', 'courrier', 'not', '', '2012-11-10 17:12:35', '2012-11-10 17:12:35'),
(489, 'physique', 'prospect', 'Mme', 'Bathilde\r', 'POULAIN', '1984-03-30', 'Bathilde\r.POULAIN@gmail.com', '0100004905', '0600028873', '', 0, '', '', '9', '02500', 'NEUVE MAISON', 'France', 0, 'never', 'courrier', 'not', '', '2012-11-10 17:12:35', '2012-11-10 17:12:35'),
(490, 'physique', 'donateur', 'M.', 'Bryan\r', 'COURTOIS', '1992-06-18', 'Bryan\r.COURTOIS@gmail.com', '0100032312', '0600025182', '', 0, '', '', '5', '02800', 'MAYOT', 'France', 0, 'never', 'courrier', 'not', '', '2012-11-10 17:12:35', '2012-11-10 17:12:35'),
(491, 'physique', 'prospect', 'Mme', 'Naomie\r', 'LESAGE', '1993-12-07', 'Naomie\r.LESAGE@gmail.com', '0100018067', '0600005634', '', 0, '', '', '8', '02270', 'ASSIS SUR SERRE', 'France', 0, 'never', 'courrier', 'not', '', '2012-11-10 17:12:35', '2012-11-10 17:12:35'),
(492, 'physique', 'donateur', 'M.', 'Ahmet\r', 'DELANNOY', '1983-06-05', 'Ahmet\r.DELANNOY@gmail.com', '0100030508', '0600030363', '', 0, '', '', '12', '02700', 'CONDREN', 'France', 0, 'never', 'courrier', 'not', '', '2012-11-10 17:12:35', '2012-11-10 17:12:35'),
(493, 'physique', 'donateur', 'Mme', 'Oumayma\r', 'LEFORT', '1990-07-16', 'Oumayma\r.LEFORT@caramail.com', '0100008554', '0600010230', '', 0, '', '', '4', '01380', 'DOMMARTIN', 'France', 0, 'never', 'courrier', 'not', '', '2012-11-10 17:12:35', '2012-11-10 17:12:35'),
(494, 'physique', 'donateur', 'Mme', 'Oanell\r', 'RENARD', '1991-05-28', 'Oanell\r.RENARD@live.fr', '0100003388', '0600029284', '', 0, '', '', '4', '04510', 'CHAFFAUT SAINT JURSON (LE)', 'France', 0, 'never', 'courrier', 'not', '', '2012-11-10 17:12:35', '2012-11-10 17:12:35'),
(495, 'physique', 'donateur', 'Mme', 'Benedicte\r', 'GROS', '1978-03-01', 'Benedicte\r.GROS@hotmail.com', '0100008442', '0600020687', '', 0, '', '', '7', '03340', 'SAINT GERAND DE VAUX', 'France', 0, 'never', 'courrier', 'not', '', '2012-11-10 17:12:35', '2012-11-10 17:12:35'),
(496, 'physique', 'prospect', 'M.', 'Djino\r', 'GROS', '1992-09-04', 'Djino\r.GROS@gmail.com', '0100003312', '0600011591', '', 0, '', '', '8', '03420', 'PETITE MARCHE (LA)', 'France', 0, 'never', 'courrier', 'not', '', '2012-11-10 17:12:35', '2012-11-10 17:12:35'),
(497, 'physique', 'donateur', 'M.', 'Diogo\r', 'DESCAMPS', '1984-04-15', 'Diogo\r.DESCAMPS@live.fr', '0100001172', '0600021244', '', 0, '', '', '5', '01250', 'JOURNANS', 'France', 0, 'never', 'courrier', 'not', '', '2012-11-10 17:12:35', '2012-11-10 17:12:35'),
(498, 'physique', 'prospect', 'Mme', 'Nyla\r', 'LAMY', '1989-01-10', 'Nyla\r.LAMY@live.fr', '0100020201', '0600028320', '', 0, '', '', '9', '02220', 'SAINT THIBAUT', 'France', 0, 'never', 'courrier', 'not', '', '2012-11-10 17:12:35', '2012-11-10 17:12:35'),
(499, 'physique', 'prospect', 'Mme', 'Cassandre\r', 'BOUCHET', '1978-02-06', 'Cassandre\r.BOUCHET@hotmail.com', '0100007901', '0600015811', '', 0, '', '', '2', '02400', 'AZY SUR MARNE', 'France', 0, 'never', 'courrier', 'not', '', '2012-11-10 17:12:35', '2012-11-10 17:12:35'),
(500, 'physique', 'prospect', 'Mme', 'Chayma\r', 'KLEIN', '1992-07-19', 'Chayma\r.KLEIN@gmail.com', '0100024303', '0600005850', '', 0, '', '', '14', '02490', 'PONTRUET', 'France', 0, 'never', 'courrier', 'not', '', '2012-11-10 17:12:35', '2012-11-10 17:12:35'),
(501, 'physique', 'prospect', 'M.', 'Thymeo\r', 'LEFORT', '1989-02-03', 'Thymeo\r.LEFORT@gmail.com', '0100024728', '0600010584', '', 0, '', '', '2', '01250', 'REVONNAS', 'France', 0, 'never', 'courrier', 'not', '', '2012-11-10 17:12:35', '2012-11-10 17:12:35'),
(502, 'physique', 'donateur', 'Mme', 'Sophia\r', 'ROCHE', '1985-06-12', 'Sophia\r.ROCHE@hotmail.com', '0100007689', '0600031683', '', 0, '', '', '11', '02600', 'LOUATRE', 'France', 0, 'never', 'courrier', 'not', '', '2012-11-10 17:12:35', '2012-11-10 17:12:35'),
(503, 'physique', 'prospect', 'M.', 'Dante\r', 'ROCHE', '1985-11-10', 'Dante\r.ROCHE@hotmail.com', '0100024895', '0600019878', '', 0, '', '', '12', '02160', 'GLENNES', 'France', 0, 'never', 'courrier', 'not', '', '2012-11-10 17:12:35', '2012-11-10 17:12:35'),
(504, 'physique', 'donateur', 'M.', 'Mayron\r', 'PETIT', '1982-11-14', 'Mayron\r.PETIT@live.fr', '0100024611', '0600005625', '', 0, '', '', '12', '05340', 'PELVOUX', 'France', 0, 'never', 'courrier', 'not', '', '2012-11-10 17:12:35', '2012-11-10 17:12:35'),
(505, 'physique', 'donateur', 'M.', 'Andy\r', 'FISCHER', '1995-01-10', 'Andy\r.FISCHER@live.fr', '0100000729', '0600015157', '', 0, '', '', '10', '02170', 'NOUVION EN THIERACHE (LE)', 'France', 0, 'never', 'courrier', 'not', '', '2012-11-10 17:12:35', '2012-11-10 17:12:35'),
(506, 'physique', 'prospect', 'M.', 'Jocelyn\r', 'DUCLOS', '1976-03-09', 'Jocelyn\r.DUCLOS@live.fr', '0100013903', '0600003269', '', 0, '', '', '8', '05400', 'ROCHE DES ARNAUDS (LA)', 'France', 0, 'never', 'courrier', 'not', '', '2012-11-10 17:12:35', '2012-11-10 17:12:35'),
(507, 'physique', 'donateur', 'M.', 'Alistair\r', 'LAINE', '1995-04-20', 'Alistair\r.LAINE@hotmail.com', '0100018934', '0600003015', '', 0, '', '', '13', '04200', 'SIGOYER', 'France', 0, 'never', 'courrier', 'not', '', '2012-11-10 17:12:35', '2012-11-10 17:12:35'),
(508, 'physique', 'prospect', 'M.', 'Darell\r', 'PHILIPPE', '1981-09-17', 'Darell\r.PHILIPPE@live.fr', '0100016551', '0600011998', '', 0, '', '', '2', '02440', 'LY FONTAINE', 'France', 0, 'never', 'courrier', 'not', '', '2012-11-10 17:12:35', '2012-11-10 17:12:35'),
(509, 'physique', 'prospect', 'Mme', 'Candice\r', 'LACOSTE', '1987-05-01', 'Candice\r.LACOSTE@gmail.com', '0100028604', '0600006317', '', 0, '', '', '10', '02380', 'LEUILLY SOUS COUCY', 'France', 0, 'never', 'courrier', 'not', '', '2012-11-10 17:12:35', '2012-11-10 17:12:35'),
(510, 'physique', 'prospect', 'M.', 'Jim\r', 'ARMAND', '1977-12-17', 'Jim\r.ARMAND@gmail.com', '0100005976', '0600018909', '', 0, '', '', '7', '01260', 'LOMPNIEU', 'France', 0, 'never', 'courrier', 'not', '', '2012-11-10 17:12:35', '2012-11-10 17:12:35'),
(511, 'physique', 'prospect', 'M.', 'Jassim\r', 'GUICHARD', '1976-03-22', 'Jassim\r.GUICHARD@live.fr', '0100025440', '0600014046', '', 0, '', '', '12', '03360', 'VALIGNY', 'France', 0, 'never', 'courrier', 'not', '', '2012-11-10 17:12:35', '2012-11-10 17:12:35'),
(512, 'physique', 'prospect', 'M.', 'Batuhan\r', 'BOUVET', '1981-03-22', 'Batuhan\r.BOUVET@hotmail.com', '0100010335', '0600026484', '', 0, '', '', '14', '02110', 'CROIX FONSOMMES', 'France', 0, 'never', 'courrier', 'not', '', '2012-11-10 17:12:35', '2012-11-10 17:12:35'),
(513, 'physique', 'prospect', 'Mme', 'Basma\r', 'COUSIN', '1995-07-17', 'Basma\r.COUSIN@hotmail.com', '0100012675', '0600013649', '', 0, '', '', '3', '02720', 'MESNIL SAINT LAURENT', 'France', 0, 'never', 'courrier', 'not', '', '2012-11-10 17:12:35', '2012-11-10 17:12:35'),
(514, 'physique', 'prospect', 'M.', 'Bayram\r', 'FERRE', '1975-08-23', 'Bayram\r.FERRE@hotmail.com', '0100024565', '0600003756', '', 0, '', '', '7', '04120', 'ROUGON', 'France', 0, 'never', 'courrier', 'not', '', '2012-11-10 17:12:35', '2012-11-10 17:12:35'),
(515, 'physique', 'donateur', 'M.', 'Joe\r', 'LAPORTE', '1981-02-04', 'Joe\r.LAPORTE@live.fr', '0100027476', '0600028722', '', 0, '', '', '4', '05330', 'SERRE CHEVALIER', 'France', 0, 'never', 'courrier', 'not', '', '2012-11-10 17:12:35', '2012-11-10 17:12:35'),
(516, 'physique', 'prospect', 'Mme', 'Perle\r', 'PERROT', '1982-10-03', 'Perle\r.PERROT@hotmail.com', '0100009173', '0600004262', '', 0, '', '', '12', '05470', 'AIGUILLES', 'France', 0, 'never', 'courrier', 'not', '', '2012-11-10 17:12:35', '2012-11-10 17:12:35'),
(517, 'physique', 'donateur', 'Mme', 'Sirine\r', 'GIRARD', '1983-11-19', 'Sirine\r.GIRARD@hotmail.com', '0100031835', '0600019430', '', 0, '', '', '5', '02340', 'LISLET', 'France', 0, 'never', 'courrier', 'not', '', '2012-11-10 17:12:35', '2012-11-10 17:12:35'),
(518, 'physique', 'donateur', 'M.', 'Maxime\r', 'GEOFFROY', '1990-11-04', 'Maxime\r.GEOFFROY@gmail.com', '0100009640', '0600029627', '', 0, '', '', '13', '01260', 'BRENAZ', 'France', 0, 'never', 'courrier', 'not', '', '2012-11-10 17:12:35', '2012-11-10 17:12:35'),
(519, 'physique', 'prospect', 'M.', 'Ayman\r', 'PAPIN', '1989-10-20', 'Ayman\r.PAPIN@hotmail.com', '0100013659', '0600025851', '', 0, '', '', '12', '04110', 'REILLANNE', 'France', 0, 'never', 'courrier', 'not', '', '2012-11-10 17:12:35', '2012-11-10 17:12:35'),
(520, 'physique', 'prospect', 'M.', 'Audric\r', 'LEFORT', '1976-11-07', 'Audric\r.LEFORT@hotmail.com', '0100026469', '0600003316', '', 0, '', '', '7', '03130', 'SAINT LEGER SUR VOUZANCE', 'France', 0, 'never', 'courrier', 'not', '', '2012-11-10 17:12:35', '2012-11-10 17:12:35'),
(521, 'physique', 'prospect', 'Mme', 'Stella\r', 'BOUVIER', '1981-07-27', 'Stella\r.BOUVIER@live.fr', '0100031667', '0600018033', '', 0, '', '', '4', '02150', 'NIZY LE COMTE', 'France', 0, 'never', 'courrier', 'not', '', '2012-11-10 17:12:35', '2012-11-10 17:12:35'),
(522, 'physique', 'donateur', 'Mme', 'Claudia\r', 'BOUCHARD', '1982-09-15', 'Claudia\r.BOUCHARD@caramail.com', '0100003180', '0600005927', '', 0, '', '', '10', '02240', 'RIBEMONT', 'France', 0, 'never', 'courrier', 'not', '', '2012-11-10 17:12:35', '2012-11-10 17:12:35'),
(523, 'physique', 'donateur', 'Mme', 'Nadine\r', 'ARNAUD', '1993-05-13', 'Nadine\r.ARNAUD@live.fr', '0100022560', '0600005640', '', 0, '', '', '9', '06160', 'JUAN LES PINS', 'France', 0, 'never', 'courrier', 'not', '', '2012-11-10 17:12:35', '2012-11-10 17:12:35'),
(524, 'physique', 'prospect', 'M.', 'Lylian\r', 'BENARD', '1983-09-09', 'Lylian\r.BENARD@caramail.com', '0100019611', '0600026694', '', 0, '', '', '10', '02470', 'DAMMARD', 'France', 0, 'never', 'courrier', 'not', '', '2012-11-10 17:12:35', '2012-11-10 17:12:35'),
(525, 'physique', 'donateur', 'Mme', 'Baya\r', 'CAMUS', '1994-08-30', 'Baya\r.CAMUS@hotmail.com', '0100023759', '0600028277', '', 0, '', '', '6', '01320', 'CHATENAY', 'France', 0, 'never', 'courrier', 'not', '', '2012-11-10 17:12:35', '2012-11-10 17:12:35'),
(526, 'physique', 'donateur', 'M.', 'Lohan\r', 'VIDAL', '1988-12-20', 'Lohan\r.VIDAL@caramail.com', '0100008889', '0600006298', '', 0, '', '', '11', '05300', 'BARRET LE BAS', 'France', 0, 'never', 'courrier', 'not', '', '2012-11-10 17:12:35', '2012-11-10 17:12:35'),
(527, 'physique', 'donateur', 'Mme', 'Priscille\r', 'IMBERT', '1986-12-30', 'Priscille\r.IMBERT@live.fr', '0100023076', '0600008611', '', 0, '', '', '8', '01300', 'VIRIGNIN', 'France', 0, 'never', 'courrier', 'not', '', '2012-11-10 17:12:35', '2012-11-10 17:12:35'),
(528, 'physique', 'prospect', 'M.', 'Jayden\r', 'PERRET', '1981-12-24', 'Jayden\r.PERRET@live.fr', '0100011740', '0600021764', '', 0, '', '', '7', '02600', 'FAVEROLLES', 'France', 0, 'never', 'courrier', 'not', '', '2012-11-10 17:12:35', '2012-11-10 17:12:35'),
(529, 'physique', 'donateur', 'M.', 'Aurelien\r', 'PERRET', '1976-07-08', 'Aurelien\r.PERRET@gmail.com', '0100027292', '0600027002', '', 0, '', '', '14', '02600', 'SAINT PIERRE AIGLE', 'France', 0, 'never', 'courrier', 'not', '', '2012-11-10 17:12:35', '2012-11-10 17:12:35'),
(530, 'physique', 'donateur', 'M.', 'Adam\r', 'OLLIVIER', '1989-07-03', 'Adam\r.OLLIVIER@hotmail.com', '0100017862', '0600031869', '', 0, '', '', '14', '03430', 'VILLEFRANCHE D''ALLIER', 'France', 0, 'never', 'courrier', 'not', '', '2012-11-10 17:12:35', '2012-11-10 17:12:35'),
(531, 'physique', 'prospect', 'Mme', 'Basma\r', 'GALLET', '1977-04-03', 'Basma\r.GALLET@hotmail.com', '0100020917', '0600013236', '', 0, '', '', '11', '02200', 'PLOISY', 'France', 0, 'never', 'courrier', 'not', '', '2012-11-10 17:12:35', '2012-11-10 17:12:35'),
(532, 'physique', 'prospect', 'M.', 'Adonis\r', 'FABRE', '1987-01-08', 'Adonis\r.FABRE@hotmail.com', '0100001092', '0600025190', '', 0, '', '', '7', '01100', 'GEOVREISSET', 'France', 0, 'never', 'courrier', 'not', '', '2012-11-10 17:12:35', '2012-11-10 17:12:35'),
(533, 'physique', 'donateur', 'Mme', 'Bleuenn\r', 'DUPUY', '1985-02-17', 'Bleuenn\r.DUPUY@gmail.com', '0100020165', '0600017872', '', 0, '', '', '6', '02140', 'BOUTEILLE (LA)', 'France', 0, 'never', 'courrier', 'not', '', '2012-11-10 17:12:35', '2012-11-10 17:12:35'),
(534, 'physique', 'prospect', 'Mme', 'Orianne\r', 'GUICHARD', '1976-03-23', 'Orianne\r.GUICHARD@gmail.com', '0100004623', '0600027244', '', 0, '', '', '14', '02190', 'JUVINCOURT ET DAMARY', 'France', 0, 'never', 'courrier', 'not', '', '2012-11-10 17:12:35', '2012-11-10 17:12:35'),
(535, 'physique', 'prospect', 'M.', 'Lony\r', 'BESSE', '1986-07-16', 'Lony\r.BESSE@gmail.com', '0100011296', '0600000037', '', 0, '', '', '3', '02140', 'HOURY', 'France', 0, 'never', 'courrier', 'not', '', '2012-11-10 17:12:35', '2012-11-10 17:12:35'),
(536, 'physique', 'prospect', 'Mme', 'Pascaline\r', 'LEMAITRE', '1992-07-06', 'Pascaline\r.LEMAITRE@hotmail.com', '0100027598', '0600000008', '', 0, '', '', '6', '06850', 'BRIANCONNET', 'France', 0, 'never', 'courrier', 'not', '', '2012-11-10 17:12:35', '2012-11-10 17:12:35'),
(537, 'physique', 'donateur', 'Mme', 'Celine\r', 'FERRE', '1982-07-15', 'Celine\r.FERRE@hotmail.com', '0100019462', '0600007061', '', 0, '', '', '14', '05500', 'COSTES (LES)', 'France', 0, 'never', 'courrier', 'not', '', '2012-11-10 17:12:35', '2012-11-10 17:12:35'),
(538, 'physique', 'prospect', 'Mme', 'Ava\r', 'HUET', '1983-10-18', 'Ava\r.HUET@live.fr', '0100009242', '0600031465', '', 0, '', '', '9', '02240', 'MEZIERES SUR OISE', 'France', 0, 'never', 'courrier', 'not', '', '2012-11-10 17:12:35', '2012-11-10 17:12:35'),
(539, 'physique', 'prospect', 'M.', 'Jawad\r', 'ROSE', '1978-04-19', 'Jawad\r.ROSE@hotmail.com', '0100004133', '0600027525', '', 0, '', '', '5', '02860', 'CHERMIZY AILLES', 'France', 0, 'never', 'courrier', 'not', '', '2012-11-10 17:12:35', '2012-11-10 17:12:35'),
(540, 'physique', 'donateur', 'Mme', 'Selene\r', 'GONCALVES', '1992-07-07', 'Selene\r.GONCALVES@gmail.com', '0100029113', '0600008897', '', 0, '', '', '13', '01450', 'MERIGNAT', 'France', 0, 'never', 'courrier', 'not', '', '2012-11-10 17:12:35', '2012-11-10 17:12:35'),
(541, 'physique', 'donateur', 'Mme', 'Olivia\r', 'DUMONT', '1984-01-22', 'Olivia\r.DUMONT@gmail.com', '0100001471', '0600001524', '', 0, '', '', '5', '01380', 'DOMMARTIN', 'France', 0, 'never', 'courrier', 'not', '', '2012-11-10 17:12:35', '2012-11-10 17:12:35'),
(542, 'physique', 'prospect', 'Mme', 'Claudia\r', 'CARPENTIER', '1977-02-07', 'Claudia\r.CARPENTIER@gmail.com', '0100011637', '0600002131', '', 0, '', '', '9', '06100', 'NICE', 'France', 0, 'never', 'courrier', 'not', '', '2012-11-10 17:12:35', '2012-11-10 17:12:35'),
(543, 'physique', 'prospect', 'Mme', 'Nora\r', 'PERRET', '1988-06-15', 'Nora\r.PERRET@hotmail.com', '0100004011', '0600017903', '', 0, '', '', '13', '01150', 'LAGNIEU', 'France', 0, 'never', 'courrier', 'not', '', '2012-11-10 17:12:35', '2012-11-10 17:12:35'),
(544, 'physique', 'donateur', 'M.', 'Matt\r', 'BASSET', '1978-11-22', 'Matt\r.BASSET@gmail.com', '0100020777', '0600007860', '', 0, '', '', '2', '05350', 'ARVIEUX', 'France', 0, 'never', 'courrier', 'not', '', '2012-11-10 17:12:35', '2012-11-10 17:12:35'),
(545, 'physique', 'donateur', 'Mme', 'Oanell\r', 'FLEURY', '1976-06-30', 'Oanell\r.FLEURY@live.fr', '0100010443', '0600030896', '', 0, '', '', '7', '04170', 'THORAME BASSE', 'France', 0, 'never', 'courrier', 'not', '', '2012-11-10 17:12:35', '2012-11-10 17:12:35'),
(546, 'physique', 'prospect', 'Mme', 'Poema\r', 'PARMENTIER', '1988-04-29', 'Poema\r.PARMENTIER@hotmail.com', '0100008707', '0600014104', '', 0, '', '', '14', '01140', 'ILLIAT', 'France', 0, 'never', 'courrier', 'not', '', '2012-11-10 17:12:35', '2012-11-10 17:12:35'),
(547, 'physique', 'donateur', 'M.', 'Tomas\r', 'PUJOL', '1993-04-19', 'Tomas\r.PUJOL@gmail.com', '0100007348', '0600015404', '', 0, '', '', '10', '04510', 'MALLEMOISSON', 'France', 0, 'never', 'courrier', 'not', '', '2012-11-10 17:12:35', '2012-11-10 17:12:35'),
(548, 'physique', 'prospect', 'M.', 'Luka\r', 'POISSON', '1993-01-12', 'Luka\r.POISSON@caramail.com', '0100000525', '0600002727', '', 0, '', '', '8', '02800', 'DANIZY', 'France', 0, 'never', 'courrier', 'not', '', '2012-11-10 17:12:35', '2012-11-10 17:12:35'),
(549, 'physique', 'donateur', 'M.', 'Thiago\r', 'BLANCHARD', '1983-12-21', 'Thiago\r.BLANCHARD@live.fr', '0100002450', '0600013792', '', 0, '', '', '13', '01290', 'PONT DE VEYLE', 'France', 0, 'never', 'courrier', 'not', '', '2012-11-10 17:12:35', '2012-11-10 17:12:35'),
(550, 'physique', 'prospect', 'M.', 'Demis\r', 'FERRE', '1989-12-29', 'Demis\r.FERRE@caramail.com', '0100000376', '0600010537', '', 0, '', '', '6', '02480', 'ARTEMPS', 'France', 0, 'never', 'courrier', 'not', '', '2012-11-10 17:12:35', '2012-11-10 17:12:35'),
(551, 'physique', 'donateur', 'Mme', 'Prescillia\r', 'COLIN', '1980-05-23', 'Prescillia\r.COLIN@hotmail.com', '0100030099', '0600025366', '', 0, '', '', '11', '02200', 'ROZIERES SUR CRISE', 'France', 0, 'never', 'courrier', 'not', '', '2012-11-10 17:12:35', '2012-11-10 17:12:35'),
(552, 'physique', 'prospect', 'M.', 'Thibault\r', 'REYNAUD', '1985-01-10', 'Thibault\r.REYNAUD@gmail.com', '0100015936', '0600016530', '', 0, '', '', '13', '01550', 'COLLONGES', 'France', 0, 'never', 'courrier', 'not', '', '2012-11-10 17:12:35', '2012-11-10 17:12:35'),
(553, 'physique', 'prospect', 'Mme', 'Stella\r', 'COULON', '1977-03-09', 'Stella\r.COULON@live.fr', '0100002909', '0600026619', '', 0, '', '', '14', '03140', 'TAXAT SENAT', 'France', 0, 'never', 'courrier', 'not', '', '2012-11-10 17:12:35', '2012-11-10 17:12:35'),
(554, 'physique', 'donateur', 'M.', 'Jo?o\r', 'BRUNEL', '1990-11-05', 'Jo?o\r.BRUNEL@hotmail.com', '0100000289', '0600004270', '', 0, '', '', '11', '02360', 'MONT SAINT JEAN', 'France', 0, 'never', 'courrier', 'not', '', '2012-11-10 17:12:35', '2012-11-10 17:12:35'),
(555, 'physique', 'donateur', 'Mme', 'Chayma\r', 'JUNG', '1980-01-03', 'Chayma\r.JUNG@caramail.com', '0100031836', '0600000319', '', 0, '', '', '10', '02190', 'GUIGNICOURT', 'France', 0, 'never', 'courrier', 'not', '', '2012-11-10 17:12:35', '2012-11-10 17:12:35'),
(556, 'physique', 'prospect', 'M.', 'Logan\r', 'MAHE', '1979-03-31', 'Logan\r.MAHE@gmail.com', '0100024818', '0600020347', '', 0, '', '', '3', '02460', 'TROESNES', 'France', 0, 'never', 'courrier', 'not', '', '2012-11-10 17:12:35', '2012-11-10 17:12:35'),
(557, 'physique', 'prospect', 'Mme', 'Polina\r', 'SANCHEZ', '1991-06-05', 'Polina\r.SANCHEZ@gmail.com', '0100025833', '0600009238', '', 0, '', '', '4', '04120', 'CASTELLANE', 'France', 0, 'never', 'courrier', 'not', '', '2012-11-10 17:12:35', '2012-11-10 17:12:35'),
(558, 'physique', 'donateur', 'Mme', 'Paulyne\r', 'FERRY', '1992-07-06', 'Paulyne\r.FERRY@caramail.com', '0100006631', '0600005627', '', 0, '', '', '2', '02500', 'LOGNY LES AUBENTON', 'France', 0, 'never', 'courrier', 'not', '', '2012-11-10 17:12:35', '2012-11-10 17:12:35'),
(559, 'physique', 'prospect', 'Mme', 'Bochra\r', 'DELATTRE', '1985-05-04', 'Bochra\r.DELATTRE@caramail.com', '0100011674', '0600031442', '', 0, '', '', '14', '04160', 'CHATEAU ARNOUX SAINT AUBAN', 'France', 0, 'never', 'courrier', 'not', '', '2012-11-10 17:12:35', '2012-11-10 17:12:35'),
(560, 'physique', 'prospect', 'M.', 'Louka\r', 'MATHIEU', '1989-07-27', 'Louka\r.MATHIEU@caramail.com', '0100017480', '0600029312', '', 0, '', '', '4', '01630', 'SERGY', 'France', 0, 'never', 'courrier', 'not', '', '2012-11-10 17:12:35', '2012-11-10 17:12:35'),
(561, 'physique', 'prospect', 'Mme', 'Bettina\r', 'DUHAMEL', '1985-04-01', 'Bettina\r.DUHAMEL@live.fr', '0100005694', '0600022636', '', 0, '', '', '7', '02250', 'SAINT PIERREMONT', 'France', 0, 'never', 'courrier', 'not', '', '2012-11-10 17:12:35', '2012-11-10 17:12:35'),
(562, 'physique', 'prospect', 'M.', 'Loris\r', 'LE BIHAN', '1985-06-23', 'Loris\r.LE BIHAN@caramail.com', '0100016022', '0600017601', '', 0, '', '', '7', '01550', 'COLLONGES', 'France', 0, 'never', 'courrier', 'not', '', '2012-11-10 17:12:35', '2012-11-10 17:12:35'),
(563, 'physique', 'donateur', 'M.', 'Doryan\r', 'LE ROY', '1984-07-20', 'Doryan\r.LE ROY@hotmail.com', '0100010823', '0600000952', '', 0, '', '', '4', '03140', 'CHEZELLE', 'France', 0, 'never', 'courrier', 'not', '', '2012-11-10 17:12:35', '2012-11-10 17:12:35'),
(564, 'physique', 'donateur', 'M.', 'Djibryl\r', 'MARCHAND', '1975-05-23', 'Djibryl\r.MARCHAND@live.fr', '0100000321', '0600024885', '', 0, '', '', '8', '02500', 'WIMY', 'France', 0, 'never', 'courrier', 'not', '', '2012-11-10 17:12:35', '2012-11-10 17:12:35'),
(565, 'physique', 'donateur', 'M.', 'Aime\r', 'LE GOFF', '1984-06-09', 'Aime\r.LE GOFF@gmail.com', '0100009152', '0600027422', '', 0, '', '', '2', '03150', 'CRECHY', 'France', 0, 'never', 'courrier', 'not', '', '2012-11-10 17:12:35', '2012-11-10 17:12:35'),
(566, 'physique', 'donateur', 'M.', 'Toni\r', 'FAURE', '1995-02-21', 'Toni\r.FAURE@hotmail.com', '0100015962', '0600029832', '', 0, '', '', '6', '01560', 'VESCOURS', 'France', 0, 'never', 'courrier', 'not', '', '2012-11-10 17:12:35', '2012-11-10 17:12:35'),
(567, 'physique', 'donateur', 'Mme', 'Orlanne\r', 'CHATELAIN', '1984-09-08', 'Orlanne\r.CHATELAIN@gmail.com', '0100002296', '0600031743', '', 0, '', '', '4', '01200', 'CONFORT', 'France', 0, 'never', 'courrier', 'not', '', '2012-11-10 17:12:36', '2012-11-10 17:12:36'),
(568, 'physique', 'prospect', 'M.', 'Diogo\r', 'GERMAIN', '1990-02-28', 'Diogo\r.GERMAIN@hotmail.com', '0100013788', '0600003376', '', 0, '', '', '8', '03210', 'SAINT MENOUX', 'France', 0, 'never', 'courrier', 'not', '', '2012-11-10 17:12:36', '2012-11-10 17:12:36'),
(569, 'physique', 'donateur', 'Mme', 'Pelin\r', 'HUMBERT', '1980-06-29', 'Pelin\r.HUMBERT@caramail.com', '0100027270', '0600003387', '', 0, '', '', '11', '04120', 'FOUX (LA)', 'France', 0, 'never', 'courrier', 'not', '', '2012-11-10 17:12:36', '2012-11-10 17:12:36'),
(570, 'physique', 'prospect', 'Mme', 'Nina\r', 'COLIN', '1993-12-03', 'Nina\r.COLIN@gmail.com', '0100006026', '0600024669', '', 0, '', '', '13', '04240', 'FUGERET (LE)', 'France', 0, 'never', 'courrier', 'not', '', '2012-11-10 17:12:36', '2012-11-10 17:12:36'),
(571, 'physique', 'donateur', 'M.', 'Andrea\r', 'JACOB', '1987-11-13', 'Andrea\r.JACOB@caramail.com', '0100025176', '0600006775', '', 0, '', '', '9', '03190', 'VAUX', 'France', 0, 'never', 'courrier', 'not', '', '2012-11-10 17:12:36', '2012-11-10 17:12:36'),
(572, 'physique', 'prospect', 'Mme', 'Clothilde\r', 'BLONDEAU', '1992-03-26', 'Clothilde\r.BLONDEAU@live.fr', '0100013687', '0600008417', '', 0, '', '', '9', '02330', 'CONDE EN BRIE', 'France', 0, 'never', 'courrier', 'not', '', '2012-11-10 17:12:36', '2012-11-10 17:12:36'),
(573, 'physique', 'prospect', 'M.', 'Don\r', 'GUERIN', '1981-11-27', 'Don\r.GUERIN@live.fr', '0100008682', '0600001539', '', 0, '', '', '10', '03230', 'CHAPELLE AUX CHASSES (LA)', 'France', 0, 'never', 'courrier', 'not', '', '2012-11-10 17:12:36', '2012-11-10 17:12:36'),
(574, 'physique', 'donateur', 'M.', 'Titouan\r', 'BOUCHER', '1991-12-18', 'Titouan\r.BOUCHER@hotmail.com', '0100016040', '0600025031', '', 0, '', '', '8', '01851', 'MARBOZ', 'France', 0, 'never', 'courrier', 'not', '', '2012-11-10 17:12:36', '2012-11-10 17:12:36'),
(575, 'physique', 'donateur', 'Mme', 'Nais\r', 'KLEIN', '1988-02-05', 'Nais\r.KLEIN@caramail.com', '0100019671', '0600018845', '', 0, '', '', '5', '01560', 'COURTES', 'France', 0, 'never', 'courrier', 'not', '', '2012-11-10 17:12:36', '2012-11-10 17:12:36'),
(576, 'physique', 'prospect', 'Mme', 'Baya\r', 'BRUN', '1985-11-20', 'Baya\r.BRUN@gmail.com', '0100018297', '0600021414', '', 0, '', '', '11', '05800', 'SAINT MAURICE EN VALGODEMARD', 'France', 0, 'never', 'courrier', 'not', '', '2012-11-10 17:12:36', '2012-11-10 17:12:36'),
(577, 'physique', 'prospect', 'M.', 'Lisandro\r', 'GIRARD', '1976-07-03', 'Lisandro\r.GIRARD@live.fr', '0100024160', '0600031335', '', 0, '', '', '9', '02490', 'JEANCOURT', 'France', 0, 'never', 'courrier', 'not', '', '2012-11-10 17:12:36', '2012-11-10 17:12:36'),
(578, 'physique', 'prospect', 'Mme', 'Paula\r', 'MOUNIER', '1986-08-29', 'Paula\r.MOUNIER@caramail.com', '0100007592', '0600000766', '', 0, '', '', '14', '02200', 'NAMPTEUIL SOUS MURET', 'France', 0, 'never', 'courrier', 'not', '', '2012-11-10 17:12:36', '2012-11-10 17:12:36'),
(579, 'physique', 'prospect', 'M.', 'Jawed\r', 'AUBERT', '1988-10-19', 'Jawed\r.AUBERT@caramail.com', '0100015266', '0600023228', '', 0, '', '', '3', '03260', 'SEUILLET', 'France', 0, 'never', 'courrier', 'not', '', '2012-11-10 17:12:36', '2012-11-10 17:12:36'),
(580, 'physique', 'prospect', 'M.', 'Amael\r', 'BRUNEAU', '1986-08-05', 'Amael\r.BRUNEAU@live.fr', '0100022578', '0600026398', '', 0, '', '', '2', '03250', 'CHATEL MONTAGNE', 'France', 0, 'never', 'courrier', 'not', '', '2012-11-10 17:12:36', '2012-11-10 17:12:36'),
(581, 'physique', 'donateur', 'M.', 'Deyan\r', 'CARLIER', '1980-12-24', 'Deyan\r.CARLIER@gmail.com', '0100010635', '0600029907', '', 0, '', '', '9', '02380', 'VERNEUIL SOUS COUCY', 'France', 0, 'never', 'courrier', 'not', '', '2012-11-10 17:12:36', '2012-11-10 17:12:36'),
(582, 'physique', 'prospect', 'M.', 'Thibaud\r', 'BINET', '1994-07-04', 'Thibaud\r.BINET@hotmail.com', '0100020335', '0600023647', '', 0, '', '', '14', '01340', 'FOISSIAT', 'France', 0, 'never', 'courrier', 'not', '', '2012-11-10 17:12:36', '2012-11-10 17:12:36'),
(583, 'physique', 'prospect', 'Mme', 'Chaima\r', 'MOULIN', '1993-07-08', 'Chaima\r.MOULIN@gmail.com', '0100029909', '0600029520', '', 0, '', '', '14', '02590', 'AUBIGNY AUX KAISNES', 'France', 0, 'never', 'courrier', 'not', '', '2012-11-10 17:12:36', '2012-11-10 17:12:36'),
(584, 'physique', 'prospect', 'M.', 'Brewen\r', 'VAILLANT', '1985-06-24', 'Brewen\r.VAILLANT@gmail.com', '0100016386', '0600025021', '', 0, '', '', '2', '06850', 'GARS', 'France', 0, 'never', 'courrier', 'not', '', '2012-11-10 17:12:36', '2012-11-10 17:12:36'),
(585, 'physique', 'donateur', 'M.', 'Dilane\r', 'RENAULT', '1981-03-02', 'Dilane\r.RENAULT@live.fr', '0100000910', '0600012591', '', 0, '', '', '11', '02590', 'LANCHY', 'France', 0, 'never', 'courrier', 'not', '', '2012-11-10 17:12:36', '2012-11-10 17:12:36'),
(586, 'physique', 'donateur', 'Mme', 'Nina\r', 'DUMONT', '1987-03-30', 'Nina\r.DUMONT@hotmail.com', '0100023454', '0600028953', '', 0, '', '', '14', '02380', 'COUCY LA VILLE', 'France', 0, 'never', 'courrier', 'not', '', '2012-11-10 17:12:36', '2012-11-10 17:12:36'),
(587, 'physique', 'donateur', 'Mme', 'Bassma\r', 'REYNAUD', '1976-12-01', 'Bassma\r.REYNAUD@hotmail.com', '0100004847', '0600022702', '', 0, '', '', '13', '04110', 'MONTFURON', 'France', 0, 'never', 'courrier', 'not', '', '2012-11-10 17:12:36', '2012-11-10 17:12:36'),
(588, 'physique', 'donateur', 'Mme', 'Prescilia\r', 'MAILLET', '1989-04-07', 'Prescilia\r.MAILLET@caramail.com', '0100001208', '0600023200', '', 0, '', '', '13', '03410', 'TEILLET ARGENTY', 'France', 0, 'never', 'courrier', 'not', '', '2012-11-10 17:12:36', '2012-11-10 17:12:36'),
(589, 'physique', 'donateur', 'M.', 'Djamel\r', 'GARCIA', '1976-09-04', 'Djamel\r.GARCIA@gmail.com', '0100024991', '0600028963', '', 0, '', '', '14', '02290', 'AMBLENY', 'France', 0, 'never', 'courrier', 'not', '', '2012-11-10 17:12:36', '2012-11-10 17:12:36'),
(590, 'physique', 'donateur', 'M.', 'Logan\r', 'LAURENT', '0000-00-00', 'Logan\r.LAURENT@gmail.com', '0100030352', '0600032556', '', 0, '', '', '5', '01240', 'DOMPIERRE SUR VEYLE', 'France', 0, 'never', 'courrier', 'not', '', '2012-11-10 17:12:36', '2012-11-10 17:12:36'),
(591, 'physique', 'donateur', 'M.', 'Matys\r', 'HUET', '1988-09-07', 'Matys\r.HUET@live.fr', '0100017798', '0600032225', '', 0, '', '', '13', '01510', 'ORDONNAZ', 'France', 0, 'never', 'courrier', 'not', '', '2012-11-10 17:12:36', '2012-11-10 17:12:36'),
(592, 'physique', 'prospect', 'M.', 'Jalil\r', 'LE ROY', '1987-06-13', 'Jalil\r.LE ROY@hotmail.com', '0100014653', '0600027298', '', 0, '', '', '13', '01360', 'BALAN', 'France', 0, 'never', 'courrier', 'not', '', '2012-11-10 17:12:36', '2012-11-10 17:12:36'),
(593, 'physique', 'prospect', 'Mme', 'Beatriz\r', 'JACQUES', '1982-11-13', 'Beatriz\r.JACQUES@gmail.com', '0100032225', '0600023706', '', 0, '', '', '4', '04110', 'VACHERES', 'France', 0, 'never', 'courrier', 'not', '', '2012-11-10 17:12:36', '2012-11-10 17:12:36'),
(594, 'physique', 'donateur', 'Mme', 'Oceanne\r', 'ROUSSEL', '1989-10-01', 'Oceanne\r.ROUSSEL@hotmail.com', '0100002465', '0600030356', '', 0, '', '', '10', '03800', 'CHARMES', 'France', 0, 'never', 'courrier', 'not', '', '2012-11-10 17:12:36', '2012-11-10 17:12:36'),
(595, 'physique', 'donateur', 'M.', 'Dany\r', 'FRANCOIS', '1986-07-08', 'Dany\r.FRANCOIS@live.fr', '0100017723', '0600030679', '', 0, '', '', '4', '03350', 'LOUROUX BOURBONNAIS', 'France', 0, 'never', 'courrier', 'not', '', '2012-11-10 17:12:36', '2012-11-10 17:12:36'),
(596, 'physique', 'donateur', 'Mme', 'Oriana\r', 'LEBRETON', '1978-11-23', 'Oriana\r.LEBRETON@caramail.com', '0100024433', '0600005807', '', 0, '', '', '9', '06670', 'DURANUS', 'France', 0, 'never', 'courrier', 'not', '', '2012-11-10 17:12:36', '2012-11-10 17:12:36'),
(597, 'physique', 'donateur', 'Mme', 'Philae\r', 'GILBERT', '1993-04-22', 'Philae\r.GILBERT@gmail.com', '0100003185', '0600012936', '', 0, '', '', '14', '05300', 'ANTONAVES', 'France', 0, 'never', 'courrier', 'not', '', '2012-11-10 17:12:36', '2012-11-10 17:12:36'),
(598, 'physique', 'donateur', 'M.', 'Loup\r', 'LE ROY', '1977-11-22', 'Loup\r.LE ROY@caramail.com', '0100001969', '0600003009', '', 0, '', '', '14', '02880', 'VREGNY', 'France', 0, 'never', 'courrier', 'not', '', '2012-11-10 17:12:36', '2012-11-10 17:12:36'),
(599, 'physique', 'donateur', 'M.', 'Armand\r', 'GIRAULT', '1992-04-22', 'Armand\r.GIRAULT@hotmail.com', '0100012015', '0600015292', '', 0, '', '', '10', '03240', 'MONTET (LE)', 'France', 0, 'never', 'courrier', 'not', '', '2012-11-10 17:12:36', '2012-11-10 17:12:36'),
(600, 'physique', 'prospect', 'Mme', 'Shaima\r', 'DELAGE', '1991-11-22', 'Shaima\r.DELAGE@live.fr', '0100028756', '0600018264', '', 0, '', '', '2', '01800', 'PEROUGES', 'France', 0, 'never', 'courrier', 'not', '', '2012-11-10 17:12:36', '2012-11-10 17:12:36'),
(601, 'physique', 'prospect', 'M.', 'Justin\r', 'LAMY', '1994-09-01', 'Justin\r.LAMY@gmail.com', '0100010689', '0600019952', '', 0, '', '', '8', '02840', 'VESLUD', 'France', 0, 'never', 'courrier', 'not', '', '2012-11-10 17:12:36', '2012-11-10 17:12:36'),
(602, 'physique', 'donateur', 'Mme', 'Pelagie\r', 'BOYER', '1979-09-13', 'Pelagie\r.BOYER@live.fr', '0100020967', '0600006473', '', 0, '', '', '6', '02360', 'CUIRY LES IVIERS', 'France', 0, 'never', 'courrier', 'not', '', '2012-11-10 17:12:36', '2012-11-10 17:12:36'),
(603, 'physique', 'donateur', 'M.', 'Lilian\r', 'LEGROS', '0000-00-00', 'Lilian\r.LEGROS@live.fr', '0100014903', '0600019365', '', 0, '', '', '8', '05300', 'BARRET SUR MEOUGE', 'France', 0, 'never', 'courrier', 'not', '', '2012-11-10 17:12:36', '2012-11-10 17:12:36'),
(604, 'physique', 'donateur', 'Mme', 'Orphee\r', 'MICHEL', '1980-03-05', 'Orphee\r.MICHEL@gmail.com', '0100028264', '0600008614', '', 0, '', '', '9', '01360', 'CAMP DE LA VALBONNE', 'France', 0, 'never', 'courrier', 'not', '', '2012-11-10 17:12:36', '2012-11-10 17:12:36'),
(605, 'physique', 'prospect', 'Mme', 'Nermine\r', 'MALLET', '1985-09-02', 'Nermine\r.MALLET@hotmail.com', '0100005669', '0600017184', '', 0, '', '', '9', '02860', 'CHERET', 'France', 0, 'never', 'courrier', 'not', '', '2012-11-10 17:12:36', '2012-11-10 17:12:36'),
(606, 'physique', 'donateur', 'M.', 'Denilson\r', 'BOULET', '1979-09-30', 'Denilson\r.BOULET@live.fr', '0100012473', '0600017633', '', 0, '', '', '8', '02310', 'DOMPTIN', 'France', 0, 'never', 'courrier', 'not', '', '2012-11-10 17:12:36', '2012-11-10 17:12:36'),
(607, 'physique', 'donateur', 'Mme', 'Bianca\r', 'LELIEVRE', '1995-04-17', 'Bianca\r.LELIEVRE@gmail.com', '0100032524', '0600013680', '', 0, '', '', '10', '02600', 'VILLERS HELON', 'France', 0, 'never', 'courrier', 'not', '', '2012-11-10 17:12:36', '2012-11-10 17:12:36'),
(608, 'physique', 'donateur', 'Mme', 'Philae\r', 'SANCHEZ', '1990-12-12', 'Philae\r.SANCHEZ@gmail.com', '0100009813', '0600021810', '', 0, '', '', '10', '02540', 'VENDIERES', 'France', 0, 'never', 'courrier', 'not', '', '2012-11-10 17:12:36', '2012-11-10 17:12:36'),
(609, 'physique', 'donateur', 'Mme', 'Sandra\r', 'FONTAINE', '1978-06-26', 'Sandra\r.FONTAINE@caramail.com', '0100004779', '0600006462', '', 0, '', '', '10', '01240', 'CHAPELLE DU CHATELARD (LA)', 'France', 0, 'never', 'courrier', 'not', '', '2012-11-10 17:12:36', '2012-11-10 17:12:36'),
(610, 'physique', 'prospect', 'M.', 'Bakary\r', 'LOMBARD', '1987-05-30', 'Bakary\r.LOMBARD@live.fr', '0100009515', '0600007048', '', 0, '', '', '14', '02490', 'MAISSEMY', 'France', 0, 'never', 'courrier', 'not', '', '2012-11-10 17:12:36', '2012-11-10 17:12:36'),
(611, 'physique', 'prospect', 'Mme', 'Crystal\r', 'PASCAL', '1994-01-22', 'Crystal\r.PASCAL@gmail.com', '0100016070', '0600002027', '', 0, '', '', '4', '01380', 'BAGE LE CHATEL', 'France', 0, 'never', 'courrier', 'not', '', '2012-11-10 17:12:36', '2012-11-10 17:12:36'),
(612, 'physique', 'donateur', 'M.', 'Danny\r', 'LE BIHAN', '1979-05-26', 'Danny\r.LE BIHAN@hotmail.com', '0100000462', '0600013173', '', 0, '', '', '11', '05140', 'SAINT PIERRE D''ARGENCON', 'France', 0, 'never', 'courrier', 'not', '', '2012-11-10 17:12:36', '2012-11-10 17:12:36'),
(613, 'physique', 'prospect', 'Mme', 'Noa\r', 'ARMAND', '1976-03-05', 'Noa\r.ARMAND@gmail.com', '0100029487', '0600025607', '', 0, '', '', '4', '02300', 'TROSLY LOIRE', 'France', 0, 'never', 'courrier', 'not', '', '2012-11-10 17:12:36', '2012-11-10 17:12:36'),
(614, 'physique', 'prospect', 'M.', 'Melvin\r', 'CHRETIEN', '1975-12-17', 'Melvin\r.CHRETIEN@gmail.com', '0100005719', '0600006404', '', 0, '', '', '9', '03250', 'ARRONNES', 'France', 0, 'never', 'courrier', 'not', '', '2012-11-10 17:12:36', '2012-11-10 17:12:36'),
(615, 'physique', 'prospect', 'M.', 'Joris\r', 'GROS', '1980-10-13', 'Joris\r.GROS@gmail.com', '0100025675', '0600008755', '', 0, '', '', '12', '02110', 'PREMONT', 'France', 0, 'never', 'courrier', 'not', '', '2012-11-10 17:12:36', '2012-11-10 17:12:36'),
(616, 'physique', 'prospect', 'M.', 'Mattheo\r', 'BINET', '1989-09-03', 'Mattheo\r.BINET@gmail.com', '0100004274', '0600009308', '', 0, '', '', '9', '03500', 'SAINT POURCAIN SUR SIOULE', 'France', 0, 'never', 'courrier', 'not', '', '2012-11-10 17:12:36', '2012-11-10 17:12:36'),
(617, 'physique', 'prospect', 'M.', 'Morgan\r', 'VASSEUR', '1987-11-16', 'Morgan\r.VASSEUR@gmail.com', '0100014766', '0600016853', '', 0, '', '', '7', '01510', 'CHAVORNAY', 'France', 0, 'never', 'courrier', 'not', '', '2012-11-10 17:12:36', '2012-11-10 17:12:36'),
(618, 'physique', 'prospect', 'Mme', 'Salma\r', 'LECOMTE', '1995-11-21', 'Salma\r.LECOMTE@hotmail.com', '0100007981', '0600020114', '', 0, '', '', '2', '03410', 'PREMILHAT', 'France', 0, 'never', 'courrier', 'not', '', '2012-11-10 17:12:36', '2012-11-10 17:12:36'),
(619, 'physique', 'donateur', 'Mme', 'Sana\r', 'BOURGEOIS', '1977-01-20', 'Sana\r.BOURGEOIS@live.fr', '0100012163', '0600000350', '', 0, '', '', '2', '01600', 'SAINT BERNARD', 'France', 0, 'never', 'courrier', 'not', '', '2012-11-10 17:12:36', '2012-11-10 17:12:36'),
(620, 'physique', 'prospect', 'M.', 'Babacar\r', 'BRUN', '1988-05-29', 'Babacar\r.BRUN@gmail.com', '0100011382', '0600019487', '', 0, '', '', '12', '01300', 'PEYRIEU', 'France', 0, 'never', 'courrier', 'not', '', '2012-11-10 17:12:36', '2012-11-10 17:12:36'),
(621, 'physique', 'prospect', 'M.', 'Juliann\r', 'SIMON', '1986-05-29', 'Juliann\r.SIMON@hotmail.com', '0100020185', '0600000482', '', 0, '', '', '12', '04280', 'CERESTE', 'France', 0, 'never', 'courrier', 'not', '', '2012-11-10 17:12:36', '2012-11-10 17:12:36'),
(622, 'physique', 'prospect', 'Mme', 'Nisa\r', 'ROSE', '1975-08-14', 'Nisa\r.ROSE@caramail.com', '0100000123', '0600007384', '', 0, '', '', '13', '06620', 'GREOLIERES', 'France', 0, 'never', 'courrier', 'not', '', '2012-11-10 17:12:36', '2012-11-10 17:12:36'),
(623, 'physique', 'prospect', 'M.', 'Tony\r', 'RICARD', '1991-01-07', 'Tony\r.RICARD@gmail.com', '0100016398', '0600028763', '', 0, '', '', '3', '02600', 'MORTEFONTAINE', 'France', 0, 'never', 'courrier', 'not', '', '2012-11-10 17:12:36', '2012-11-10 17:12:36'),
(624, 'physique', 'prospect', 'Mme', 'Alyssia\r', 'DELANNOY', '1978-10-18', 'Alyssia\r.DELANNOY@hotmail.com', '0100022978', '0600030291', '', 0, '', '', '12', '01600', 'PARCIEUX', 'France', 0, 'never', 'courrier', 'not', '', '2012-11-10 17:12:36', '2012-11-10 17:12:36'),
(625, 'physique', 'donateur', 'Mme', 'Sibylle\r', 'VERDIER', '1984-08-15', 'Sibylle\r.VERDIER@caramail.com', '0100011245', '0600030412', '', 0, '', '', '2', '03210', 'NOYANT D''ALLIER', 'France', 0, 'never', 'courrier', 'not', '', '2012-11-10 17:12:36', '2012-11-10 17:12:36');
INSERT INTO `contacts` (`CON_ID`, `CON_TYPE`, `CON_TYPEC`, `CON_CIVILITE`, `CON_FIRSTNAME`, `CON_LASTNAME`, `CON_DATE`, `CON_EMAIL`, `CON_TELFIXE`, `CON_TELPORT`, `CON_COMPL`, `CON_VOIE_NUM`, `CON_VOIE_TYPE`, `CON_VOIE_NOM`, `CON_BP`, `CON_CP`, `CON_CITY`, `CON_COUNTRY`, `CON_NPAI`, `CON_RF_TYPE`, `CON_RF_ENVOI`, `CON_SOLICITATION`, `CON_COMMENTAIRE`, `CON_DATEADDED`, `CON_DATEMODIF`) VALUES
(626, 'physique', 'prospect', 'Mme', 'Alizee\r', 'DUPONT', '1983-02-08', 'Alizee\r.DUPONT@live.fr', '0100031535', '0600013598', '', 0, '', '', '3', '02330', 'BAULNE EN BRIE', 'France', 0, 'never', 'courrier', 'not', '', '2012-11-10 17:12:36', '2012-11-10 17:12:36'),
(627, 'physique', 'prospect', 'M.', 'Awen\r', 'COSTE', '1981-07-31', 'Awen\r.COSTE@caramail.com', '0100029497', '0600015896', '', 0, '', '', '13', '01960', 'PERONNAS', 'France', 0, 'never', 'courrier', 'not', '', '2012-11-10 17:12:36', '2012-11-10 17:12:36'),
(628, 'physique', 'donateur', 'Mme', 'Alizee\r', 'LEMAITRE', '1988-10-04', 'Alizee\r.LEMAITRE@hotmail.com', '0100019546', '0600006717', '', 0, '', '', '9', '02420', 'VENDHUILE', 'France', 0, 'never', 'courrier', 'not', '', '2012-11-10 17:12:36', '2012-11-10 17:12:36'),
(629, 'physique', 'prospect', 'Mme', 'Omaima\r', 'MORAND', '1975-10-11', 'Omaima\r.MORAND@live.fr', '0100002497', '0600014680', '', 0, '', '', '12', '05110', 'SAULCE (LA)', 'France', 0, 'never', 'courrier', 'not', '', '2012-11-10 17:12:36', '2012-11-10 17:12:36'),
(630, 'physique', 'prospect', 'Mme', 'Perline\r', 'ROUSSEAU', '1983-10-22', 'Perline\r.ROUSSEAU@gmail.com', '0100005851', '0600021949', '', 0, '', '', '4', '05110', 'LARDIER ET VALENCA', 'France', 0, 'never', 'courrier', 'not', '', '2012-11-10 17:12:36', '2012-11-10 17:12:36'),
(631, 'physique', 'prospect', 'Mme', 'Sasha\r', 'BARBE', '1980-05-01', 'Sasha\r.BARBE@hotmail.com', '0100018733', '0600024037', '', 0, '', '', '4', '01130', 'PLAGNE', 'France', 0, 'never', 'courrier', 'not', '', '2012-11-10 17:12:36', '2012-11-10 17:12:36'),
(632, 'physique', 'prospect', 'M.', 'Brady\r', 'MOREAU', '1987-10-14', 'Brady\r.MOREAU@gmail.com', '0100012607', '0600003176', '', 0, '', '', '12', '03210', 'BRESNAY', 'France', 0, 'never', 'courrier', 'not', '', '2012-11-10 17:12:36', '2012-11-10 17:12:36'),
(633, 'physique', 'prospect', 'Mme', 'Assia\r', 'LAURENT', '1991-04-01', 'Assia\r.LAURENT@gmail.com', '0100026912', '0600024442', '', 0, '', '', '8', '01130', 'NANTUA', 'France', 0, 'never', 'courrier', 'not', '', '2012-11-10 17:12:36', '2012-11-10 17:12:36'),
(634, 'physique', 'donateur', 'M.', 'Maximilien\r', 'GOMEZ', '1980-05-30', 'Maximilien\r.GOMEZ@live.fr', '0100006265', '0600030167', '', 0, '', '', '9', '05230', 'BATIE NEUVE (LA)', 'France', 0, 'never', 'courrier', 'not', '', '2012-11-10 17:12:36', '2012-11-10 17:12:36'),
(635, 'physique', 'prospect', 'Mme', 'Omayma\r', 'PARMENTIER', '1986-07-17', 'Omayma\r.PARMENTIER@live.fr', '0100017769', '0600005656', '', 0, '', '', '10', '04120', 'FOUX (LA)', 'France', 0, 'never', 'courrier', 'not', '', '2012-11-10 17:12:36', '2012-11-10 17:12:36'),
(636, 'physique', 'donateur', 'Mme', 'Anae\r', 'GERMAIN', '1984-07-18', 'Anae\r.GERMAIN@hotmail.com', '0100008981', '0600012665', '', 0, '', '', '14', '04200', 'CHATEAUNEUF MIRAVAIL', 'France', 0, 'never', 'courrier', 'not', '', '2012-11-10 17:12:36', '2012-11-10 17:12:36'),
(637, 'physique', 'donateur', 'Mme', 'Olwenn\r', 'MERLE', '1988-05-23', 'Olwenn\r.MERLE@gmail.com', '0100002136', '0600027540', '', 0, '', '', '6', '03390', 'SAZERET', 'France', 0, 'never', 'courrier', 'not', '', '2012-11-10 17:12:36', '2012-11-10 17:12:36'),
(638, 'physique', 'donateur', 'M.', 'Brad\r', 'ALBERT', '1985-07-05', 'Brad\r.ALBERT@hotmail.com', '0100011632', '0600021576', '', 0, '', '', '7', '01090', 'MONTMERLE SUR SAONE', 'France', 0, 'never', 'courrier', 'not', '', '2012-11-10 17:12:36', '2012-11-10 17:12:36'),
(639, 'physique', 'prospect', 'M.', 'Andy\r', 'ALBERT', '1992-03-28', 'Andy\r.ALBERT@hotmail.com', '0100032370', '0600008434', '', 0, '', '', '12', '01600', 'SAINT DIDIER DE FORMANS', 'France', 0, 'never', 'courrier', 'not', '', '2012-11-10 17:12:36', '2012-11-10 17:12:36'),
(640, 'physique', 'donateur', 'Mme', 'Pia\r', 'PERRIER', '1986-01-16', 'Pia\r.PERRIER@hotmail.com', '0100027846', '0600017985', '', 0, '', '', '2', '02160', 'GUYENCOURT', 'France', 0, 'never', 'courrier', 'not', '', '2012-11-10 17:12:36', '2012-11-10 17:12:36'),
(641, 'physique', 'donateur', 'Mme', 'Stella\r', 'GUILLEMOT', '1976-11-03', 'Stella\r.GUILLEMOT@caramail.com', '0100006675', '0600030717', '', 0, '', '', '8', '02620', 'BUIRONFOSSE', 'France', 0, 'never', 'courrier', 'not', '', '2012-11-10 17:12:36', '2012-11-10 17:12:36'),
(642, 'physique', 'donateur', 'Mme', 'Swann\r', 'MAS', '1975-03-27', 'Swann\r.MAS@caramail.com', '0100003798', '0600007644', '', 0, '', '', '9', '06620', 'BAR SUR LOUP (LE)', 'France', 0, 'never', 'courrier', 'not', '', '2012-11-10 17:12:36', '2012-11-10 17:12:36'),
(643, 'physique', 'donateur', 'Mme', 'Annabelle\r', 'BILLARD', '0000-00-00', 'Annabelle\r.BILLARD@gmail.com', '0100020680', '0600025536', '', 0, '', '', '14', '02810', 'HAUTEVESNES', 'France', 0, 'never', 'courrier', 'not', '', '2012-11-10 17:12:36', '2012-11-10 17:12:36'),
(644, 'physique', 'donateur', 'M.', 'Thierry\r', 'JEAN', '1988-08-12', 'Thierry\r.JEAN@gmail.com', '0100032358', '0600004371', '', 0, '', '', '3', '04360', 'MOUSTIERS SAINTE MARIE', 'France', 0, 'never', 'courrier', 'not', '', '2012-11-10 17:12:36', '2012-11-10 17:12:36'),
(645, 'physique', 'prospect', 'M.', 'Badis\r', 'BRUN', '1989-09-17', 'Badis\r.BRUN@gmail.com', '0100020837', '0600025284', '', 0, '', '', '14', '02110', 'GROUGIS', 'France', 0, 'never', 'courrier', 'not', '', '2012-11-10 17:12:36', '2012-11-10 17:12:36'),
(646, 'physique', 'donateur', 'M.', 'Marin\r', 'MIGNOT', '1978-07-28', 'Marin\r.MIGNOT@hotmail.com', '0100008439', '0600007873', '', 0, '', '', '10', '02290', 'FONTENOY', 'France', 0, 'never', 'courrier', 'not', '', '2012-11-10 17:12:36', '2012-11-10 17:12:36'),
(647, 'physique', 'prospect', 'M.', 'Lukas\r', 'KLEIN', '1994-06-08', 'Lukas\r.KLEIN@hotmail.com', '0100026907', '0600008260', '', 0, '', '', '6', '02340', 'MONTCORNET', 'France', 0, 'never', 'courrier', 'not', '', '2012-11-10 17:12:36', '2012-11-10 17:12:36'),
(648, 'physique', 'prospect', 'M.', 'Thao\r', 'BLANCHET', '1984-06-18', 'Thao\r.BLANCHET@caramail.com', '0100014425', '0600004184', '', 0, '', '', '9', '06340', 'CANTARON', 'France', 0, 'never', 'courrier', 'not', '', '2012-11-10 17:12:36', '2012-11-10 17:12:36'),
(649, 'physique', 'donateur', 'M.', 'Taha\r', 'ROLLAND', '1982-07-09', 'Taha\r.ROLLAND@hotmail.com', '0100005925', '0600032182', '', 0, '', '', '7', '04850', 'JAUSIERS', 'France', 0, 'never', 'courrier', 'not', '', '2012-11-10 17:12:36', '2012-11-10 17:12:36'),
(650, 'physique', 'donateur', 'M.', 'Allan\r', 'GUYON', '1984-09-14', 'Allan\r.GUYON@gmail.com', '0100021269', '0600013119', '', 0, '', '', '2', '03400', 'TOULON SUR ALLIER', 'France', 0, 'never', 'courrier', 'not', '', '2012-11-10 17:12:36', '2012-11-10 17:12:36'),
(651, 'physique', 'prospect', 'Mme', 'Bella\r', 'VOISIN', '1981-01-31', 'Bella\r.VOISIN@hotmail.com', '0100006590', '0600017494', '', 0, '', '', '3', '04420', 'PRADS HAUTE BLEONE', 'France', 0, 'never', 'courrier', 'not', '', '2012-11-10 17:12:36', '2012-11-10 17:12:36'),
(652, 'physique', 'donateur', 'Mme', 'Phoeby\r', 'ALBERT', '1988-05-26', 'Phoeby\r.ALBERT@gmail.com', '0100028852', '0600031328', '', 0, '', '', '8', '02290', 'OSLY COURTIL', 'France', 0, 'never', 'courrier', 'not', '', '2012-11-10 17:12:36', '2012-11-10 17:12:36'),
(653, 'physique', 'prospect', 'M.', 'Deric\r', 'ROBIN', '1989-02-20', 'Deric\r.ROBIN@caramail.com', '0100031872', '0600001693', '', 0, '', '', '7', '02850', 'JAULGONNE', 'France', 0, 'never', 'courrier', 'not', '', '2012-11-10 17:12:36', '2012-11-10 17:12:36'),
(654, 'physique', 'donateur', 'M.', 'Djanys\r', 'HUMBERT', '1978-03-22', 'Djanys\r.HUMBERT@gmail.com', '0100017264', '0600027558', '', 0, '', '', '5', '04140', 'SEYNE', 'France', 0, 'never', 'courrier', 'not', '', '2012-11-10 17:12:36', '2012-11-10 17:12:36'),
(655, 'physique', 'donateur', 'Mme', 'Sofia\r', 'ROBIN', '1985-04-02', 'Sofia\r.ROBIN@hotmail.com', '0100012124', '0600015302', '', 0, '', '', '6', '02200', 'POMMIERS', 'France', 0, 'never', 'courrier', 'not', '', '2012-11-10 17:12:36', '2012-11-10 17:12:36'),
(656, 'physique', 'prospect', 'Mme', 'Nyla\r', 'DUCLOS', '1987-06-28', 'Nyla\r.DUCLOS@gmail.com', '0100022240', '0600008826', '', 0, '', '', '13', '02300', 'GUIVRY', 'France', 0, 'never', 'courrier', 'not', '', '2012-11-10 17:12:36', '2012-11-10 17:12:36'),
(657, 'physique', 'prospect', 'Mme', 'Prescilia\r', 'ANDRE', '1984-08-13', 'Prescilia\r.ANDRE@gmail.com', '0100016074', '0600027594', '', 0, '', '', '9', '04000', 'ROBINE SUR GALABRE (LA)', 'France', 0, 'never', 'courrier', 'not', '', '2012-11-10 17:12:36', '2012-11-10 17:12:36'),
(658, 'physique', 'prospect', 'Mme', 'Beatriz\r', 'JACQUET', '1978-04-14', 'Beatriz\r.JACQUET@gmail.com', '0100027529', '0600006022', '', 0, '', '', '7', '01250', 'CORVEISSIAT', 'France', 0, 'never', 'courrier', 'not', '', '2012-11-10 17:12:36', '2012-11-10 17:12:36'),
(659, 'physique', 'prospect', 'Mme', 'Oxane\r', 'MOREAU', '1991-11-24', 'Oxane\r.MOREAU@caramail.com', '0100014569', '0600026756', '', 0, '', '', '7', '01200', 'BELLEGARDE SUR VALSERINE', 'France', 0, 'never', 'courrier', 'not', '', '2012-11-10 17:12:36', '2012-11-10 17:12:36'),
(660, 'physique', 'donateur', 'M.', 'Bilel\r', 'GAUDIN', '1982-06-12', 'Bilel\r.GAUDIN@live.fr', '0100006532', '0600005958', '', 0, '', '', '8', '02300', 'CHAUNY', 'France', 0, 'never', 'courrier', 'not', '', '2012-11-10 17:12:36', '2012-11-10 17:12:36'),
(661, 'physique', 'prospect', 'Mme', 'Samantha\r', 'HARDY', '1991-06-18', 'Samantha\r.HARDY@hotmail.com', '0100028823', '0600008405', '', 0, '', '', '3', '02700', 'MENNESSIS', 'France', 0, 'never', 'courrier', 'not', '', '2012-11-10 17:12:36', '2012-11-10 17:12:36'),
(662, 'physique', 'donateur', 'M.', 'Aubin\r', 'BERNARD', '1984-03-12', 'Aubin\r.BERNARD@live.fr', '0100022690', '0600011301', '', 0, '', '', '5', '05500', 'BENEVENT ET CHARBILLAC', 'France', 0, 'never', 'courrier', 'not', '', '2012-11-10 17:12:36', '2012-11-10 17:12:36'),
(663, 'physique', 'prospect', 'Mme', 'Amel\r', 'BERNIER', '1989-03-11', 'Amel\r.BERNIER@gmail.com', '0100030426', '0600009474', '', 0, '', '', '14', '03130', 'SAINT DIDIER EN DONJON', 'France', 0, 'never', 'courrier', 'not', '', '2012-11-10 17:12:36', '2012-11-10 17:12:36'),
(664, 'physique', 'prospect', 'M.', 'Djovani\r', 'GARCIA', '1995-11-11', 'Djovani\r.GARCIA@live.fr', '0100029348', '0600003657', '', 0, '', '', '3', '01600', 'SAINT DIDIER DE FORMANS', 'France', 0, 'never', 'courrier', 'not', '', '2012-11-10 17:12:36', '2012-11-10 17:12:36'),
(665, 'physique', 'prospect', 'Mme', 'Odelia\r', 'GONZALEZ', '1980-03-26', 'Odelia\r.GONZALEZ@caramail.com', '0100007178', '0600001954', '', 0, '', '', '7', '03190', 'VAUX', 'France', 0, 'never', 'courrier', 'not', '', '2012-11-10 17:12:36', '2012-11-10 17:12:36'),
(666, 'physique', 'prospect', 'Mme', 'Sephora\r', 'RAYMOND', '1985-12-16', 'Sephora\r.RAYMOND@caramail.com', '0100013449', '0600014894', '', 0, '', '', '12', '04300', 'FORCALQUIER', 'France', 0, 'never', 'courrier', 'not', '', '2012-11-10 17:12:36', '2012-11-10 17:12:36'),
(667, 'physique', 'donateur', 'Mme', 'Olivia\r', 'BARTHELEMY', '1980-01-13', 'Olivia\r.BARTHELEMY@live.fr', '0100026007', '0600029912', '', 0, '', '', '13', '01800', 'SAINT MAURICE DE GOURDANS', 'France', 0, 'never', 'courrier', 'not', '', '2012-11-10 17:12:36', '2012-11-10 17:12:36'),
(668, 'physique', 'donateur', 'Mme', 'Chayma\r', 'GIRAUD', '1994-05-31', 'Chayma\r.GIRAUD@hotmail.com', '0100032261', '0600028865', '', 0, '', '', '14', '02470', 'SOMMELANS', 'France', 0, 'never', 'courrier', 'not', '', '2012-11-10 17:12:36', '2012-11-10 17:12:36'),
(669, 'physique', 'donateur', 'M.', 'Barthelemy\r', 'HERNANDEZ', '1993-09-10', 'Barthelemy\r.HERNANDEZ@live.fr', '0100029292', '0600012711', '', 0, '', '', '2', '01700', 'NEYRON', 'France', 0, 'never', 'courrier', 'not', '', '2012-11-10 17:12:36', '2012-11-10 17:12:36'),
(670, 'physique', 'prospect', 'Mme', 'Bella\r', 'BARBIER', '1978-08-03', 'Bella\r.BARBIER@live.fr', '0100008853', '0600026277', '', 0, '', '', '4', '02510', 'ETREUX', 'France', 0, 'never', 'courrier', 'not', '', '2012-11-10 17:12:36', '2012-11-10 17:12:36'),
(671, 'physique', 'prospect', 'Mme', 'Oriana\r', 'LEON', '1985-05-26', 'Oriana\r.LEON@caramail.com', '0100005937', '0600018344', '', 0, '', '', '11', '03130', 'SAINT DIDIER EN DONJON', 'France', 0, 'never', 'courrier', 'not', '', '2012-11-10 17:12:36', '2012-11-10 17:12:36'),
(672, 'physique', 'prospect', 'M.', 'Maxence\r', 'PERON', '1982-03-04', 'Maxence\r.PERON@live.fr', '0100032211', '0600007610', '', 0, '', '', '7', '02000', 'LAON', 'France', 0, 'never', 'courrier', 'not', '', '2012-11-10 17:12:36', '2012-11-10 17:12:36'),
(673, 'physique', 'donateur', 'M.', 'Denyss\r', 'JOLY', '1986-07-26', 'Denyss\r.JOLY@gmail.com', '0100023808', '0600032108', '', 0, '', '', '14', '01410', 'LELEX', 'France', 0, 'never', 'courrier', 'not', '', '2012-11-10 17:12:36', '2012-11-10 17:12:36'),
(674, 'physique', 'prospect', 'M.', 'Ayman\r', 'BOUCHET', '1988-09-19', 'Ayman\r.BOUCHET@hotmail.com', '0100013552', '0600006947', '', 0, '', '', '12', '02000', 'ROYAUCOURT ET CHAILVET', 'France', 0, 'never', 'courrier', 'not', '', '2012-11-10 17:12:36', '2012-11-10 17:12:36'),
(675, 'physique', 'donateur', 'Mme', 'Olwen\r', 'THIERRY', '1992-01-18', 'Olwen\r.THIERRY@caramail.com', '0100020560', '0600029252', '', 0, '', '', '5', '01550', 'POUGNY', 'France', 0, 'never', 'courrier', 'not', '', '2012-11-10 17:12:36', '2012-11-10 17:12:36'),
(676, 'physique', 'prospect', 'Mme', 'Brihanna\r', 'MACE', '1983-08-23', 'Brihanna\r.MACE@hotmail.com', '0100029061', '0600013665', '', 0, '', '', '2', '02650', 'MEZY MOULINS', 'France', 0, 'never', 'courrier', 'not', '', '2012-11-10 17:12:36', '2012-11-10 17:12:36'),
(677, 'physique', 'donateur', 'M.', 'Bernard\r', 'MILLET', '1976-06-16', 'Bernard\r.MILLET@gmail.com', '0100000789', '0600021587', '', 0, '', '', '5', '06260', 'ROCHETTE (LA)', 'France', 0, 'never', 'courrier', 'not', '', '2012-11-10 17:12:36', '2012-11-10 17:12:36'),
(678, 'physique', 'donateur', 'M.', 'Martin\r', 'PICARD', '1993-08-02', 'Martin\r.PICARD@gmail.com', '0100032278', '0600024894', '', 0, '', '', '13', '02130', 'FRESNES EN TARDENOIS', 'France', 0, 'never', 'courrier', 'not', '', '2012-11-10 17:12:36', '2012-11-10 17:12:36'),
(679, 'physique', 'prospect', 'Mme', 'Adele\r', 'LEMAITRE', '1979-05-21', 'Adele\r.LEMAITRE@hotmail.com', '0100007278', '0600016910', '', 0, '', '', '4', '03110', 'CHARMEIL', 'France', 0, 'never', 'courrier', 'not', '', '2012-11-10 17:12:36', '2012-11-10 17:12:36'),
(680, 'physique', 'prospect', 'M.', 'Amadou\r', 'LACOSTE', '1978-10-02', 'Amadou\r.LACOSTE@live.fr', '0100008959', '0600000408', '', 0, '', '', '13', '05500', 'INFOURNAS (LES)', 'France', 0, 'never', 'courrier', 'not', '', '2012-11-10 17:12:36', '2012-11-10 17:12:36'),
(681, 'physique', 'prospect', 'Mme', 'Nora\r', 'MIGNOT', '1993-11-16', 'Nora\r.MIGNOT@gmail.com', '0100006492', '0600003224', '', 0, '', '', '9', '02670', 'CHAMPS', 'France', 0, 'never', 'courrier', 'not', '', '2012-11-10 17:12:36', '2012-11-10 17:12:36'),
(682, 'physique', 'prospect', 'Mme', 'Paloma\r', 'BENARD', '1988-02-22', 'Paloma\r.BENARD@live.fr', '0100000670', '0600007497', '', 0, '', '', '8', '01250', 'BOHAS MEYRIAT RIGNAT', 'France', 0, 'never', 'courrier', 'not', '', '2012-11-10 17:12:36', '2012-11-10 17:12:36'),
(683, 'physique', 'prospect', 'M.', 'Djebryl\r', 'LOMBARD', '1983-08-08', 'Djebryl\r.LOMBARD@caramail.com', '0100019786', '0600020127', '', 0, '', '', '8', '03150', 'MONTAIGU LE BLIN', 'France', 0, 'never', 'courrier', 'not', '', '2012-11-10 17:12:36', '2012-11-10 17:12:36'),
(684, 'physique', 'prospect', 'M.', 'Leonardo\r', 'SCHMITT', '1986-12-01', 'Leonardo\r.SCHMITT@hotmail.com', '0100003577', '0600020425', '', 0, '', '', '6', '01300', 'CONZIEU', 'France', 0, 'never', 'courrier', 'not', '', '2012-11-10 17:12:36', '2012-11-10 17:12:36'),
(685, 'physique', 'donateur', 'M.', 'Alec\r', 'CHAUVEAU', '1976-04-20', 'Alec\r.CHAUVEAU@hotmail.com', '0100003707', '0600013211', '', 0, '', '', '3', '02450', 'OISY', 'France', 0, 'never', 'courrier', 'not', '', '2012-11-10 17:12:36', '2012-11-10 17:12:36'),
(686, 'physique', 'donateur', 'Mme', 'Clementine\r', 'GILBERT', '1976-09-16', 'Clementine\r.GILBERT@caramail.com', '0100003895', '0600007229', '', 0, '', '', '14', '04230', 'FONTIENNE', 'France', 0, 'never', 'courrier', 'not', '', '2012-11-10 17:12:36', '2012-11-10 17:12:36'),
(687, 'physique', 'prospect', 'Mme', 'Phoeby\r', 'FERRE', '1975-07-04', 'Phoeby\r.FERRE@gmail.com', '0100006550', '0600028074', '', 0, '', '', '10', '02000', 'MOLINCHART', 'France', 0, 'never', 'courrier', 'not', '', '2012-11-10 17:12:36', '2012-11-10 17:12:36'),
(688, 'physique', 'donateur', 'Mme', 'Ornella\r', 'BUISSON', '1980-03-01', 'Ornella\r.BUISSON@hotmail.com', '0100017823', '0600020479', '', 0, '', '', '14', '01320', 'CRANS', 'France', 0, 'never', 'courrier', 'not', '', '2012-11-10 17:12:36', '2012-11-10 17:12:36'),
(689, 'physique', 'donateur', 'Mme', 'Shaina\r', 'DUPUIS', '1990-01-06', 'Shaina\r.DUPUIS@caramail.com', '0100026849', '0600017500', '', 0, '', '', '5', '02300', 'NEUVILLE EN BEINE (LA)', 'France', 0, 'never', 'courrier', 'not', '', '2012-11-10 17:12:36', '2012-11-10 17:12:36'),
(690, 'physique', 'prospect', 'Mme', 'Priscillia\r', 'COLLET', '1986-06-19', 'Priscillia\r.COLLET@live.fr', '0100014069', '0600010486', '', 0, '', '', '2', '05130', 'URTIS', 'France', 0, 'never', 'courrier', 'not', '', '2012-11-10 17:12:36', '2012-11-10 17:12:36'),
(691, 'physique', 'prospect', 'M.', 'Jawad\r', 'GRAND', '1980-01-04', 'Jawad\r.GRAND@caramail.com', '0100020210', '0600027938', '', 0, '', '', '6', '04120', 'ROUGON', 'France', 0, 'never', 'courrier', 'not', '', '2012-11-10 17:12:36', '2012-11-10 17:12:36'),
(692, 'physique', 'donateur', 'Mme', 'Asma\r', 'BRETON', '1978-03-08', 'Asma\r.BRETON@gmail.com', '0100015480', '0600019762', '', 0, '', '', '10', '02200', 'NOYANT ET ACONIN', 'France', 0, 'never', 'courrier', 'not', '', '2012-11-10 17:12:36', '2012-11-10 17:12:36'),
(693, 'physique', 'prospect', 'Mme', 'Oumayma\r', 'LEMOINE', '1993-10-17', 'Oumayma\r.LEMOINE@gmail.com', '0100027099', '0600003655', '', 0, '', '', '10', '02380', 'LANDRICOURT', 'France', 0, 'never', 'courrier', 'not', '', '2012-11-10 17:12:36', '2012-11-10 17:12:36'),
(694, 'physique', 'donateur', 'M.', 'Berat\r', 'PONS', '1981-10-30', 'Berat\r.PONS@hotmail.com', '0100032205', '0600007329', '', 0, '', '', '14', '04510', 'MALLEMOISSON', 'France', 0, 'never', 'courrier', 'not', '', '2012-11-10 17:12:36', '2012-11-10 17:12:36'),
(695, 'physique', 'donateur', 'M.', 'Blaise\r', 'LEDUC', '1989-07-24', 'Blaise\r.LEDUC@gmail.com', '0100019229', '0600030618', '', 0, '', '', '10', '02490', 'CAULAINCOURT', 'France', 0, 'never', 'courrier', 'not', '', '2012-11-10 17:12:36', '2012-11-10 17:12:36'),
(696, 'physique', 'donateur', 'Mme', 'Phybie\r', 'CHARLES', '1985-11-18', 'Phybie\r.CHARLES@hotmail.com', '0100004748', '0600021218', '', 0, '', '', '6', '01510', 'ROSSILLON', 'France', 0, 'never', 'courrier', 'not', '', '2012-11-10 17:12:36', '2012-11-10 17:12:36'),
(697, 'physique', 'prospect', 'M.', 'Aloys\r', 'ROBERT', '1976-03-09', 'Aloys\r.ROBERT@hotmail.com', '0100018919', '0600020529', '', 0, '', '', '7', '02460', 'FERTE MILON (LA)', 'France', 0, 'never', 'courrier', 'not', '', '2012-11-10 17:12:36', '2012-11-10 17:12:36'),
(698, 'physique', 'prospect', 'M.', 'Alix\r', 'BOUSQUET', '1990-06-06', 'Alix\r.BOUSQUET@live.fr', '0100029533', '0600007797', '', 0, '', '', '6', '05130', 'SIGOYER', 'France', 0, 'never', 'courrier', 'not', '', '2012-11-10 17:12:36', '2012-11-10 17:12:36'),
(699, 'physique', 'donateur', 'Mme', 'Noemie\r', 'LABORDE', '1988-02-26', 'Noemie\r.LABORDE@hotmail.com', '0100012394', '0600018156', '', 0, '', '', '9', '01250', 'RAMASSE', 'France', 0, 'never', 'courrier', 'not', '', '2012-11-10 17:12:36', '2012-11-10 17:12:36'),
(700, 'physique', 'donateur', 'Mme', 'Nora\r', 'LEDOUX', '1983-03-25', 'Nora\r.LEDOUX@caramail.com', '0100019904', '0600005094', '', 0, '', '', '13', '05130', 'VENTEROL', 'France', 0, 'never', 'courrier', 'not', '', '2012-11-10 17:12:36', '2012-11-10 17:12:36'),
(701, 'physique', 'donateur', 'M.', 'Jocelyn\r', 'DUPRE', '1983-11-29', 'Jocelyn\r.DUPRE@live.fr', '0100008776', '0600019361', '', 0, '', '', '9', '01460', 'PORT', 'France', 0, 'never', 'courrier', 'not', '', '2012-11-10 17:12:36', '2012-11-10 17:12:36'),
(702, 'physique', 'donateur', 'Mme', 'Phybie\r', 'LEGER', '1993-02-06', 'Phybie\r.LEGER@live.fr', '0100016880', '0600001697', '', 0, '', '', '13', '02720', 'MESNIL SAINT LAURENT', 'France', 0, 'never', 'courrier', 'not', '', '2012-11-10 17:12:36', '2012-11-10 17:12:36'),
(703, 'physique', 'donateur', 'M.', 'Timote\r', 'POISSON', '1992-02-25', 'Timote\r.POISSON@gmail.com', '0100002416', '0600002332', '', 0, '', '', '2', '03160', 'SAINT LEOPARDIN D''AUGY', 'France', 0, 'never', 'courrier', 'not', '', '2012-11-10 17:12:36', '2012-11-10 17:12:36'),
(704, 'physique', 'prospect', 'Mme', 'Sofia\r', 'PARIS', '1986-04-14', 'Sofia\r.PARIS@hotmail.com', '0100008325', '0600009861', '', 0, '', '', '12', '02800', 'ANDELAIN', 'France', 0, 'never', 'courrier', 'not', '', '2012-11-10 17:12:36', '2012-11-10 17:12:36'),
(705, 'physique', 'prospect', 'Mme', 'Oana\r', 'MOREL', '1990-04-11', 'Oana\r.MOREL@hotmail.com', '0100022490', '0600021587', '', 0, '', '', '12', '06420', 'MARIE', 'France', 0, 'never', 'courrier', 'not', '', '2012-11-10 17:12:36', '2012-11-10 17:12:36'),
(706, 'physique', 'donateur', 'Mme', 'Phybie\r', 'BARBIER', '1985-01-14', 'Phybie\r.BARBIER@hotmail.com', '0100030145', '0600006277', '', 0, '', '', '8', '01410', 'LAJOUX', 'France', 0, 'never', 'courrier', 'not', '', '2012-11-10 17:12:36', '2012-11-10 17:12:36'),
(707, 'physique', 'donateur', 'M.', 'Lino\r', 'RENARD', '1991-09-12', 'Lino\r.RENARD@live.fr', '0100020485', '0600007038', '', 0, '', '', '12', '01410', 'CHEZERY FORENS', 'France', 0, 'never', 'courrier', 'not', '', '2012-11-10 17:12:36', '2012-11-10 17:12:36'),
(708, 'physique', 'donateur', 'M.', 'Leonard\r', 'DELATTRE', '1984-05-09', 'Leonard\r.DELATTRE@gmail.com', '0100008881', '0600027078', '', 0, '', '', '9', '02500', 'LOGNY LES AUBENTON', 'France', 0, 'never', 'courrier', 'not', '', '2012-11-10 17:12:36', '2012-11-10 17:12:36'),
(709, 'physique', 'donateur', 'Mme', 'Olwenn\r', 'LAINE', '1976-06-30', 'Olwenn\r.LAINE@live.fr', '0100006951', '0600008186', '', 0, '', '', '5', '01270', 'VILLEMOTIER', 'France', 0, 'never', 'courrier', 'not', '', '2012-11-10 17:12:36', '2012-11-10 17:12:36'),
(710, 'physique', 'donateur', 'Mme', 'Pernelle\r', 'VASSEUR', '1980-10-02', 'Pernelle\r.VASSEUR@hotmail.com', '0100000126', '0600002083', '', 0, '', '', '11', '01540', 'SAINT JULIEN SUR VEYLE', 'France', 0, 'never', 'courrier', 'not', '', '2012-11-10 17:12:36', '2012-11-10 17:12:36'),
(711, 'physique', 'prospect', 'M.', 'Aime\r', 'PERROT', '1976-08-03', 'Aime\r.PERROT@gmail.com', '0100002924', '0600000023', '', 0, '', '', '5', '01460', 'PORT', 'France', 0, 'never', 'courrier', 'not', '', '2012-11-10 17:12:36', '2012-11-10 17:12:36'),
(712, 'physique', 'donateur', 'Mme', 'Alicia\r', 'LOMBARD', '1984-04-25', 'Alicia\r.LOMBARD@caramail.com', '0100008363', '0600010244', '', 0, '', '', '3', '01660', 'VANDEINS', 'France', 0, 'never', 'courrier', 'not', '', '2012-11-10 17:12:36', '2012-11-10 17:12:36'),
(713, 'physique', 'prospect', 'Mme', 'Chanel\r', 'BESSE', '1979-07-22', 'Chanel\r.BESSE@hotmail.com', '0100020922', '0600023109', '', 0, '', '', '9', '02540', 'VIELS MAISONS', 'France', 0, 'never', 'courrier', 'not', '', '2012-11-10 17:12:36', '2012-11-10 17:12:36'),
(714, 'physique', 'donateur', 'Mme', 'Othilie\r', 'ALLARD', '1977-06-10', 'Othilie\r.ALLARD@live.fr', '0100015632', '0600032471', '', 0, '', '', '9', '03300', 'BOST', 'France', 0, 'never', 'courrier', 'not', '', '2012-11-10 17:12:36', '2012-11-10 17:12:36'),
(715, 'physique', 'donateur', 'Mme', 'Sohane\r', 'GARCIA', '1979-05-29', 'Sohane\r.GARCIA@hotmail.com', '0100031181', '0600012608', '', 0, '', '', '9', '01800', 'SAINT MAURICE DE GOURDANS', 'France', 0, 'never', 'courrier', 'not', '', '2012-11-10 17:12:36', '2012-11-10 17:12:36'),
(716, 'physique', 'prospect', 'M.', 'Auguste\r', 'LACROIX', '1988-11-13', 'Auguste\r.LACROIX@hotmail.com', '0100025805', '0600019140', '', 0, '', '', '8', '02420', 'VILLERET', 'France', 0, 'never', 'courrier', 'not', '', '2012-11-10 17:12:36', '2012-11-10 17:12:36'),
(717, 'physique', 'donateur', 'M.', 'Brice\r', 'BLIN', '1976-03-25', 'Brice\r.BLIN@gmail.com', '0100031922', '0600016676', '', 0, '', '', '14', '06440', 'BLAUSASC', 'France', 0, 'never', 'courrier', 'not', '', '2012-11-10 17:12:36', '2012-11-10 17:12:36'),
(718, 'physique', 'prospect', 'M.', 'Badreddine\r', 'GRENIER', '1977-03-20', 'Badreddine\r.GRENIER@caramail.com', '0100030616', '0600004934', '', 0, '', '', '14', '02380', 'PONT SAINT MARD', 'France', 0, 'never', 'courrier', 'not', '', '2012-11-10 17:12:36', '2012-11-10 17:12:36'),
(719, 'physique', 'donateur', 'Mme', 'Prescilla\r', 'GEOFFROY', '1990-01-04', 'Prescilla\r.GEOFFROY@hotmail.com', '0100030948', '0600014224', '', 0, '', '', '10', '06910', 'MUJOULS (LES)', 'France', 0, 'never', 'courrier', 'not', '', '2012-11-10 17:12:36', '2012-11-10 17:12:36'),
(720, 'physique', 'prospect', 'M.', 'Danielo\r', 'OLIVIER', '1994-04-19', 'Danielo\r.OLIVIER@hotmail.com', '0100007942', '0600013258', '', 0, '', '', '11', '01340', 'ATTIGNAT', 'France', 0, 'never', 'courrier', 'not', '', '2012-11-10 17:12:36', '2012-11-10 17:12:36'),
(721, 'physique', 'donateur', 'M.', 'Theophile\r', 'JULIEN', '1979-01-09', 'Theophile\r.JULIEN@caramail.com', '0100028825', '0600019786', '', 0, '', '', '7', '02290', 'FONTENOY', 'France', 0, 'never', 'courrier', 'not', '', '2012-11-10 17:12:36', '2012-11-10 17:12:36'),
(722, 'physique', 'prospect', 'Mme', 'Pelin\r', 'DELMAS', '1984-04-25', 'Pelin\r.DELMAS@hotmail.com', '0100015804', '0600026772', '', 0, '', '', '2', '04200', 'SAINT GENIEZ', 'France', 0, 'never', 'courrier', 'not', '', '2012-11-10 17:12:36', '2012-11-10 17:12:36'),
(723, 'physique', 'donateur', 'M.', 'Mohammed\r', 'PRUVOST', '1983-11-06', 'Mohammed\r.PRUVOST@live.fr', '0100008701', '0600009723', '', 0, '', '', '9', '03270', 'BUSSET', 'France', 0, 'never', 'courrier', 'not', '', '2012-11-10 17:12:36', '2012-11-10 17:12:36'),
(724, 'physique', 'prospect', 'Mme', 'Celestine\r', 'MILLOT', '1992-09-15', 'Celestine\r.MILLOT@caramail.com', '0100020158', '0600003945', '', 0, '', '', '10', '01320', 'CHALAMONT', 'France', 0, 'never', 'courrier', 'not', '', '2012-11-10 17:12:36', '2012-11-10 17:12:36'),
(725, 'physique', 'donateur', 'M.', 'Abdoul\r', 'FAURE', '1975-09-01', 'Abdoul\r.FAURE@hotmail.com', '0100029302', '0600010997', '', 0, '', '', '2', '02140', 'JEANTES', 'France', 0, 'never', 'courrier', 'not', '', '2012-11-10 17:12:36', '2012-11-10 17:12:36'),
(726, 'physique', 'prospect', 'M.', 'Jeremy\r', 'EVRARD', '1995-10-17', 'Jeremy\r.EVRARD@hotmail.com', '0100031524', '0600026841', '', 0, '', '', '6', '02480', 'OLLEZY', 'France', 0, 'never', 'courrier', 'not', '', '2012-11-10 17:12:36', '2012-11-10 17:12:36'),
(727, 'physique', 'donateur', 'Mme', 'Naya\r', 'LE GALL', '1977-09-24', 'Naya\r.LE GALL@live.fr', '0100019744', '0600024629', '', 0, '', '', '14', '01190', 'PONT DE VAUX', 'France', 0, 'never', 'courrier', 'not', '', '2012-11-10 17:12:36', '2012-11-10 17:12:36'),
(728, 'physique', 'donateur', 'Mme', 'Chloe\r', 'BLANCHARD', '1995-01-03', 'Chloe\r.BLANCHARD@hotmail.com', '0100021246', '0600013339', '', 0, '', '', '12', '02880', 'TERNY SORNY', 'France', 0, 'never', 'courrier', 'not', '', '2012-11-10 17:12:36', '2012-11-10 17:12:36'),
(729, 'physique', 'donateur', 'Mme', 'Ana\r', 'RODRIGUEZ', '1981-06-06', 'Ana\r.RODRIGUEZ@gmail.com', '0100003616', '0600001773', '', 0, '', '', '2', '02270', 'CHALANDRY', 'France', 0, 'never', 'courrier', 'not', '', '2012-11-10 17:12:36', '2012-11-10 17:12:36'),
(730, 'physique', 'donateur', 'Mme', 'Bryanna\r', 'GUERIN', '1993-06-09', 'Bryanna\r.GUERIN@live.fr', '0100009791', '0600020181', '', 0, '', '', '10', '03500', 'CONTIGNY', 'France', 0, 'never', 'courrier', 'not', '', '2012-11-10 17:12:36', '2012-11-10 17:12:36'),
(731, 'physique', 'prospect', 'M.', 'Thelio\r', 'GRONDIN', '1977-09-04', 'Thelio\r.GRONDIN@gmail.com', '0100028551', '0600020316', '', 0, '', '', '11', '02590', 'ETREILLERS', 'France', 0, 'never', 'courrier', 'not', '', '2012-11-10 17:12:36', '2012-11-10 17:12:36'),
(732, 'physique', 'donateur', 'M.', 'Brendan\r', 'DUBREUIL', '1983-04-25', 'Brendan\r.DUBREUIL@caramail.com', '0100001232', '0600025425', '', 0, '', '', '8', '03360', 'MEAULNE', 'France', 0, 'never', 'courrier', 'not', '', '2012-11-10 17:12:36', '2012-11-10 17:12:36'),
(733, 'physique', 'donateur', 'Mme', 'Perine\r', 'JOUBERT', '1983-10-01', 'Perine\r.JOUBERT@caramail.com', '0100014805', '0600029643', '', 0, '', '', '2', '06600', 'ANTIBES', 'France', 0, 'never', 'courrier', 'not', '', '2012-11-10 17:12:36', '2012-11-10 17:12:36'),
(734, 'physique', 'donateur', 'Mme', 'Bleuenn\r', 'PELLETIER', '1981-03-24', 'Bleuenn\r.PELLETIER@caramail.com', '0100000329', '0600029410', '', 0, '', '', '5', '02860', 'CHERMIZY AILLES', 'France', 0, 'never', 'courrier', 'not', '', '2012-11-10 17:12:36', '2012-11-10 17:12:36'),
(735, 'physique', 'donateur', 'M.', 'Andrew\r', 'PREVOST', '1980-11-08', 'Andrew\r.PREVOST@live.fr', '0100002392', '0600026838', '', 0, '', '', '6', '01130', 'NANTUA', 'France', 0, 'never', 'courrier', 'not', '', '2012-11-10 17:12:36', '2012-11-10 17:12:36'),
(736, 'physique', 'prospect', 'M.', 'James\r', 'VIAL', '1980-02-28', 'James\r.VIAL@caramail.com', '0100032739', '0600032651', '', 0, '', '', '2', '05190', 'BREZIERS', 'France', 0, 'never', 'courrier', 'not', '', '2012-11-10 17:12:36', '2012-11-10 17:12:36'),
(737, 'physique', 'donateur', 'Mme', 'Nahla\r', 'BARRE', '1982-12-11', 'Nahla\r.BARRE@hotmail.com', '0100006922', '0600027515', '', 0, '', '', '4', '05160', 'SAUZE DU LAC (LE)', 'France', 0, 'never', 'courrier', 'not', '', '2012-11-10 17:12:36', '2012-11-10 17:12:36'),
(738, 'physique', 'prospect', 'Mme', 'Precillia\r', 'RAYMOND', '1978-05-30', 'Precillia\r.RAYMOND@hotmail.com', '0100013201', '0600003881', '', 0, '', '', '12', '01600', 'SAINT DIDIER DE FORMANS', 'France', 0, 'never', 'courrier', 'not', '', '2012-11-10 17:12:36', '2012-11-10 17:12:36'),
(739, 'physique', 'donateur', 'M.', 'Lounis\r', 'MOREL', '1986-02-25', 'Lounis\r.MOREL@hotmail.com', '0100005776', '0600011128', '', 0, '', '', '10', '02110', 'FONTAINE NOTRE DAME', 'France', 0, 'never', 'courrier', 'not', '', '2012-11-10 17:12:36', '2012-11-10 17:12:36'),
(740, 'physique', 'prospect', 'Mme', 'Carmen\r', 'DUFOUR', '1994-11-19', 'Carmen\r.DUFOUR@caramail.com', '0100032114', '0600002986', '', 0, '', '', '3', '05140', 'FAURIE (LA)', 'France', 0, 'never', 'courrier', 'not', '', '2012-11-10 17:12:36', '2012-11-10 17:12:36'),
(741, 'physique', 'donateur', 'Mme', 'Ondine\r', 'THIERRY', '1979-10-21', 'Ondine\r.THIERRY@hotmail.com', '0100000132', '0600012546', '', 0, '', '', '10', '02220', 'COUVRELLES', 'France', 0, 'never', 'courrier', 'not', '', '2012-11-10 17:12:36', '2012-11-10 17:12:36'),
(742, 'physique', 'donateur', 'Mme', 'Celeste\r', 'BENARD', '1987-10-22', 'Celeste\r.BENARD@caramail.com', '0100016118', '0600028440', '', 0, '', '', '11', '04250', 'GIGORS', 'France', 0, 'never', 'courrier', 'not', '', '2012-11-10 17:12:36', '2012-11-10 17:12:36'),
(743, 'physique', 'prospect', 'M.', 'Jule\r', 'BARBE', '1987-06-06', 'Jule\r.BARBE@caramail.com', '0100014141', '0600030439', '', 0, '', '', '8', '02200', 'SOISSONS', 'France', 0, 'never', 'courrier', 'not', '', '2012-11-10 17:12:36', '2012-11-10 17:12:36'),
(744, 'physique', 'donateur', 'Mme', 'Sophia\r', 'TOURNIER', '1984-12-22', 'Sophia\r.TOURNIER@caramail.com', '0100025958', '0600001924', '', 0, '', '', '10', '01100', 'GEOVREISSET', 'France', 0, 'never', 'courrier', 'not', '', '2012-11-10 17:12:36', '2012-11-10 17:12:36'),
(745, 'physique', 'donateur', 'M.', 'Adan\r', 'RICARD', '1982-07-24', 'Adan\r.RICARD@caramail.com', '0100026023', '0600005763', '', 0, '', '', '7', '02120', 'FLAVIGNY LE GRAND ET BEAURAIN', 'France', 0, 'never', 'courrier', 'not', '', '2012-11-10 17:12:36', '2012-11-10 17:12:36'),
(746, 'physique', 'donateur', 'M.', 'Matheo\r', 'KLEIN', '1993-01-13', 'Matheo\r.KLEIN@caramail.com', '0100005555', '0600015891', '', 0, '', '', '7', '01750', 'REPLONGES', 'France', 0, 'never', 'courrier', 'not', '', '2012-11-10 17:12:36', '2012-11-10 17:12:36'),
(747, 'physique', 'donateur', 'M.', 'Amadou\r', 'LANGLOIS', '1993-04-16', 'Amadou\r.LANGLOIS@live.fr', '0100000751', '0600024898', '', 0, '', '', '4', '01250', 'RAMASSE', 'France', 0, 'never', 'courrier', 'not', '', '2012-11-10 17:12:36', '2012-11-10 17:12:36'),
(748, 'physique', 'donateur', 'M.', 'Jonas\r', 'DUPONT', '1988-01-31', 'Jonas\r.DUPONT@gmail.com', '0100031161', '0600032185', '', 0, '', '', '13', '02520', 'FLAVY LE MARTEL', 'France', 0, 'never', 'courrier', 'not', '', '2012-11-10 17:12:36', '2012-11-10 17:12:36'),
(749, 'physique', 'donateur', 'M.', 'Dilane\r', 'PERON', '1977-04-04', 'Dilane\r.PERON@gmail.com', '0100004877', '0600027519', '', 0, '', '', '11', '02300', 'CAILLOUEL CREPIGNY', 'France', 0, 'never', 'courrier', 'not', '', '2012-11-10 17:12:36', '2012-11-10 17:12:36'),
(750, 'physique', 'prospect', 'Mme', 'Orane\r', 'OLLIVIER', '1979-01-16', 'Orane\r.OLLIVIER@live.fr', '0100021596', '0600026985', '', 0, '', '', '4', '01700', 'MIRIBEL', 'France', 0, 'never', 'courrier', 'not', '', '2012-11-10 17:12:36', '2012-11-10 17:12:36'),
(751, 'physique', 'prospect', 'M.', 'Augustin\r', 'ROGER', '1993-11-05', 'Augustin\r.ROGER@gmail.com', '0100015216', '0600028416', '', 0, '', '', '13', '02140', 'FRANQUEVILLE', 'France', 0, 'never', 'courrier', 'not', '', '2012-11-10 17:12:36', '2012-11-10 17:12:36'),
(752, 'physique', 'donateur', 'M.', 'Awen\r', 'BOULET', '1995-09-11', 'Awen\r.BOULET@caramail.com', '0100016413', '0600022212', '', 0, '', '', '5', '02100', 'ROUVROY', 'France', 0, 'never', 'courrier', 'not', '', '2012-11-10 17:12:36', '2012-11-10 17:12:36'),
(753, 'physique', 'donateur', 'M.', 'Dan\r', 'THOMAS', '1993-10-16', 'Dan\r.THOMAS@gmail.com', '0100012378', '0600005981', '', 0, '', '', '14', '03140', 'TAXAT SENAT', 'France', 0, 'never', 'courrier', 'not', '', '2012-11-10 17:12:36', '2012-11-10 17:12:36'),
(754, 'physique', 'donateur', 'Mme', 'Phybie\r', 'REMY', '1992-08-20', 'Phybie\r.REMY@caramail.com', '0100025639', '0600018825', '', 0, '', '', '14', '03410', 'PREMILHAT', 'France', 0, 'never', 'courrier', 'not', '', '2012-11-10 17:12:36', '2012-11-10 17:12:36'),
(755, 'physique', 'donateur', 'M.', 'Loukas\r', 'IMBERT', '1987-05-24', 'Loukas\r.IMBERT@caramail.com', '0100021170', '0600020758', '', 0, '', '', '14', '05300', 'RIBIERS', 'France', 0, 'never', 'courrier', 'not', '', '2012-11-10 17:12:36', '2012-11-10 17:12:36'),
(756, 'physique', 'prospect', 'Mme', 'Brenda\r', 'RICARD', '1980-05-02', 'Brenda\r.RICARD@hotmail.com', '0100003549', '0600017748', '', 0, '', '', '6', '02880', 'CUFFIES', 'France', 0, 'never', 'courrier', 'not', '', '2012-11-10 17:12:36', '2012-11-10 17:12:36'),
(757, 'physique', 'prospect', 'Mme', 'Astrid\r', 'BILLARD', '1990-07-09', 'Astrid\r.BILLARD@live.fr', '0100023375', '0600009257', '', 0, '', '', '6', '02500', 'NEUVE MAISON', 'France', 0, 'never', 'courrier', 'not', '', '2012-11-10 17:12:36', '2012-11-10 17:12:36'),
(758, 'physique', 'prospect', 'M.', 'Jessim\r', 'DAVID', '1986-08-16', 'Jessim\r.DAVID@hotmail.com', '0100002415', '0600001653', '', 0, '', '', '10', '01660', 'VANDEINS', 'France', 0, 'never', 'courrier', 'not', '', '2012-11-10 17:12:36', '2012-11-10 17:12:36'),
(759, 'physique', 'prospect', 'M.', 'Mateo\r', 'BERTHELOT', '1994-04-02', 'Mateo\r.BERTHELOT@live.fr', '0100030729', '0600003421', '', 0, '', '', '2', '01800', 'PEROUGES', 'France', 0, 'never', 'courrier', 'not', '', '2012-11-10 17:12:36', '2012-11-10 17:12:36'),
(760, 'physique', 'prospect', 'M.', 'Jules\r', 'MARTIN', '1995-10-11', 'Jules\r.MARTIN@live.fr', '0100023043', '0600024540', '', 0, '', '', '13', '04500', 'RIEZ', 'France', 0, 'never', 'courrier', 'not', '', '2012-11-10 17:12:36', '2012-11-10 17:12:36'),
(761, 'physique', 'prospect', 'Mme', 'Olivia\r', 'CARRE', '1988-05-13', 'Olivia\r.CARRE@live.fr', '0100006172', '0600015776', '', 0, '', '', '11', '02140', 'LAIGNY', 'France', 0, 'never', 'courrier', 'not', '', '2012-11-10 17:12:36', '2012-11-10 17:12:36'),
(762, 'physique', 'donateur', 'Mme', 'Naila\r', 'MORAND', '1985-09-29', 'Naila\r.MORAND@caramail.com', '0100008821', '0600027510', '', 0, '', '', '8', '04250', 'BAYONS', 'France', 0, 'never', 'courrier', 'not', '', '2012-11-10 17:12:36', '2012-11-10 17:12:36'),
(763, 'physique', 'prospect', 'M.', 'Bryan\r', 'DUJARDIN', '1977-03-01', 'Bryan\r.DUJARDIN@hotmail.com', '0100008345', '0600013618', '', 0, '', '', '6', '05800', 'VILLAR LOUBIERE', 'France', 0, 'never', 'courrier', 'not', '', '2012-11-10 17:12:36', '2012-11-10 17:12:36'),
(764, 'physique', 'donateur', 'Mme', 'Suzanne\r', 'GERVAIS', '1975-09-01', 'Suzanne\r.GERVAIS@hotmail.com', '0100014779', '0600015209', '', 0, '', '', '10', '02300', 'TROSLY LOIRE', 'France', 0, 'never', 'courrier', 'not', '', '2012-11-10 17:12:36', '2012-11-10 17:12:36'),
(765, 'physique', 'prospect', 'Mme', 'Oona\r', 'GILLET', '1975-02-26', 'Oona\r.GILLET@caramail.com', '0100012025', '0600026731', '', 0, '', '', '2', '02310', 'BEZU LE GUERY', 'France', 0, 'never', 'courrier', 'not', '', '2012-11-10 17:12:36', '2012-11-10 17:12:36'),
(766, 'physique', 'prospect', 'M.', 'Jessy\r', 'HUSSON', '1995-07-15', 'Jessy\r.HUSSON@caramail.com', '0100006761', '0600007697', '', 0, '', '', '5', '02600', 'DAMPLEUX', 'France', 0, 'never', 'courrier', 'not', '', '2012-11-10 17:12:36', '2012-11-10 17:12:36'),
(767, 'physique', 'prospect', 'M.', 'Arda\r', 'MASSE', '1978-12-22', 'Arda\r.MASSE@hotmail.com', '0100016145', '0600003678', '', 0, '', '', '6', '02100', 'HARLY', 'France', 0, 'never', 'courrier', 'not', '', '2012-11-10 17:12:36', '2012-11-10 17:12:36'),
(768, 'physique', 'prospect', 'Mme', 'Naya\r', 'CHARLES', '1992-08-14', 'Naya\r.CHARLES@hotmail.com', '0100010998', '0600007091', '', 0, '', '', '6', '05120', 'VIGNEAUX (LES)', 'France', 0, 'never', 'courrier', 'not', '', '2012-11-10 17:12:36', '2012-11-10 17:12:36'),
(769, 'physique', 'prospect', 'M.', 'Loukas\r', 'BOUSQUET', '1979-01-14', 'Loukas\r.BOUSQUET@caramail.com', '0100019191', '0600030122', '', 0, '', '', '3', '02400', 'MONT SAINT PERE', 'France', 0, 'never', 'courrier', 'not', '', '2012-11-10 17:12:36', '2012-11-10 17:12:36'),
(770, 'physique', 'prospect', 'Mme', 'Alice\r', 'LOUIS', '1982-06-07', 'Alice\r.LOUIS@caramail.com', '0100021672', '0600027704', '', 0, '', '', '8', '03340', 'GOUISE', 'France', 0, 'never', 'courrier', 'not', '', '2012-11-10 17:12:36', '2012-11-10 17:12:36'),
(771, 'physique', 'prospect', 'Mme', 'Prescillia\r', 'FABRE', '1977-08-27', 'Prescillia\r.FABRE@hotmail.com', '0100007833', '0600021047', '', 0, '', '', '8', '05600', 'CEILLAC', 'France', 0, 'never', 'courrier', 'not', '', '2012-11-10 17:12:36', '2012-11-10 17:12:36'),
(772, 'physique', 'donateur', 'M.', 'Achille\r', 'MARTY', '1984-06-30', 'Achille\r.MARTY@live.fr', '0100004433', '0600003189', '', 0, '', '', '3', '02170', 'NOUVION EN THIERACHE (LE)', 'France', 0, 'never', 'courrier', 'not', '', '2012-11-10 17:12:36', '2012-11-10 17:12:36'),
(773, 'physique', 'donateur', 'Mme', 'Clea\r', 'JULIEN', '1988-04-10', 'Clea\r.JULIEN@gmail.com', '0100028179', '0600030388', '', 0, '', '', '11', '02290', 'NOUVRON VINGRE', 'France', 0, 'never', 'courrier', 'not', '', '2012-11-10 17:12:36', '2012-11-10 17:12:36'),
(774, 'physique', 'prospect', 'Mme', 'Oliana\r', 'BASSET', '1993-04-22', 'Oliana\r.BASSET@gmail.com', '0100005190', '0600009669', '', 0, '', '', '4', '04220', 'CORBIERES', 'France', 0, 'never', 'courrier', 'not', '', '2012-11-10 17:12:36', '2012-11-10 17:12:36'),
(775, 'physique', 'prospect', 'M.', 'Dayann\r', 'CARPENTIER', '1987-08-22', 'Dayann\r.CARPENTIER@live.fr', '0100005384', '0600026375', '', 0, '', '', '10', '06320', 'CAP D''AIL', 'France', 0, 'never', 'courrier', 'not', '', '2012-11-10 17:12:36', '2012-11-10 17:12:36'),
(776, 'physique', 'prospect', 'Mme', 'Olympe\r', 'ROGER', '1985-07-27', 'Olympe\r.ROGER@caramail.com', '0100002359', '0600030721', '', 0, '', '', '3', '02800', 'ANDELAIN', 'France', 0, 'never', 'courrier', 'not', '', '2012-11-10 17:12:36', '2012-11-10 17:12:36'),
(777, 'physique', 'prospect', 'M.', 'Abdoulaye\r', 'HUBERT', '1976-04-27', 'Abdoulaye\r.HUBERT@caramail.com', '0100003724', '0600013596', '', 0, '', '', '7', '03310', 'LAVAULT SAINTE ANNE', 'France', 0, 'never', 'courrier', 'not', '', '2012-11-10 17:12:36', '2012-11-10 17:12:36'),
(778, 'physique', 'donateur', 'Mme', 'Cleo\r', 'GERMAIN', '1975-07-28', 'Cleo\r.GERMAIN@gmail.com', '0100009167', '0600013603', '', 0, '', '', '5', '03310', 'NERIS LES BAINS', 'France', 0, 'never', 'courrier', 'not', '', '2012-11-10 17:12:36', '2012-11-10 17:12:36'),
(779, 'physique', 'prospect', 'M.', 'Thomas\r', 'EVRARD', '1995-06-02', 'Thomas\r.EVRARD@hotmail.com', '0100000090', '0600014253', '', 0, '', '', '11', '01290', 'BIZIAT', 'France', 0, 'never', 'courrier', 'not', '', '2012-11-10 17:12:36', '2012-11-10 17:12:36'),
(780, 'physique', 'prospect', 'M.', 'Lony\r', 'PASCAL', '1995-06-12', 'Lony\r.PASCAL@gmail.com', '0100030021', '0600003854', '', 0, '', '', '10', '01130', 'LALLEYRIAT', 'France', 0, 'never', 'courrier', 'not', '', '2012-11-10 17:12:36', '2012-11-10 17:12:36'),
(781, 'physique', 'prospect', 'Mme', 'Plume\r', 'OLIVIER', '0000-00-00', 'Plume\r.OLIVIER@caramail.com', '0100029045', '0600029430', '', 0, '', '', '4', '02470', 'DAMMARD', 'France', 0, 'never', 'courrier', 'not', '', '2012-11-10 17:12:36', '2012-11-10 17:12:36'),
(782, 'physique', 'prospect', 'M.', 'Dovan\r', 'MAILLARD', '1995-07-07', 'Dovan\r.MAILLARD@gmail.com', '0100016713', '0600027470', '', 0, '', '', '6', '02680', 'CONTESCOURT', 'France', 0, 'never', 'courrier', 'not', '', '2012-11-10 17:12:36', '2012-11-10 17:12:36'),
(783, 'physique', 'donateur', 'M.', 'Milan\r', 'ROUSSEAU', '1989-08-18', 'Milan\r.ROUSSEAU@hotmail.com', '0100017249', '0600003457', '', 0, '', '', '4', '02140', 'BRAYE EN THIERACHE', 'France', 0, 'never', 'courrier', 'not', '', '2012-11-10 17:12:36', '2012-11-10 17:12:36'),
(784, 'physique', 'prospect', 'M.', 'Brandon\r', 'COLLET', '1986-02-12', 'Brandon\r.COLLET@hotmail.com', '0100027117', '0600005588', '', 0, '', '', '12', '02130', 'MAREUIL EN DOLE', 'France', 0, 'never', 'courrier', 'not', '', '2012-11-10 17:12:36', '2012-11-10 17:12:36'),
(785, 'physique', 'prospect', 'M.', 'Donavan\r', 'DESCAMPS', '1986-06-10', 'Donavan\r.DESCAMPS@caramail.com', '0100005773', '0600030555', '', 0, '', '', '8', '02810', 'GANDELU', 'France', 0, 'never', 'courrier', 'not', '', '2012-11-10 17:12:36', '2012-11-10 17:12:36'),
(786, 'physique', 'prospect', 'Mme', 'Satine\r', 'DELATTRE', '1985-05-21', 'Satine\r.DELATTRE@hotmail.com', '0100004733', '0600013053', '', 0, '', '', '11', '03260', 'SAINT FELIX', 'France', 0, 'never', 'courrier', 'not', '', '2012-11-10 17:12:36', '2012-11-10 17:12:36'),
(787, 'physique', 'donateur', 'M.', 'Billal\r', 'EVRARD', '1985-12-27', 'Billal\r.EVRARD@caramail.com', '0100013753', '0600004220', '', 0, '', '', '11', '03120', 'PERIGNY', 'France', 0, 'never', 'courrier', 'not', '', '2012-11-10 17:12:36', '2012-11-10 17:12:36'),
(788, 'physique', 'prospect', 'Mme', 'Priscille\r', 'GRONDIN', '1986-03-22', 'Priscille\r.GRONDIN@hotmail.com', '0100023390', '0600027226', '', 0, '', '', '13', '02000', 'BARENTON BUGNY', 'France', 0, 'never', 'courrier', 'not', '', '2012-11-10 17:12:36', '2012-11-10 17:12:36'),
(789, 'physique', 'donateur', 'Mme', 'Prunelle\r', 'BERTRAND', '1978-11-03', 'Prunelle\r.BERTRAND@gmail.com', '0100018766', '0600011050', '', 0, '', '', '13', '01190', 'REYSSOUZE', 'France', 0, 'never', 'courrier', 'not', '', '2012-11-10 17:12:36', '2012-11-10 17:12:36'),
(790, 'physique', 'prospect', 'M.', 'Tiziano\r', 'LEON', '1991-04-24', 'Tiziano\r.LEON@hotmail.com', '0100009590', '0600007964', '', 0, '', '', '10', '03190', 'REUGNY', 'France', 0, 'never', 'courrier', 'not', '', '2012-11-10 17:12:36', '2012-11-10 17:12:36'),
(791, 'physique', 'prospect', 'Mme', 'Omaima\r', 'VAILLANT', '1983-04-04', 'Omaima\r.VAILLANT@caramail.com', '0100015105', '0600020887', '', 0, '', '', '14', '02290', 'VIC SUR AISNE', 'France', 0, 'never', 'courrier', 'not', '', '2012-11-10 17:12:36', '2012-11-10 17:12:36'),
(792, 'physique', 'donateur', 'M.', 'Mike\r', 'MARECHAL', '1975-12-01', 'Mike\r.MARECHAL@gmail.com', '0100012707', '0600022542', '', 0, '', '', '7', '05130', 'JARJAYES', 'France', 0, 'never', 'courrier', 'not', '', '2012-11-10 17:12:36', '2012-11-10 17:12:36'),
(793, 'physique', 'donateur', 'M.', 'Mylan\r', 'NICOLAS', '1995-08-23', 'Mylan\r.NICOLAS@hotmail.com', '0100011075', '0600018961', '', 0, '', '', '11', '01130', 'GIRON', 'France', 0, 'never', 'courrier', 'not', '', '2012-11-10 17:12:36', '2012-11-10 17:12:36'),
(794, 'physique', 'prospect', 'M.', 'Alex\r', 'LE ROUX', '1981-11-29', 'Alex\r.LE ROUX@live.fr', '0100016713', '0600002176', '', 0, '', '', '9', '03300', 'CREUZIER LE VIEUX', 'France', 0, 'never', 'courrier', 'not', '', '2012-11-10 17:12:36', '2012-11-10 17:12:36'),
(795, 'physique', 'prospect', 'M.', 'Trystan\r', 'GRANGER', '1978-11-12', 'Trystan\r.GRANGER@hotmail.com', '0100030023', '0600000883', '', 0, '', '', '4', '02640', 'TUGNY ET PONT', 'France', 0, 'never', 'courrier', 'not', '', '2012-11-10 17:12:36', '2012-11-10 17:12:36'),
(796, 'physique', 'donateur', 'Mme', 'Alice\r', 'LAMY', '1985-05-31', 'Alice\r.LAMY@hotmail.com', '0100009993', '0600003222', '', 0, '', '', '2', '02360', 'PARFONDEVAL', 'France', 0, 'never', 'courrier', 'not', '', '2012-11-10 17:12:36', '2012-11-10 17:12:36'),
(797, 'physique', 'donateur', 'M.', 'Alexander\r', 'LECONTE', '1994-03-21', 'Alexander\r.LECONTE@hotmail.com', '0100019358', '0600027595', '', 0, '', '', '6', '01250', 'SIMANDRE SUR SURAN', 'France', 0, 'never', 'courrier', 'not', '', '2012-11-10 17:12:36', '2012-11-10 17:12:36'),
(798, 'physique', 'prospect', 'M.', 'Mahdi\r', 'BONNET', '1992-12-02', 'Mahdi\r.BONNET@gmail.com', '0100002838', '0600011989', '', 0, '', '', '14', '02250', 'MONTIGNY SOUS MARLE', 'France', 0, 'never', 'courrier', 'not', '', '2012-11-10 17:12:36', '2012-11-10 17:12:36'),
(799, 'physique', 'prospect', 'M.', 'Beni\r', 'JACQUES', '1982-08-04', 'Beni\r.JACQUES@caramail.com', '0100018115', '0600017723', '', 0, '', '', '13', '02100', 'NEUVILLE SAINT AMAND', 'France', 0, 'never', 'courrier', 'not', '', '2012-11-10 17:12:36', '2012-11-10 17:12:36'),
(800, 'physique', 'prospect', 'M.', 'Daouda\r', 'DUVAL', '1990-07-20', 'Daouda\r.DUVAL@hotmail.com', '0100005317', '0600016869', '', 0, '', '', '9', '02160', 'PONTAVERT', 'France', 0, 'never', 'courrier', 'not', '', '2012-11-10 17:12:36', '2012-11-10 17:12:36'),
(801, 'physique', 'prospect', 'Mme', 'Alexandra\r', 'PUJOL', '1985-01-30', 'Alexandra\r.PUJOL@live.fr', '0100008201', '0600027049', '', 0, '', '', '8', '02210', 'PARCY ET TIGNY', 'France', 0, 'never', 'courrier', 'not', '', '2012-11-10 17:12:36', '2012-11-10 17:12:36'),
(802, 'physique', 'prospect', 'M.', 'Maxence\r', 'GAY', '1983-12-28', 'Maxence\r.GAY@live.fr', '0100017230', '0600004315', '', 0, '', '', '3', '01340', 'MALAFRETAZ', 'France', 0, 'never', 'courrier', 'not', '', '2012-11-10 17:12:36', '2012-11-10 17:12:36'),
(803, 'physique', 'prospect', 'M.', 'Tomy\r', 'COMBES', '1992-02-27', 'Tomy\r.COMBES@live.fr', '0100005832', '0600009157', '', 0, '', '', '10', '04270', 'SAINT JULIEN D''ASSE', 'France', 0, 'never', 'courrier', 'not', '', '2012-11-10 17:12:36', '2012-11-10 17:12:36'),
(804, 'physique', 'donateur', 'Mme', 'Priscilla\r', 'DUBREUIL', '1978-03-05', 'Priscilla\r.DUBREUIL@gmail.com', '0100004566', '0600029072', '', 0, '', '', '4', '02250', 'CILLY', 'France', 0, 'never', 'courrier', 'not', '', '2012-11-10 17:12:36', '2012-11-10 17:12:36'),
(805, 'physique', 'prospect', 'M.', 'Basile\r', 'FONTAINE', '1978-10-14', 'Basile\r.FONTAINE@hotmail.com', '0100029372', '0600025686', '', 0, '', '', '13', '02100', 'MORCOURT', 'France', 0, 'never', 'courrier', 'not', '', '2012-11-10 17:12:36', '2012-11-10 17:12:36'),
(806, 'physique', 'donateur', 'Mme', 'Priyanka\r', 'ALEXANDRE', '1986-04-05', 'Priyanka\r.ALEXANDRE@gmail.com', '0100007990', '0600028625', '', 0, '', '', '8', '01250', 'SAINT JUST', 'France', 0, 'never', 'courrier', 'not', '', '2012-11-10 17:12:36', '2012-11-10 17:12:36'),
(807, 'physique', 'donateur', 'M.', 'Alain\r', 'HUSSON', '1981-01-30', 'Alain\r.HUSSON@live.fr', '0100003575', '0600013567', '', 0, '', '', '10', '05700', 'SAVOURNON', 'France', 0, 'never', 'courrier', 'not', '', '2012-11-10 17:12:36', '2012-11-10 17:12:36'),
(808, 'physique', 'donateur', 'M.', 'Jibril\r', 'BLONDEAU', '1981-08-07', 'Jibril\r.BLONDEAU@hotmail.com', '0100002087', '0600009570', '', 0, '', '', '5', '04340', 'LAUZET UBAYE (LE)', 'France', 0, 'never', 'courrier', 'not', '', '2012-11-10 17:12:36', '2012-11-10 17:12:36'),
(809, 'physique', 'prospect', 'M.', 'Alexi\r', 'VERDIER', '1995-08-16', 'Alexi\r.VERDIER@caramail.com', '0100006607', '0600028119', '', 0, '', '', '3', '01150', 'SAINT SORLIN EN BUGEY', 'France', 0, 'never', 'courrier', 'not', '', '2012-11-10 17:12:36', '2012-11-10 17:12:36'),
(810, 'physique', 'prospect', 'M.', 'Dialla\r', 'DUFOUR', '1979-11-19', 'Dialla\r.DUFOUR@gmail.com', '0100000684', '0600012848', '', 0, '', '', '4', '05140', 'BEAUME (LA)', 'France', 0, 'never', 'courrier', 'not', '', '2012-11-10 17:12:36', '2012-11-10 17:12:36'),
(811, 'physique', 'prospect', 'M.', 'Mehdi\r', 'CHRETIEN', '1991-11-03', 'Mehdi\r.CHRETIEN@caramail.com', '0100015797', '0600029064', '', 0, '', '', '2', '03130', 'LUNEAU', 'France', 0, 'never', 'courrier', 'not', '', '2012-11-10 17:12:36', '2012-11-10 17:12:36');
INSERT INTO `contacts` (`CON_ID`, `CON_TYPE`, `CON_TYPEC`, `CON_CIVILITE`, `CON_FIRSTNAME`, `CON_LASTNAME`, `CON_DATE`, `CON_EMAIL`, `CON_TELFIXE`, `CON_TELPORT`, `CON_COMPL`, `CON_VOIE_NUM`, `CON_VOIE_TYPE`, `CON_VOIE_NOM`, `CON_BP`, `CON_CP`, `CON_CITY`, `CON_COUNTRY`, `CON_NPAI`, `CON_RF_TYPE`, `CON_RF_ENVOI`, `CON_SOLICITATION`, `CON_COMMENTAIRE`, `CON_DATEADDED`, `CON_DATEMODIF`) VALUES
(812, 'physique', 'donateur', 'M.', 'Tristan\r', 'DANIEL', '1976-10-21', 'Tristan\r.DANIEL@caramail.com', '0100009208', '0600014637', '', 0, '', '', '11', '01250', 'DROM', 'France', 0, 'never', 'courrier', 'not', '', '2012-11-10 17:12:36', '2012-11-10 17:12:36'),
(813, 'physique', 'prospect', 'M.', 'Lewis\r', 'MAUREL', '1994-07-26', 'Lewis\r.MAUREL@gmail.com', '0100003025', '0600007120', '', 0, '', '', '12', '02420', 'VENDHUILE', 'France', 0, 'never', 'courrier', 'not', '', '2012-11-10 17:12:36', '2012-11-10 17:12:36'),
(814, 'physique', 'donateur', 'M.', 'Joey\r', 'HOARAU', '1992-12-29', 'Joey\r.HOARAU@live.fr', '0100007720', '0600006556', '', 0, '', '', '13', '02700', 'BARISIS', 'France', 0, 'never', 'courrier', 'not', '', '2012-11-10 17:12:36', '2012-11-10 17:12:36'),
(815, 'physique', 'donateur', 'M.', 'Barthelemy\r', 'LAURENT', '1993-05-07', 'Barthelemy\r.LAURENT@gmail.com', '0100026334', '0600012444', '', 0, '', '', '13', '05310', 'FREISSINIERES', 'France', 0, 'never', 'courrier', 'not', '', '2012-11-10 17:12:36', '2012-11-10 17:12:36'),
(816, 'physique', 'prospect', 'Mme', 'Ondine\r', 'GERAR', '1982-04-10', 'Ondine\r.GERAR@live.fr', '0100016766', '0600008674', '', 0, '', '', '6', '01420', 'CHANAY', 'France', 0, 'never', 'courrier', 'not', '', '2012-11-10 17:12:36', '2012-11-10 17:12:36'),
(817, 'physique', 'donateur', 'Mme', 'Ana\r', 'DA SILVA', '1992-07-31', 'Ana\r.DA SILVA@gmail.com', '0100009625', '0600001550', '', 0, '', '', '5', '02360', 'MONT SAINT JEAN', 'France', 0, 'never', 'courrier', 'not', '', '2012-11-10 17:12:36', '2012-11-10 17:12:36'),
(818, 'physique', 'donateur', 'M.', 'Bastian\r', 'PARMENTIER', '1989-10-18', 'Bastian\r.PARMENTIER@live.fr', '0100013573', '0600000023', '', 0, '', '', '4', '02510', 'VENEROLLES', 'France', 0, 'never', 'courrier', 'not', '', '2012-11-10 17:12:36', '2012-11-10 17:12:36'),
(819, 'physique', 'donateur', 'M.', 'Marceau\r', 'THIERRY', '1981-11-06', 'Marceau\r.THIERRY@hotmail.com', '0100021434', '0600027188', '', 0, '', '', '3', '02140', 'SAINT PIERRE LES FRANQUEVILLE', 'France', 0, 'never', 'courrier', 'not', '', '2012-11-10 17:12:36', '2012-11-10 17:12:36'),
(820, 'physique', 'prospect', 'Mme', 'Cynthia\r', 'COLLET', '1979-09-22', 'Cynthia\r.COLLET@hotmail.com', '0100015560', '0600003556', '', 0, '', '', '10', '01160', 'PONT D''AIN', 'France', 0, 'never', 'courrier', 'not', '', '2012-11-10 17:12:36', '2012-11-10 17:12:36'),
(821, 'physique', 'prospect', 'M.', 'Djamy\r', 'CHAPUIS', '1985-07-25', 'Djamy\r.CHAPUIS@caramail.com', '0100013659', '0600030016', '', 0, '', '', '13', '02800', 'ROGECOURT', 'France', 0, 'never', 'courrier', 'not', '', '2012-11-10 17:12:36', '2012-11-10 17:12:36'),
(822, 'physique', 'donateur', 'M.', 'Leonard\r', 'FABRE', '1994-06-16', 'Leonard\r.FABRE@live.fr', '0100004097', '0600004216', '', 0, '', '', '13', '02600', 'DOMMIERS', 'France', 0, 'never', 'courrier', 'not', '', '2012-11-10 17:12:36', '2012-11-10 17:12:36'),
(823, 'physique', 'donateur', 'M.', 'Marius\r', 'ROY', '1993-02-26', 'Marius\r.ROY@hotmail.com', '0100031023', '0600009070', '', 0, '', '', '13', '02320', 'FAUCOUCOURT', 'France', 0, 'never', 'courrier', 'not', '', '2012-11-10 17:12:36', '2012-11-10 17:12:36'),
(824, 'physique', 'prospect', 'M.', 'Jocelyn\r', 'GUICHARD', '1990-01-16', 'Jocelyn\r.GUICHARD@live.fr', '0100018405', '0600029336', '', 0, '', '', '13', '01150', 'SOUCLIN', 'France', 0, 'never', 'courrier', 'not', '', '2012-11-10 17:12:36', '2012-11-10 17:12:36'),
(825, 'physique', 'donateur', 'Mme', 'Clothilde\r', 'BOUTIN', '1989-08-11', 'Clothilde\r.BOUTIN@caramail.com', '0100007934', '0600017927', '', 0, '', '', '6', '01310', 'SAINT REMY', 'France', 0, 'never', 'courrier', 'not', '', '2012-11-10 17:12:36', '2012-11-10 17:12:36'),
(826, 'physique', 'prospect', 'M.', 'Danielo\r', 'CARRE', '1986-12-01', 'Danielo\r.CARRE@live.fr', '0100024577', '0600011802', '', 0, '', '', '5', '01250', 'RAMASSE', 'France', 0, 'never', 'courrier', 'not', '', '2012-11-10 17:12:36', '2012-11-10 17:12:36'),
(827, 'physique', 'donateur', 'M.', 'Liam\r', 'COUSIN', '1992-06-27', 'Liam\r.COUSIN@caramail.com', '0100021304', '0600010538', '', 0, '', '', '13', '02110', 'FONSOMMES', 'France', 0, 'never', 'courrier', 'not', '', '2012-11-10 17:12:36', '2012-11-10 17:12:36'),
(828, 'physique', 'prospect', 'Mme', 'Oumou\r', 'PRIGENT', '1993-04-11', 'Oumou\r.PRIGENT@live.fr', '0100011075', '0600023360', '', 0, '', '', '3', '06750', 'ANDON', 'France', 0, 'never', 'courrier', 'not', '', '2012-11-10 17:12:36', '2012-11-10 17:12:36'),
(829, 'physique', 'prospect', 'M.', 'Dycklan\r', 'BERTIN', '1979-09-14', 'Dycklan\r.BERTIN@gmail.com', '0100011692', '0600017457', '', 0, '', '', '3', '02000', 'MONTBAVIN', 'France', 0, 'never', 'courrier', 'not', '', '2012-11-10 17:12:36', '2012-11-10 17:12:36'),
(830, 'physique', 'prospect', 'M.', 'Danielo\r', 'PIERRE', '1979-08-27', 'Danielo\r.PIERRE@caramail.com', '0100005401', '0600032728', '', 0, '', '', '14', '01140', 'ILLIAT', 'France', 0, 'never', 'courrier', 'not', '', '2012-11-10 17:12:36', '2012-11-10 17:12:36'),
(831, 'physique', 'donateur', 'M.', 'Duy\r', 'SABATIER', '1987-12-15', 'Duy\r.SABATIER@gmail.com', '0100012438', '0600031989', '', 0, '', '', '4', '04700', 'ORAISON', 'France', 0, 'never', 'courrier', 'not', '', '2012-11-10 17:12:36', '2012-11-10 17:12:36'),
(832, 'physique', 'donateur', 'M.', 'Bachir\r', 'DA SILVA', '1992-02-17', 'Bachir\r.DA SILVA@caramail.com', '0100005209', '0600003338', '', 0, '', '', '6', '01660', 'MEZERIAT', 'France', 0, 'never', 'courrier', 'not', '', '2012-11-10 17:12:36', '2012-11-10 17:12:36'),
(833, 'physique', 'donateur', 'M.', 'Davys\r', 'HARDY', '1976-02-10', 'Davys\r.HARDY@live.fr', '0100026281', '0600000577', '', 0, '', '', '11', '02460', 'SILLY LA POTERIE', 'France', 0, 'never', 'courrier', 'not', '', '2012-11-10 17:12:36', '2012-11-10 17:12:36'),
(834, 'physique', 'donateur', 'M.', 'Armel\r', 'GAUTHIER', '1987-07-12', 'Armel\r.GAUTHIER@gmail.com', '0100028107', '0600021048', '', 0, '', '', '13', '02630', 'MENNEVRET', 'France', 0, 'never', 'courrier', 'not', '', '2012-11-10 17:12:36', '2012-11-10 17:12:36'),
(835, 'physique', 'prospect', 'M.', 'Amjad\r', 'FLEURY', '1978-09-04', 'Amjad\r.FLEURY@hotmail.com', '0100025028', '0600006186', '', 0, '', '', '2', '01190', 'BOZ', 'France', 0, 'never', 'courrier', 'not', '', '2012-11-10 17:12:36', '2012-11-10 17:12:36'),
(836, 'physique', 'prospect', 'M.', 'Amine\r', 'GOSSELIN', '1991-06-06', 'Amine\r.GOSSELIN@caramail.com', '0100022152', '0600021602', '', 0, '', '', '7', '01100', 'BELLIGNAT', 'France', 0, 'never', 'courrier', 'not', '', '2012-11-10 17:12:36', '2012-11-10 17:12:36'),
(837, 'physique', 'prospect', 'Mme', 'Oana\r', 'BOUCHER', '1993-10-02', 'Oana\r.BOUCHER@live.fr', '0100029032', '0600028978', '', 0, '', '', '14', '02340', 'VILLE AUX BOIS LES DIZY (LA)', 'France', 0, 'never', 'courrier', 'not', '', '2012-11-10 17:12:36', '2012-11-10 17:12:36'),
(838, 'physique', 'prospect', 'M.', 'Tomas\r', 'VAILLANT', '1986-02-11', 'Tomas\r.VAILLANT@gmail.com', '0100017038', '0600017637', '', 0, '', '', '12', '02170', 'NOUVION EN THIERACHE (LE)', 'France', 0, 'never', 'courrier', 'not', '', '2012-11-10 17:12:36', '2012-11-10 17:12:36'),
(839, 'physique', 'prospect', 'M.', 'Ayoub\r', 'PICHON', '1991-07-23', 'Ayoub\r.PICHON@hotmail.com', '0100032560', '0600026966', '', 0, '', '', '10', '02120', 'TUPIGNY', 'France', 0, 'never', 'courrier', 'not', '', '2012-11-10 17:12:36', '2012-11-10 17:12:36'),
(840, 'physique', 'donateur', 'M.', 'Djalil\r', 'MASSON', '1982-07-08', 'Djalil\r.MASSON@gmail.com', '0100016957', '0600003983', '', 0, '', '', '13', '02110', 'SERAIN', 'France', 0, 'never', 'courrier', 'not', '', '2012-11-10 17:12:36', '2012-11-10 17:12:36'),
(841, 'physique', 'prospect', 'Mme', 'Coralie\r', 'JOLY', '1985-04-03', 'Coralie\r.JOLY@hotmail.com', '0100026843', '0600015483', '', 0, '', '', '11', '06440', 'BLAUSASC', 'France', 0, 'never', 'courrier', 'not', '', '2012-11-10 17:12:36', '2012-11-10 17:12:36'),
(842, 'physique', 'prospect', 'M.', 'Joachim\r', 'COMBES', '1993-02-09', 'Joachim\r.COMBES@hotmail.com', '0100020882', '0600030562', '', 0, '', '', '11', '04250', 'BELLAFFAIRE', 'France', 0, 'never', 'courrier', 'not', '', '2012-11-10 17:12:36', '2012-11-10 17:12:36'),
(843, 'physique', 'donateur', 'M.', 'Matys\r', 'BARON', '1988-02-24', 'Matys\r.BARON@live.fr', '0100015015', '0600012251', '', 0, '', '', '8', '02360', 'ROZOY SUR SERRE', 'France', 0, 'never', 'courrier', 'not', '', '2012-11-10 17:12:36', '2012-11-10 17:12:36'),
(844, 'physique', 'prospect', 'M.', 'Johann\r', 'ROCHE', '1981-02-28', 'Johann\r.ROCHE@caramail.com', '0100030299', '0600019069', '', 0, '', '', '8', '01310', 'BUELLAS', 'France', 0, 'never', 'courrier', 'not', '', '2012-11-10 17:12:36', '2012-11-10 17:12:36'),
(845, 'physique', 'prospect', 'M.', 'Johann\r', 'GAUDIN', '1993-07-21', 'Johann\r.GAUDIN@gmail.com', '0100010762', '0600011862', '', 0, '', '', '11', '05310', 'ROCHE DE RAME (LA)', 'France', 0, 'never', 'courrier', 'not', '', '2012-11-10 17:12:36', '2012-11-10 17:12:36'),
(846, 'physique', 'donateur', 'Mme', 'Annaelle\r', 'PIERRE', '1979-10-25', 'Annaelle\r.PIERRE@gmail.com', '0100003778', '0600010493', '', 0, '', '', '12', '02220', 'SAINT MARD', 'France', 0, 'never', 'courrier', 'not', '', '2012-11-10 17:12:36', '2012-11-10 17:12:36'),
(847, 'physique', 'donateur', 'Mme', 'Odelia\r', 'ANDRE', '1976-10-12', 'Odelia\r.ANDRE@live.fr', '0100028688', '0600006616', '', 0, '', '', '10', '06310', 'BEAULIEU SUR MER', 'France', 0, 'never', 'courrier', 'not', '', '2012-11-10 17:12:36', '2012-11-10 17:12:36'),
(848, 'physique', 'donateur', 'Mme', 'Patricia\r', 'MENARD', '1980-10-18', 'Patricia\r.MENARD@hotmail.com', '0100020439', '0600032727', '', 0, '', '', '10', '01380', 'SAINT GENIS SUR MENTHON', 'France', 0, 'never', 'courrier', 'not', '', '2012-11-10 17:12:36', '2012-11-10 17:12:36'),
(849, 'physique', 'donateur', 'Mme', 'Beya\r', 'THIERRY', '1992-11-08', 'Beya\r.THIERRY@live.fr', '0100029670', '0600008252', '', 0, '', '', '12', '03420', 'TERJAT', 'France', 0, 'never', 'courrier', 'not', '', '2012-11-10 17:12:36', '2012-11-10 17:12:36'),
(850, 'physique', 'donateur', 'Mme', 'Baya\r', 'GERVAIS', '1987-12-02', 'Baya\r.GERVAIS@live.fr', '0100015369', '0600000001', '', 0, '', '', '6', '02240', 'REGNY', 'France', 0, 'never', 'courrier', 'not', '', '2012-11-10 17:12:36', '2012-11-10 17:12:36'),
(851, 'physique', 'donateur', 'Mme', 'Sacha\r', 'ROUX', '1984-08-29', 'Sacha\r.ROUX@gmail.com', '0100026972', '0600018503', '', 0, '', '', '3', '02000', 'LANISCOURT', 'France', 0, 'never', 'courrier', 'not', '', '2012-11-10 17:12:36', '2012-11-10 17:12:36'),
(852, 'physique', 'prospect', 'M.', 'Arsene\r', 'LE BIHAN', '1982-01-29', 'Arsene\r.LE BIHAN@hotmail.com', '0100023460', '0600021337', '', 0, '', '', '11', '05600', 'SAINT CLEMENT SUR DURANCE', 'France', 0, 'never', 'courrier', 'not', '', '2012-11-10 17:12:36', '2012-11-10 17:12:36'),
(853, 'physique', 'donateur', 'M.', 'Duy\r', 'TECHER', '1984-06-11', 'Duy\r.TECHER@caramail.com', '0100027743', '0600015283', '', 0, '', '', '14', '01680', 'MARCHAMP', 'France', 0, 'never', 'courrier', 'not', '', '2012-11-10 17:12:36', '2012-11-10 17:12:36'),
(854, 'physique', 'prospect', 'M.', 'Junior\r', 'GUICHARD', '1976-05-24', 'Junior\r.GUICHARD@gmail.com', '0100019928', '0600027695', '', 0, '', '', '11', '04140', 'SEYNE', 'France', 0, 'never', 'courrier', 'not', '', '2012-11-10 17:12:36', '2012-11-10 17:12:36'),
(855, 'physique', 'prospect', 'M.', 'Terry\r', 'DUVAL', '1986-02-14', 'Terry\r.DUVAL@gmail.com', '0100002493', '0600007528', '', 0, '', '', '10', '03450', 'SUSSAT', 'France', 0, 'never', 'courrier', 'not', '', '2012-11-10 17:12:36', '2012-11-10 17:12:36'),
(856, 'physique', 'prospect', 'M.', 'Armand\r', 'MALLET', '1990-09-13', 'Armand\r.MALLET@hotmail.com', '0100028369', '0600022883', '', 0, '', '', '5', '03190', 'GIVARLAIS', 'France', 0, 'never', 'courrier', 'not', '', '2012-11-10 17:12:36', '2012-11-10 17:12:36'),
(857, 'physique', 'prospect', 'Mme', 'Prudence\r', 'COLIN', '1988-07-27', 'Prudence\r.COLIN@caramail.com', '0100024244', '0600003916', '', 0, '', '', '14', '01430', 'CONDAMINE', 'France', 0, 'never', 'courrier', 'not', '', '2012-11-10 17:12:36', '2012-11-10 17:12:36'),
(858, 'physique', 'donateur', 'M.', 'Alexandre\r', 'CARON', '1982-03-25', 'Alexandre\r.CARON@caramail.com', '0100024551', '0600022638', '', 0, '', '', '6', '02880', 'VREGNY', 'France', 0, 'never', 'courrier', 'not', '', '2012-11-10 17:12:36', '2012-11-10 17:12:36'),
(859, 'physique', 'donateur', 'Mme', 'Astrid\r', 'ROSE', '1989-04-29', 'Astrid\r.ROSE@live.fr', '0100021525', '0600031069', '', 0, '', '', '2', '06950', 'FALICON', 'France', 0, 'never', 'courrier', 'not', '', '2012-11-10 17:12:36', '2012-11-10 17:12:36'),
(860, 'physique', 'donateur', 'Mme', 'Shaina\r', 'BIGOT', '1977-06-03', 'Shaina\r.BIGOT@hotmail.com', '0100018673', '0600016336', '', 0, '', '', '4', '06510', 'BEZAUDUN LES ALPES', 'France', 0, 'never', 'courrier', 'not', '', '2012-11-10 17:12:36', '2012-11-10 17:12:36'),
(861, 'physique', 'donateur', 'M.', 'Don\r', 'LAURENT', '1987-08-08', 'Don\r.LAURENT@caramail.com', '0100018185', '0600015335', '', 0, '', '', '14', '02290', 'BAGNEUX', 'France', 0, 'never', 'courrier', 'not', '', '2012-11-10 17:12:36', '2012-11-10 17:12:36'),
(862, 'physique', 'donateur', 'Mme', 'Shanice\r', 'BLANC', '0000-00-00', 'Shanice\r.BLANC@gmail.com', '0100015931', '0600008128', '', 0, '', '', '10', '01460', 'MONTREAL LA CLUSE', 'France', 0, 'never', 'courrier', 'not', '', '2012-11-10 17:12:36', '2012-11-10 17:12:36'),
(863, 'physique', 'prospect', 'Mme', 'Nelly\r', 'CORDIER', '1978-12-06', 'Nelly\r.CORDIER@gmail.com', '0100000177', '0600018709', '', 0, '', '', '4', '02210', 'LATILLY', 'France', 0, 'never', 'courrier', 'not', '', '2012-11-10 17:12:36', '2012-11-10 17:12:36'),
(864, 'physique', 'prospect', 'M.', 'Michel\r', 'GUILLOU', '1984-09-13', 'Michel\r.GUILLOU@live.fr', '0100025786', '0600027656', '', 0, '', '', '10', '04300', 'SAINT MARTIN LES EAUX', 'France', 0, 'never', 'courrier', 'not', '', '2012-11-10 17:12:36', '2012-11-10 17:12:36'),
(865, 'physique', 'donateur', 'M.', 'Tony\r', 'PERON', '1978-02-02', 'Tony\r.PERON@caramail.com', '0100032574', '0600015928', '', 0, '', '', '14', '03380', 'CHAPELAUDE (LA)', 'France', 0, 'never', 'courrier', 'not', '', '2012-11-10 17:12:36', '2012-11-10 17:12:36'),
(866, 'physique', 'prospect', 'M.', 'Thais\r', 'JACOB', '1992-06-26', 'Thais\r.JACOB@caramail.com', '0100018023', '0600031095', '', 0, '', '', '4', '01990', 'RELEVANT', 'France', 0, 'never', 'courrier', 'not', '', '2012-11-10 17:12:36', '2012-11-10 17:12:36'),
(867, 'physique', 'prospect', 'Mme', 'Noellie\r', 'GUILLEMOT', '1976-04-09', 'Noellie\r.GUILLEMOT@caramail.com', '0100005687', '0600002925', '', 0, '', '', '8', '03230', 'PARAY LE FRESIL', 'France', 0, 'never', 'courrier', 'not', '', '2012-11-10 17:12:36', '2012-11-10 17:12:36'),
(868, 'physique', 'donateur', 'M.', 'Joel\r', 'GUILLON', '1991-05-05', 'Joel\r.GUILLON@hotmail.com', '0100023279', '0600025172', '', 0, '', '', '14', '03260', 'SAINT FELIX', 'France', 0, 'never', 'courrier', 'not', '', '2012-11-10 17:12:36', '2012-11-10 17:12:36'),
(869, 'physique', 'prospect', 'M.', 'Dari\r', 'MARTIN', '1978-02-09', 'Dari\r.MARTIN@gmail.com', '0100008446', '0600006286', '', 0, '', '', '10', '03230', 'CHEZY', 'France', 0, 'never', 'courrier', 'not', '', '2012-11-10 17:12:36', '2012-11-10 17:12:36'),
(870, 'physique', 'prospect', 'Mme', 'Coralie\r', 'BESSE', '1990-09-06', 'Coralie\r.BESSE@gmail.com', '0100009495', '0600020649', '', 0, '', '', '9', '03460', 'VILLENEUVE SUR ALLIER', 'France', 0, 'never', 'courrier', 'not', '', '2012-11-10 17:12:36', '2012-11-10 17:12:36'),
(871, 'physique', 'donateur', 'M.', 'Lohan\r', 'LABORDE', '1978-06-18', 'Lohan\r.LABORDE@hotmail.com', '0100014812', '0600012436', '', 0, '', '', '12', '02810', 'MARIGNY EN ORXOIS', 'France', 0, 'never', 'courrier', 'not', '', '2012-11-10 17:12:36', '2012-11-10 17:12:36'),
(872, 'physique', 'prospect', 'M.', 'Jude\r', 'BODIN', '1982-12-26', 'Jude\r.BODIN@live.fr', '0100031618', '0600002673', '', 0, '', '', '8', '03800', 'BIOZAT', 'France', 0, 'never', 'courrier', 'not', '', '2012-11-10 17:12:36', '2012-11-10 17:12:36'),
(873, 'physique', 'donateur', 'M.', 'Martin\r', 'MATHIEU', '1989-09-01', 'Martin\r.MATHIEU@gmail.com', '0100028949', '0600024786', '', 0, '', '', '8', '03210', 'CHEMILLY', 'France', 0, 'never', 'courrier', 'not', '', '2012-11-10 17:12:36', '2012-11-10 17:12:36'),
(874, 'physique', 'prospect', 'M.', 'Joe\r', 'LOUIS', '1980-04-23', 'Joe\r.LOUIS@caramail.com', '0100013257', '0600015073', '', 0, '', '', '12', '06370', 'MOUANS SARTOUX', 'France', 0, 'never', 'courrier', 'not', '', '2012-11-10 17:12:36', '2012-11-10 17:12:36'),
(875, 'physique', 'prospect', 'Mme', 'Alexia\r', 'GUILLET', '1980-04-23', 'Alexia\r.GUILLET@gmail.com', '0100010969', '0600030639', '', 0, '', '', '3', '02820', 'MONTAIGU', 'France', 0, 'never', 'courrier', 'not', '', '2012-11-10 17:12:36', '2012-11-10 17:12:36'),
(876, 'physique', 'prospect', 'M.', 'Andy\r', 'GAY', '1985-05-20', 'Andy\r.GAY@hotmail.com', '0100000245', '0600009575', '', 0, '', '', '4', '02820', 'AUBIGNY EN LAONNOIS', 'France', 0, 'never', 'courrier', 'not', '', '2012-11-10 17:12:36', '2012-11-10 17:12:36'),
(877, 'physique', 'prospect', 'Mme', 'Sirine\r', 'LEDUC', '1982-08-21', 'Sirine\r.LEDUC@hotmail.com', '0100026631', '0600030414', '', 0, '', '', '11', '04200', 'ENTREPIERRES', 'France', 0, 'never', 'courrier', 'not', '', '2012-11-10 17:12:36', '2012-11-10 17:12:36'),
(878, 'physique', 'donateur', 'M.', 'Leonard\r', 'HERVE', '1990-03-03', 'Leonard\r.HERVE@live.fr', '0100031453', '0600000535', '', 0, '', '', '10', '02600', 'LAVERSINE', 'France', 0, 'never', 'courrier', 'not', '', '2012-11-10 17:12:36', '2012-11-10 17:12:36'),
(879, 'physique', 'donateur', 'M.', 'Dgino\r', 'MORIN', '1990-02-06', 'Dgino\r.MORIN@caramail.com', '0100007455', '0600011966', '', 0, '', '', '2', '03800', 'JENZAT', 'France', 0, 'never', 'courrier', 'not', '', '2012-11-10 17:12:36', '2012-11-10 17:12:36'),
(880, 'physique', 'donateur', 'Mme', 'Aliya\r', 'MULLER', '1981-08-11', 'Aliya\r.MULLER@gmail.com', '0100000513', '0600002202', '', 0, '', '', '14', '01130', 'NEYROLLES (LES)', 'France', 0, 'never', 'courrier', 'not', '', '2012-11-10 17:12:36', '2012-11-10 17:12:36'),
(881, 'physique', 'donateur', 'M.', 'Moussa\r', 'GILLET', '1978-09-13', 'Moussa\r.GILLET@live.fr', '0100011229', '0600026287', '', 0, '', '', '8', '02390', 'ORIGNY SAINTE BENOITE', 'France', 0, 'never', 'courrier', 'not', '', '2012-11-10 17:12:36', '2012-11-10 17:12:36'),
(882, 'physique', 'donateur', 'M.', 'Aboubacar\r', 'PRIGENT', '1980-11-30', 'Aboubacar\r.PRIGENT@live.fr', '0100007120', '0600030177', '', 0, '', '', '2', '02120', 'BERNOT', 'France', 0, 'never', 'courrier', 'not', '', '2012-11-10 17:12:36', '2012-11-10 17:12:36'),
(883, 'physique', 'donateur', 'M.', 'Jason\r', 'SCHMITT', '1980-08-18', 'Jason\r.SCHMITT@hotmail.com', '0100026441', '0600030909', '', 0, '', '', '11', '04330', 'SAINT JACQUES', 'France', 0, 'never', 'courrier', 'not', '', '2012-11-10 17:12:36', '2012-11-10 17:12:36'),
(884, 'physique', 'donateur', 'Mme', 'Adele\r', 'BINET', '1988-10-05', 'Adele\r.BINET@hotmail.com', '0100001402', '0600029217', '', 0, '', '', '10', '06420', 'CLANS', 'France', 0, 'never', 'courrier', 'not', '', '2012-11-10 17:12:36', '2012-11-10 17:12:36'),
(885, 'physique', 'prospect', 'M.', 'Brayan\r', 'BOUCHARD', '1989-09-14', 'Brayan\r.BOUCHARD@caramail.com', '0100003905', '0600015308', '', 0, '', '', '10', '06850', 'BRIANCONNET', 'France', 0, 'never', 'courrier', 'not', '', '2012-11-10 17:12:36', '2012-11-10 17:12:36'),
(886, 'physique', 'prospect', 'M.', 'Tidiane\r', 'LOPEZ', '1985-10-02', 'Tidiane\r.LOPEZ@caramail.com', '0100010179', '0600030697', '', 0, '', '', '4', '02360', 'SAINT CLEMENT', 'France', 0, 'never', 'courrier', 'not', '', '2012-11-10 17:12:36', '2012-11-10 17:12:36'),
(887, 'physique', 'donateur', 'M.', 'Arsene\r', 'DURAND', '1977-03-25', 'Arsene\r.DURAND@caramail.com', '0100014289', '0600032269', '', 0, '', '', '4', '02880', 'VREGNY', 'France', 0, 'never', 'courrier', 'not', '', '2012-11-10 17:12:36', '2012-11-10 17:12:36'),
(888, 'physique', 'donateur', 'M.', 'Thais\r', 'LANGLOIS', '1993-10-12', 'Thais\r.LANGLOIS@hotmail.com', '0100023665', '0600002646', '', 0, '', '', '12', '04200', 'AUTHON', 'France', 0, 'never', 'courrier', 'not', '', '2012-11-10 17:12:36', '2012-11-10 17:12:36'),
(889, 'physique', 'donateur', 'M.', 'Aidan\r', 'DUPUY', '1992-07-25', 'Aidan\r.DUPUY@hotmail.com', '0100027085', '0600018343', '', 0, '', '', '7', '02420', 'VENDHUILE', 'France', 0, 'never', 'courrier', 'not', '', '2012-11-10 17:12:36', '2012-11-10 17:12:36'),
(890, 'physique', 'prospect', 'Mme', 'Carla\r', 'HUET', '1975-10-14', 'Carla\r.HUET@live.fr', '0100009794', '0600030626', '', 0, '', '', '12', '04400', 'THUILES (LES)', 'France', 0, 'never', 'courrier', 'not', '', '2012-11-10 17:12:36', '2012-11-10 17:12:36'),
(891, 'physique', 'donateur', 'M.', 'Artur\r', 'LEDOUX', '1981-04-26', 'Artur\r.LEDOUX@caramail.com', '0100017798', '0600011028', '', 0, '', '', '13', '02200', 'SOISSONS', 'France', 0, 'never', 'courrier', 'not', '', '2012-11-10 17:12:36', '2012-11-10 17:12:36'),
(892, 'physique', 'prospect', 'M.', 'Jolan\r', 'SAUVAGE', '1995-12-22', 'Jolan\r.SAUVAGE@live.fr', '0100009882', '0600026286', '', 0, '', '', '2', '01110', 'CHAMPDOR', 'France', 0, 'never', 'courrier', 'not', '', '2012-11-10 17:12:36', '2012-11-10 17:12:36'),
(893, 'physique', 'prospect', 'Mme', 'Olga\r', 'DUPUIS', '1976-12-08', 'Olga\r.DUPUIS@hotmail.com', '0100023967', '0600008499', '', 0, '', '', '9', '01990', 'SAINT TRIVIER SUR MOIGNANS', 'France', 0, 'never', 'courrier', 'not', '', '2012-11-10 17:12:36', '2012-11-10 17:12:36'),
(894, 'physique', 'donateur', 'Mme', 'Polina\r', 'LACROIX', '1990-09-07', 'Polina\r.LACROIX@hotmail.com', '0100020546', '0600020790', '', 0, '', '', '13', '06420', 'ISOLA', 'France', 0, 'never', 'courrier', 'not', '', '2012-11-10 17:12:36', '2012-11-10 17:12:36'),
(895, 'physique', 'donateur', 'M.', 'Lony\r', 'LOUIS', '1989-10-28', 'Lony\r.LOUIS@live.fr', '0100012093', '0600024867', '', 0, '', '', '10', '03130', 'LENAX', 'France', 0, 'never', 'courrier', 'not', '', '2012-11-10 17:12:36', '2012-11-10 17:12:36'),
(896, 'physique', 'prospect', 'Mme', 'Calie\r', 'LEJEUNE', '1992-12-18', 'Calie\r.LEJEUNE@live.fr', '0100009455', '0600008649', '', 0, '', '', '10', '02300', 'BLERANCOURT', 'France', 0, 'never', 'courrier', 'not', '', '2012-11-10 17:12:36', '2012-11-10 17:12:36'),
(897, 'physique', 'donateur', 'M.', 'Dovan\r', 'BRUNEAU', '1988-04-21', 'Dovan\r.BRUNEAU@hotmail.com', '0100024112', '0600024664', '', 0, '', '', '3', '02500', 'ANY MARTIN RIEUX', 'France', 0, 'never', 'courrier', 'not', '', '2012-11-10 17:12:36', '2012-11-10 17:12:36'),
(898, 'physique', 'donateur', 'M.', 'Luc\r', 'BRUN', '1991-07-02', 'Luc\r.BRUN@caramail.com', '0100017259', '0600017346', '', 0, '', '', '14', '01480', 'VILLENEUVE', 'France', 0, 'never', 'courrier', 'not', '', '2012-11-10 17:12:36', '2012-11-10 17:12:36'),
(899, 'physique', 'prospect', 'M.', 'Joan\r', 'BEGUE', '1987-08-06', 'Joan\r.BEGUE@caramail.com', '0100032455', '0600015767', '', 0, '', '', '3', '03500', 'CONTIGNY', 'France', 0, 'never', 'courrier', 'not', '', '2012-11-10 17:12:36', '2012-11-10 17:12:36'),
(900, 'physique', 'prospect', 'M.', 'Maximilien\r', 'LAFON', '1979-10-26', 'Maximilien\r.LAFON@live.fr', '0100016021', '0600023757', '', 0, '', '', '5', '01120', 'DAGNEUX', 'France', 0, 'never', 'courrier', 'not', '', '2012-11-10 17:12:36', '2012-11-10 17:12:36'),
(901, 'physique', 'donateur', 'M.', 'Muhammed\r', 'VAILLANT', '1976-04-26', 'Muhammed\r.VAILLANT@gmail.com', '0100003174', '0600022964', '', 0, '', '', '8', '05300', 'VENTAVON', 'France', 0, 'never', 'courrier', 'not', '', '2012-11-10 17:12:36', '2012-11-10 17:12:36'),
(902, 'physique', 'donateur', 'M.', 'Djalil\r', 'LE CORRE', '1992-10-24', 'Djalil\r.LE CORRE@gmail.com', '0100012695', '0600029381', '', 0, '', '', '10', '02830', 'SAINT MICHEL', 'France', 0, 'never', 'courrier', 'not', '', '2012-11-10 17:12:36', '2012-11-10 17:12:36'),
(903, 'physique', 'donateur', 'Mme', 'Shana\r', 'LECONTE', '1988-03-23', 'Shana\r.LECONTE@caramail.com', '0100000802', '0600023363', '', 0, '', '', '12', '03640', 'ARFEUILLES', 'France', 0, 'never', 'courrier', 'not', '', '2012-11-10 17:12:36', '2012-11-10 17:12:36'),
(904, 'physique', 'prospect', 'M.', 'Anas\r', 'DELAGE', '1982-04-23', 'Anas\r.DELAGE@hotmail.com', '0100023550', '0600015855', '', 0, '', '', '4', '03210', 'SAINT MENOUX', 'France', 0, 'never', 'courrier', 'not', '', '2012-11-10 17:12:36', '2012-11-10 17:12:36'),
(905, 'physique', 'prospect', 'Mme', 'Pearl\r', 'POIRIER', '1983-02-05', 'Pearl\r.POIRIER@hotmail.com', '0100015335', '0600024227', '', 0, '', '', '7', '02800', 'FERE (LA)', 'France', 0, 'never', 'courrier', 'not', '', '2012-11-10 17:12:36', '2012-11-10 17:12:36'),
(906, 'physique', 'donateur', 'M.', 'Djemil\r', 'DA SILVA', '1992-01-18', 'Djemil\r.DA SILVA@caramail.com', '0100020634', '0600009941', '', 0, '', '', '4', '03130', 'BERT', 'France', 0, 'never', 'courrier', 'not', '', '2012-11-10 17:12:36', '2012-11-10 17:12:36'),
(907, 'physique', 'donateur', 'Mme', 'Serena\r', 'HUMBERT', '1995-04-16', 'Serena\r.HUMBERT@live.fr', '0100030195', '0600012812', '', 0, '', '', '11', '04200', 'SAINT MARTIN', 'France', 0, 'never', 'courrier', 'not', '', '2012-11-10 17:12:36', '2012-11-10 17:12:36'),
(908, 'physique', 'donateur', 'Mme', 'Oumaya\r', 'BELLANGER', '1995-04-28', 'Oumaya\r.BELLANGER@caramail.com', '0100031823', '0600016466', '', 0, '', '', '11', '02420', 'LEHAUCOURT', 'France', 0, 'never', 'courrier', 'not', '', '2012-11-10 17:12:36', '2012-11-10 17:12:36'),
(909, 'physique', 'donateur', 'M.', 'Lucien\r', 'CHAUVEAU', '1984-01-04', 'Lucien\r.CHAUVEAU@hotmail.com', '0100013744', '0600017793', '', 0, '', '', '7', '01130', 'NEYROLLES (LES)', 'France', 0, 'never', 'courrier', 'not', '', '2012-11-10 17:12:36', '2012-11-10 17:12:36'),
(910, 'physique', 'prospect', 'M.', 'Davide\r', 'BUISSON', '1975-12-22', 'Davide\r.BUISSON@caramail.com', '0100003651', '0600016787', '', 0, '', '', '5', '02200', 'PASLY', 'France', 0, 'never', 'courrier', 'not', '', '2012-11-10 17:12:36', '2012-11-10 17:12:36'),
(911, 'physique', 'prospect', 'Mme', 'Nola\r', 'SIMON', '1975-02-08', 'Nola\r.SIMON@live.fr', '0100008242', '0600030933', '', 0, '', '', '11', '03140', 'TARGET', 'France', 0, 'never', 'courrier', 'not', '', '2012-11-10 17:12:36', '2012-11-10 17:12:36'),
(912, 'physique', 'donateur', 'M.', 'Adel\r', 'BESSE', '1976-07-29', 'Adel\r.BESSE@caramail.com', '0100010500', '0600026899', '', 0, '', '', '6', '03400', 'TOULON SUR ALLIER', 'France', 0, 'never', 'courrier', 'not', '', '2012-11-10 17:12:36', '2012-11-10 17:12:36'),
(913, 'physique', 'donateur', 'M.', 'Aristide\r', 'TOUSSAINT', '1983-09-05', 'Aristide\r.TOUSSAINT@live.fr', '0100003045', '0600015917', '', 0, '', '', '9', '02140', 'LEME', 'France', 0, 'never', 'courrier', 'not', '', '2012-11-10 17:12:36', '2012-11-10 17:12:36'),
(914, 'physique', 'donateur', 'M.', 'Adem\r', 'GARCIA', '1980-07-12', 'Adem\r.GARCIA@hotmail.com', '0100019617', '0600006368', '', 0, '', '', '3', '06470', 'GUILLAUMES', 'France', 0, 'never', 'courrier', 'not', '', '2012-11-10 17:12:36', '2012-11-10 17:12:36'),
(915, 'physique', 'donateur', 'M.', 'Alvin\r', 'ROCHER', '1986-01-26', 'Alvin\r.ROCHER@hotmail.com', '0100029223', '0600011677', '', 0, '', '', '9', '04200', 'VALERNES', 'France', 0, 'never', 'courrier', 'not', '', '2012-11-10 17:12:36', '2012-11-10 17:12:36'),
(916, 'physique', 'donateur', 'Mme', 'Penelope\r', 'HERNANDEZ', '1990-05-30', 'Penelope\r.HERNANDEZ@hotmail.com', '0100011217', '0600013732', '', 0, '', '', '7', '01450', 'SAINT ALBAN', 'France', 0, 'never', 'courrier', 'not', '', '2012-11-10 17:12:36', '2012-11-10 17:12:36'),
(917, 'physique', 'prospect', 'Mme', 'Nais\r', 'DUCLOS', '1986-10-12', 'Nais\r.DUCLOS@gmail.com', '0100004842', '0600014033', '', 0, '', '', '11', '03310', 'DURDAT LAREQUILLE', 'France', 0, 'never', 'courrier', 'not', '', '2012-11-10 17:12:36', '2012-11-10 17:12:36'),
(918, 'physique', 'donateur', 'M.', 'Anes\r', 'SCHMITT', '1984-10-19', 'Anes\r.SCHMITT@hotmail.com', '0100010890', '0600011600', '', 0, '', '', '8', '01330', 'SAINTE OLIVE', 'France', 0, 'never', 'courrier', 'not', '', '2012-11-10 17:12:36', '2012-11-10 17:12:36'),
(919, 'physique', 'donateur', 'M.', 'Barnabe\r', 'HARDY', '1978-10-24', 'Barnabe\r.HARDY@live.fr', '0100017044', '0600010214', '', 0, '', '', '4', '02400', 'BEZU SAINT GERMAIN', 'France', 0, 'never', 'courrier', 'not', '', '2012-11-10 17:12:36', '2012-11-10 17:12:36'),
(920, 'physique', 'donateur', 'M.', 'Tyron\r', 'BRUNEAU', '1978-06-23', 'Tyron\r.BRUNEAU@live.fr', '0100010954', '0600022361', '', 0, '', '', '3', '02300', 'MANICAMP', 'France', 0, 'never', 'courrier', 'not', '', '2012-11-10 17:12:36', '2012-11-10 17:12:36'),
(921, 'physique', 'prospect', 'M.', 'Louka\r', 'ALEXANDRE', '1986-06-15', 'Louka\r.ALEXANDRE@live.fr', '0100021425', '0600021728', '', 0, '', '', '4', '01310', 'MONTCET', 'France', 0, 'never', 'courrier', 'not', '', '2012-11-10 17:12:36', '2012-11-10 17:12:36'),
(922, 'physique', 'prospect', 'Mme', 'Naila\r', 'GUILLOT', '1984-03-09', 'Naila\r.GUILLOT@live.fr', '0100007258', '0600028639', '', 0, '', '', '3', '02400', 'BRASLES', 'France', 0, 'never', 'courrier', 'not', '', '2012-11-10 17:12:36', '2012-11-10 17:12:36'),
(923, 'physique', 'donateur', 'Mme', 'Naela\r', 'ALLAIN', '1981-06-12', 'Naela\r.ALLAIN@caramail.com', '0100010547', '0600022872', '', 0, '', '', '2', '03220', 'SORBIER', 'France', 0, 'never', 'courrier', 'not', '', '2012-11-10 17:12:36', '2012-11-10 17:12:36'),
(924, 'physique', 'donateur', 'Mme', 'Prescilla\r', 'COMTE', '1990-01-22', 'Prescilla\r.COMTE@hotmail.com', '0100003782', '0600004160', '', 0, '', '', '11', '01120', 'SAINTE CROIX', 'France', 0, 'never', 'courrier', 'not', '', '2012-11-10 17:12:36', '2012-11-10 17:12:36'),
(925, 'physique', 'donateur', 'M.', 'Donovan\r', 'ROBERT', '1994-09-12', 'Donovan\r.ROBERT@hotmail.com', '0100002901', '0600018015', '', 0, '', '', '8', '02370', 'OSTEL', 'France', 0, 'never', 'courrier', 'not', '', '2012-11-10 17:12:36', '2012-11-10 17:12:36'),
(926, 'physique', 'donateur', 'Mme', 'Priyanka\r', 'GUERIN', '1982-09-20', 'Priyanka\r.GUERIN@hotmail.com', '0100022776', '0600002786', '', 0, '', '', '5', '02290', 'VASSENS', 'France', 0, 'never', 'courrier', 'not', '', '2012-11-10 17:12:36', '2012-11-10 17:12:36'),
(927, 'physique', 'prospect', 'Mme', 'Celia\r', 'BLANC', '1992-01-05', 'Celia\r.BLANC@hotmail.com', '0100010339', '0600008358', '', 0, '', '', '14', '02130', 'VILLENEUVE SUR FERE', 'France', 0, 'never', 'courrier', 'not', '', '2012-11-10 17:12:36', '2012-11-10 17:12:36'),
(928, 'physique', 'prospect', 'Mme', 'Briana\r', 'LEFEBVRE', '1983-08-09', 'Briana\r.LEFEBVRE@live.fr', '0100022529', '0600017717', '', 0, '', '', '5', '02140', 'LUGNY', 'France', 0, 'never', 'courrier', 'not', '', '2012-11-10 17:12:36', '2012-11-10 17:12:36'),
(929, 'physique', 'prospect', 'M.', 'Byron\r', 'LESAGE', '1976-12-20', 'Byron\r.LESAGE@hotmail.com', '0100003048', '0600028520', '', 0, '', '', '7', '02860', 'CHERET', 'France', 0, 'never', 'courrier', 'not', '', '2012-11-10 17:12:36', '2012-11-10 17:12:36'),
(930, 'physique', 'prospect', 'M.', 'Adama\r', 'BENOIST', '1980-08-14', 'Adama\r.BENOIST@caramail.com', '0100024349', '0600025151', '', 0, '', '', '8', '01170', 'GEX', 'France', 0, 'never', 'courrier', 'not', '', '2012-11-10 17:12:36', '2012-11-10 17:12:36'),
(931, 'physique', 'donateur', 'Mme', 'Ofelia\r', 'PAPIN', '1977-01-13', 'Ofelia\r.PAPIN@live.fr', '0100006685', '0600021168', '', 0, '', '', '9', '01430', 'OUTRIAZ', 'France', 0, 'never', 'courrier', 'not', '', '2012-11-10 17:12:36', '2012-11-10 17:12:36'),
(932, 'physique', 'donateur', 'M.', 'Davys\r', 'HERNANDEZ', '1993-08-14', 'Davys\r.HERNANDEZ@live.fr', '0100017663', '0600006453', '', 0, '', '', '4', '01320', 'SAINT NIZIER LE DESERT', 'France', 0, 'never', 'courrier', 'not', '', '2012-11-10 17:12:36', '2012-11-10 17:12:36'),
(933, 'physique', 'prospect', 'Mme', 'Chaima\r', 'LAVAL', '1986-02-14', 'Chaima\r.LAVAL@gmail.com', '0100004745', '0600014315', '', 0, '', '', '8', '02160', 'CHAUDARDES', 'France', 0, 'never', 'courrier', 'not', '', '2012-11-10 17:12:36', '2012-11-10 17:12:36'),
(934, 'physique', 'prospect', 'Mme', 'Noemie\r', 'LEROUX', '1977-05-19', 'Noemie\r.LEROUX@caramail.com', '0100005847', '0600016096', '', 0, '', '', '10', '04110', 'VILLEMUS', 'France', 0, 'never', 'courrier', 'not', '', '2012-11-10 17:12:36', '2012-11-10 17:12:36'),
(935, 'physique', 'prospect', 'M.', 'Miguel\r', 'DUMONT', '1990-06-20', 'Miguel\r.DUMONT@caramail.com', '0100005164', '0600024041', '', 0, '', '', '3', '03130', 'MONTAIGUET EN FOREZ', 'France', 0, 'never', 'courrier', 'not', '', '2012-11-10 17:12:36', '2012-11-10 17:12:36'),
(936, 'physique', 'prospect', 'M.', 'Alexandre\r', 'LEMAITRE', '1993-02-03', 'Alexandre\r.LEMAITRE@hotmail.com', '0100028600', '0600009713', '', 0, '', '', '13', '01190', 'CHEVROUX', 'France', 0, 'never', 'courrier', 'not', '', '2012-11-10 17:12:36', '2012-11-10 17:12:36'),
(937, 'physique', 'prospect', 'Mme', 'Alice\r', 'CHATELAIN', '1985-10-28', 'Alice\r.CHATELAIN@gmail.com', '0100026296', '0600032182', '', 0, '', '', '2', '03230', 'LUSIGNY', 'France', 0, 'never', 'courrier', 'not', '', '2012-11-10 17:12:36', '2012-11-10 17:12:36'),
(938, 'physique', 'donateur', 'Mme', 'Oona\r', 'ANTOINE', '1982-05-09', 'Oona\r.ANTOINE@live.fr', '0100021323', '0600022885', '', 0, '', '', '7', '02140', 'BURELLES', 'France', 0, 'never', 'courrier', 'not', '', '2012-11-10 17:12:36', '2012-11-10 17:12:36'),
(939, 'physique', 'prospect', 'M.', 'Loukas\r', 'MILLOT', '1990-07-14', 'Loukas\r.MILLOT@hotmail.com', '0100014237', '0600011258', '', 0, '', '', '7', '02600', 'VIVIERES', 'France', 0, 'never', 'courrier', 'not', '', '2012-11-10 17:12:36', '2012-11-10 17:12:36'),
(940, 'physique', 'donateur', 'M.', 'Damian\r', 'HUET', '1983-09-13', 'Damian\r.HUET@caramail.com', '0100017648', '0600009638', '', 0, '', '', '8', '04300', 'SIGONCE', 'France', 0, 'never', 'courrier', 'not', '', '2012-11-10 17:12:36', '2012-11-10 17:12:36'),
(941, 'physique', 'donateur', 'M.', 'Tom\r', 'IMBERT', '1981-12-03', 'Tom\r.IMBERT@live.fr', '0100022253', '0600028343', '', 0, '', '', '10', '02600', 'DAMPLEUX', 'France', 0, 'never', 'courrier', 'not', '', '2012-11-10 17:12:36', '2012-11-10 17:12:36'),
(942, 'physique', 'prospect', 'Mme', 'Sienna\r', 'LAURENT', '1985-09-20', 'Sienna\r.LAURENT@caramail.com', '0100014522', '0600014361', '', 0, '', '', '14', '05130', 'TALLARD', 'France', 0, 'never', 'courrier', 'not', '', '2012-11-10 17:12:36', '2012-11-10 17:12:36'),
(943, 'physique', 'prospect', 'M.', 'Ariel\r', 'BOUTIN', '1983-05-06', 'Ariel\r.BOUTIN@hotmail.com', '0100008051', '0600009638', '', 0, '', '', '3', '02760', 'FRANCILLY SELENCY', 'France', 0, 'never', 'courrier', 'not', '', '2012-11-10 17:12:36', '2012-11-10 17:12:36'),
(944, 'physique', 'donateur', 'M.', 'Mahdi\r', 'PARIS', '1994-02-19', 'Mahdi\r.PARIS@caramail.com', '0100031207', '0600008747', '', 0, '', '', '9', '02840', 'EPPES', 'France', 0, 'never', 'courrier', 'not', '', '2012-11-10 17:12:36', '2012-11-10 17:12:36'),
(945, 'physique', 'prospect', 'M.', 'Djamy\r', 'GREGOIRE', '1985-10-02', 'Djamy\r.GREGOIRE@caramail.com', '0100026214', '0600020352', '', 0, '', '', '11', '03200', 'VERNET (LE)', 'France', 0, 'never', 'courrier', 'not', '', '2012-11-10 17:12:36', '2012-11-10 17:12:36'),
(946, 'physique', 'donateur', 'Mme', 'Paula\r', 'TECHER', '1988-07-28', 'Paula\r.TECHER@gmail.com', '0100019142', '0600005158', '', 0, '', '', '13', '02270', 'NOUVION ET CATILLON', 'France', 0, 'never', 'courrier', 'not', '', '2012-11-10 17:12:36', '2012-11-10 17:12:36'),
(947, 'physique', 'donateur', 'M.', 'Loevan\r', 'PASCAL', '1983-07-26', 'Loevan\r.PASCAL@live.fr', '0100025247', '0600031984', '', 0, '', '', '2', '06710', 'MALAUSSENE', 'France', 0, 'never', 'courrier', 'not', '', '2012-11-10 17:12:36', '2012-11-10 17:12:36'),
(948, 'physique', 'donateur', 'Mme', 'Penda\r', 'MARQUET', '1975-09-03', 'Penda\r.MARQUET@caramail.com', '0100025649', '0600032075', '', 0, '', '', '12', '04410', 'SAINT JURS', 'France', 0, 'never', 'courrier', 'not', '', '2012-11-10 17:12:36', '2012-11-10 17:12:36'),
(949, 'physique', 'donateur', 'M.', 'Dalil\r', 'GUILLEMOT', '1983-10-12', 'Dalil\r.GUILLEMOT@live.fr', '0100016448', '0600029195', '', 0, '', '', '7', '02590', 'AUBIGNY AUX KAISNES', 'France', 0, 'never', 'courrier', 'not', '', '2012-11-10 17:12:36', '2012-11-10 17:12:36'),
(950, 'physique', 'donateur', 'M.', 'Alex\r', 'PUJOL', '1988-07-12', 'Alex\r.PUJOL@gmail.com', '0100009974', '0600014859', '', 0, '', '', '10', '01400', 'CONDEISSIAT', 'France', 0, 'never', 'courrier', 'not', '', '2012-11-10 17:12:36', '2012-11-10 17:12:36'),
(951, 'physique', 'donateur', 'M.', 'Demis\r', 'COLIN', '1993-03-30', 'Demis\r.COLIN@gmail.com', '0100023854', '0600008571', '', 0, '', '', '12', '02330', 'SAINT EUGENE', 'France', 0, 'never', 'courrier', 'not', '', '2012-11-10 17:12:36', '2012-11-10 17:12:36'),
(952, 'physique', 'donateur', 'M.', 'Melvyn\r', 'HUSSON', '1992-09-10', 'Melvyn\r.HUSSON@caramail.com', '0100022503', '0600026196', '', 0, '', '', '5', '01190', 'GORREVOD', 'France', 0, 'never', 'courrier', 'not', '', '2012-11-10 17:12:36', '2012-11-10 17:12:36'),
(953, 'physique', 'prospect', 'M.', 'Dayvon\r', 'BENOIST', '1984-02-07', 'Dayvon\r.BENOIST@caramail.com', '0100017353', '0600024767', '', 0, '', '', '6', '02160', 'ROUCY', 'France', 0, 'never', 'courrier', 'not', '', '2012-11-10 17:12:36', '2012-11-10 17:12:36'),
(954, 'physique', 'prospect', 'M.', 'Lorik\r', 'THIERRY', '1976-07-01', 'Lorik\r.THIERRY@gmail.com', '0100012151', '0600006476', '', 0, '', '', '4', '03140', 'FOURILLES', 'France', 0, 'never', 'courrier', 'not', '', '2012-11-10 17:12:36', '2012-11-10 17:12:36'),
(955, 'physique', 'donateur', 'Mme', 'Beyza\r', 'MARCHAND', '1985-03-18', 'Beyza\r.MARCHAND@gmail.com', '0100013508', '0600000817', '', 0, '', '', '4', '03800', 'JENZAT', 'France', 0, 'never', 'courrier', 'not', '', '2012-11-10 17:12:36', '2012-11-10 17:12:36'),
(956, 'physique', 'donateur', 'M.', 'Alistair\r', 'SANCHEZ', '0000-00-00', 'Alistair\r.SANCHEZ@live.fr', '0100028671', '0600004336', '', 0, '', '', '14', '04120', 'SOLEILHAS', 'France', 0, 'never', 'courrier', 'not', '', '2012-11-10 17:12:36', '2012-11-10 17:12:36'),
(957, 'physique', 'donateur', 'M.', 'Loris\r', 'BLANC', '1991-03-29', 'Loris\r.BLANC@live.fr', '0100015892', '0600000434', '', 0, '', '', '3', '05160', 'PONTIS', 'France', 0, 'never', 'courrier', 'not', '', '2012-11-10 17:12:36', '2012-11-10 17:12:36'),
(958, 'physique', 'prospect', 'M.', 'Dwayne\r', 'LEGRAND', '1991-12-04', 'Dwayne\r.LEGRAND@gmail.com', '0100010787', '0600030572', '', 0, '', '', '3', '02440', 'CLASTRES', 'France', 0, 'never', 'courrier', 'not', '', '2012-11-10 17:12:36', '2012-11-10 17:12:36'),
(959, 'physique', 'donateur', 'Mme', 'Brihanna\r', 'GUYOT', '1987-11-30', 'Brihanna\r.GUYOT@hotmail.com', '0100019529', '0600001831', '', 0, '', '', '5', '03200', 'ABREST', 'France', 0, 'never', 'courrier', 'not', '', '2012-11-10 17:12:36', '2012-11-10 17:12:36'),
(960, 'physique', 'donateur', 'M.', 'Dris\r', 'BARRE', '1982-08-17', 'Dris\r.BARRE@caramail.com', '0100025847', '0600016691', '', 0, '', '', '12', '05110', 'ESPARRON', 'France', 0, 'never', 'courrier', 'not', '', '2012-11-10 17:12:36', '2012-11-10 17:12:36'),
(961, 'physique', 'prospect', 'M.', 'Brice\r', 'LAPORTE', '1993-02-03', 'Brice\r.LAPORTE@gmail.com', '0100009421', '0600013871', '', 0, '', '', '6', '02690', 'ESSIGNY LE GRAND', 'France', 0, 'never', 'courrier', 'not', '', '2012-11-10 17:12:36', '2012-11-10 17:12:36'),
(962, 'physique', 'prospect', 'M.', 'Aksel\r', 'SABATIER', '1979-10-07', 'Aksel\r.SABATIER@gmail.com', '0100006086', '0600031256', '', 0, '', '', '6', '03240', 'SAINT SORNIN', 'France', 0, 'never', 'courrier', 'not', '', '2012-11-10 17:12:36', '2012-11-10 17:12:36'),
(963, 'physique', 'donateur', 'M.', 'Thibaut\r', 'LEFEVRE', '1988-10-12', 'Thibaut\r.LEFEVRE@caramail.com', '0100006881', '0600021183', '', 0, '', '', '2', '05170', 'ORCIERES', 'France', 0, 'never', 'courrier', 'not', '', '2012-11-10 17:12:36', '2012-11-10 17:12:36'),
(964, 'physique', 'donateur', 'M.', 'Amadou\r', 'LAURENT', '1981-08-14', 'Amadou\r.LAURENT@gmail.com', '0100021944', '0600000244', '', 0, '', '', '3', '03220', 'JALIGNY SUR BESBRE', 'France', 0, 'never', 'courrier', 'not', '', '2012-11-10 17:12:36', '2012-11-10 17:12:36'),
(965, 'physique', 'prospect', 'Mme', 'Bella\r', 'REGNIER', '1987-07-22', 'Bella\r.REGNIER@gmail.com', '0100026190', '0600014971', '', 0, '', '', '2', '06440', 'ESCARENE (L'')', 'France', 0, 'never', 'courrier', 'not', '', '2012-11-10 17:12:36', '2012-11-10 17:12:36'),
(966, 'physique', 'prospect', 'Mme', 'Safa\r', 'BERTHELOT', '1981-06-07', 'Safa\r.BERTHELOT@hotmail.com', '0100018335', '0600031908', '', 0, '', '', '7', '02270', 'BOIS LES PARGNY', 'France', 0, 'never', 'courrier', 'not', '', '2012-11-10 17:12:36', '2012-11-10 17:12:36'),
(967, 'physique', 'prospect', 'Mme', 'Noelyne\r', 'FERNANDEZ', '1975-02-26', 'Noelyne\r.FERNANDEZ@gmail.com', '0100006688', '0600020750', '', 0, '', '', '10', '03190', 'VERNEIX', 'France', 0, 'never', 'courrier', 'not', '', '2012-11-10 17:12:36', '2012-11-10 17:12:36'),
(968, 'physique', 'prospect', 'Mme', 'Nisrine\r', 'GAUTHIER', '1989-03-19', 'Nisrine\r.GAUTHIER@gmail.com', '0100009912', '0600004704', '', 0, '', '', '8', '02310', 'CHARLY SUR MARNE', 'France', 0, 'never', 'courrier', 'not', '', '2012-11-10 17:12:36', '2012-11-10 17:12:36'),
(969, 'physique', 'prospect', 'M.', 'Abdallah\r', 'SCHNEIDER', '1976-11-05', 'Abdallah\r.SCHNEIDER@live.fr', '0100008945', '0600018899', '', 0, '', '', '7', '03200', 'VERNET (LE)', 'France', 0, 'never', 'courrier', 'not', '', '2012-11-10 17:12:36', '2012-11-10 17:12:36'),
(970, 'physique', 'donateur', 'Mme', 'Cherine\r', 'HERNANDEZ', '1995-11-07', 'Cherine\r.HERNANDEZ@hotmail.com', '0100027429', '0600025786', '', 0, '', '', '11', '01360', 'CAMP DE LA VALBONNE', 'France', 0, 'never', 'courrier', 'not', '', '2012-11-10 17:12:36', '2012-11-10 17:12:36'),
(971, 'physique', 'donateur', 'M.', 'Aymerick\r', 'HERNANDEZ', '1995-04-02', 'Aymerick\r.HERNANDEZ@gmail.com', '0100016254', '0600005759', '', 0, '', '', '13', '01470', 'MONTAGNIEU', 'France', 0, 'never', 'courrier', 'not', '', '2012-11-10 17:12:36', '2012-11-10 17:12:36'),
(972, 'physique', 'donateur', 'M.', 'Duncan\r', 'LEJEUNE', '1982-03-13', 'Duncan\r.LEJEUNE@gmail.com', '0100023393', '0600029643', '', 0, '', '', '6', '02880', 'CHAVIGNY', 'France', 0, 'never', 'courrier', 'not', '', '2012-11-10 17:12:36', '2012-11-10 17:12:36'),
(973, 'physique', 'donateur', 'Mme', 'Berenice\r', 'PREVOST', '1989-04-10', 'Berenice\r.PREVOST@hotmail.com', '0100025511', '0600019128', '', 0, '', '', '6', '02500', 'EFFRY', 'France', 0, 'never', 'courrier', 'not', '', '2012-11-10 17:12:36', '2012-11-10 17:12:36'),
(974, 'physique', 'prospect', 'M.', 'Timote\r', 'MARCHAL', '1981-05-12', 'Timote\r.MARCHAL@live.fr', '0100011788', '0600027216', '', 0, '', '', '2', '02800', 'MAYOT', 'France', 0, 'never', 'courrier', 'not', '', '2012-11-10 17:12:36', '2012-11-10 17:12:36'),
(975, 'physique', 'donateur', 'M.', 'Loup\r', 'DELANNOY', '1979-08-29', 'Loup\r.DELANNOY@gmail.com', '0100013576', '0600001721', '', 0, '', '', '13', '02160', 'BOUFFIGNEREUX', 'France', 0, 'never', 'courrier', 'not', '', '2012-11-10 17:12:36', '2012-11-10 17:12:36'),
(976, 'physique', 'donateur', 'Mme', 'Bassma\r', 'BRUNEL', '1978-09-17', 'Bassma\r.BRUNEL@gmail.com', '0100003506', '0600002249', '', 0, '', '', '14', '03260', 'SAINT GERMAIN DES FOSSES', 'France', 0, 'never', 'courrier', 'not', '', '2012-11-10 17:12:36', '2012-11-10 17:12:36'),
(977, 'physique', 'prospect', 'M.', 'Lohann\r', 'COUSIN', '1989-02-23', 'Lohann\r.COUSIN@caramail.com', '0100008649', '0600001903', '', 0, '', '', '6', '02160', 'BOUFFIGNEREUX', 'France', 0, 'never', 'courrier', 'not', '', '2012-11-10 17:12:36', '2012-11-10 17:12:36'),
(978, 'physique', 'prospect', 'M.', 'Danielo\r', 'ANDRE', '1980-05-06', 'Danielo\r.ANDRE@caramail.com', '0100005766', '0600001754', '', 0, '', '', '13', '05800', 'SAINT JACQUES EN VALGODEMARD', 'France', 0, 'never', 'courrier', 'not', '', '2012-11-10 17:12:36', '2012-11-10 17:12:36'),
(979, 'physique', 'prospect', 'Mme', 'Naima\r', 'PETIT', '1985-09-16', 'Naima\r.PETIT@caramail.com', '0100017752', '0600024765', '', 0, '', '', '4', '02820', 'BERRIEUX', 'France', 0, 'never', 'courrier', 'not', '', '2012-11-10 17:12:36', '2012-11-10 17:12:36'),
(980, 'physique', 'donateur', 'Mme', 'Oumou\r', 'BERTIN', '1981-02-28', 'Oumou\r.BERTIN@gmail.com', '0100026660', '0600015485', '', 0, '', '', '4', '05130', 'SAINT ETIENNE LE LAUS', 'France', 0, 'never', 'courrier', 'not', '', '2012-11-10 17:12:36', '2012-11-10 17:12:36'),
(981, 'physique', 'prospect', 'M.', 'Joey\r', 'JOUBERT', '1977-05-17', 'Joey\r.JOUBERT@caramail.com', '0100013357', '0600014018', '', 0, '', '', '2', '02120', 'AUDIGNY', 'France', 0, 'never', 'courrier', 'not', '', '2012-11-10 17:12:36', '2012-11-10 17:12:36'),
(982, 'physique', 'donateur', 'M.', 'Duy\r', 'ROLLAND', '1981-09-20', 'Duy\r.ROLLAND@live.fr', '0100012749', '0600032705', '', 0, '', '', '7', '06800', 'CAGNES SUR MER', 'France', 0, 'never', 'courrier', 'not', '', '2012-11-10 17:12:36', '2012-11-10 17:12:36'),
(983, 'physique', 'donateur', 'Mme', 'Naelle\r', 'BESNARD', '1981-01-28', 'Naelle\r.BESNARD@live.fr', '0100011975', '0600005459', '', 0, '', '', '11', '04250', 'BAYONS', 'France', 0, 'never', 'courrier', 'not', '', '2012-11-10 17:12:36', '2012-11-10 17:12:36'),
(984, 'physique', 'donateur', 'Mme', 'Prudence\r', 'FERREIRA', '1976-09-27', 'Prudence\r.FERREIRA@live.fr', '0100017870', '0600012592', '', 0, '', '', '7', '03190', 'LOUROUX HODEMENT', 'France', 0, 'never', 'courrier', 'not', '', '2012-11-10 17:12:36', '2012-11-10 17:12:36'),
(985, 'physique', 'prospect', 'M.', 'Abdallah\r', 'MONNIER', '1988-10-18', 'Abdallah\r.MONNIER@gmail.com', '0100030076', '0600022796', '', 0, '', '', '10', '01190', 'SAINT ETIENNE SUR REYSSOUZE', 'France', 0, 'never', 'courrier', 'not', '', '2012-11-10 17:12:36', '2012-11-10 17:12:36'),
(986, 'physique', 'prospect', 'M.', 'Ludovic\r', 'DIDIER', '1976-06-03', 'Ludovic\r.DIDIER@live.fr', '0100020704', '0600016403', '', 0, '', '', '12', '02140', 'MARFONTAINE', 'France', 0, 'never', 'courrier', 'not', '', '2012-11-10 17:12:36', '2012-11-10 17:12:36'),
(987, 'physique', 'donateur', 'M.', 'Dilane\r', 'CHEVALLIER', '1993-07-07', 'Dilane\r.CHEVALLIER@live.fr', '0100020960', '0600002982', '', 0, '', '', '6', '01300', 'AMBLEON', 'France', 0, 'never', 'courrier', 'not', '', '2012-11-10 17:12:36', '2012-11-10 17:12:36'),
(988, 'physique', 'prospect', 'M.', 'Batuhan\r', 'DESCAMPS', '1989-09-16', 'Batuhan\r.DESCAMPS@caramail.com', '0100023754', '0600020773', '', 0, '', '', '3', '01090', 'LURCY', 'France', 0, 'never', 'courrier', 'not', '', '2012-11-10 17:12:36', '2012-11-10 17:12:36'),
(989, 'physique', 'prospect', 'M.', 'Donovan\r', 'LELIEVRE', '1991-10-16', 'Donovan\r.LELIEVRE@caramail.com', '0100014275', '0600011636', '', 0, '', '', '8', '02210', 'GRAND ROZOY', 'France', 0, 'never', 'courrier', 'not', '', '2012-11-10 17:12:36', '2012-11-10 17:12:36'),
(990, 'physique', 'prospect', 'M.', 'Brian\r', 'CARPENTIER', '1987-08-12', 'Brian\r.CARPENTIER@caramail.com', '0100022925', '0600030075', '', 0, '', '', '13', '01200', 'LEAZ', 'France', 0, 'never', 'courrier', 'not', '', '2012-11-10 17:12:36', '2012-11-10 17:12:36'),
(991, 'physique', 'prospect', 'Mme', 'Betty\r', 'DELMAS', '1991-09-01', 'Betty\r.DELMAS@caramail.com', '0100028439', '0600014381', '', 0, '', '', '3', '03600', 'MALICORNE', 'France', 0, 'never', 'courrier', 'not', '', '2012-11-10 17:12:36', '2012-11-10 17:12:36'),
(992, 'physique', 'prospect', 'Mme', 'Alya\r', 'LEJEUNE', '1984-09-30', 'Alya\r.LEJEUNE@hotmail.com', '0100005850', '0600021675', '', 0, '', '', '3', '03220', 'THIONNE', 'France', 0, 'never', 'courrier', 'not', '', '2012-11-10 17:12:36', '2012-11-10 17:12:36'),
(993, 'physique', 'donateur', 'M.', 'Djebryl\r', 'MICHEL', '1987-10-09', 'Djebryl\r.MICHEL@caramail.com', '0100022855', '0600017271', '', 0, '', '', '13', '02000', 'FILAIN', 'France', 0, 'never', 'courrier', 'not', '', '2012-11-10 17:12:36', '2012-11-10 17:12:36'),
(994, 'physique', 'prospect', 'M.', 'Bartholome\r', 'PICARD', '1985-05-30', 'Bartholome\r.PICARD@hotmail.com', '0100028591', '0600009331', '', 0, '', '', '2', '03110', 'ESCUROLLES', 'France', 0, 'never', 'courrier', 'not', '', '2012-11-10 17:12:36', '2012-11-10 17:12:36'),
(995, 'physique', 'donateur', 'M.', 'Lisandro\r', 'BONNET', '1978-11-09', 'Lisandro\r.BONNET@caramail.com', '0100026554', '0600010700', '', 0, '', '', '5', '02420', 'BONY', 'France', 0, 'never', 'courrier', 'not', '', '2012-11-10 17:12:36', '2012-11-10 17:12:36'),
(996, 'physique', 'prospect', 'Mme', 'Oumaima\r', 'GUILLET', '1986-04-16', 'Oumaima\r.GUILLET@gmail.com', '0100031814', '0600004467', '', 0, '', '', '10', '03130', 'LUNEAU', 'France', 0, 'never', 'courrier', 'not', '', '2012-11-10 17:12:37', '2012-11-10 17:12:37'),
(997, 'physique', 'prospect', 'M.', 'Lenzo\r', 'FERRE', '1984-06-25', 'Lenzo\r.FERRE@live.fr', '0100003741', '0600027820', '', 0, '', '', '12', '04120', 'FOUX (LA)', 'France', 0, 'never', 'courrier', 'not', '', '2012-11-10 17:12:37', '2012-11-10 17:12:37'),
(998, 'physique', 'prospect', 'M.', 'Brice\r', 'LACOMBE', '1988-09-28', 'Brice\r.LACOMBE@live.fr', '0100031416', '0600010167', '', 0, '', '', '12', '03460', 'TREVOL', 'France', 0, 'never', 'courrier', 'not', '', '2012-11-10 17:12:37', '2012-11-10 17:12:37');
INSERT INTO `contacts` (`CON_ID`, `CON_TYPE`, `CON_TYPEC`, `CON_CIVILITE`, `CON_FIRSTNAME`, `CON_LASTNAME`, `CON_DATE`, `CON_EMAIL`, `CON_TELFIXE`, `CON_TELPORT`, `CON_COMPL`, `CON_VOIE_NUM`, `CON_VOIE_TYPE`, `CON_VOIE_NOM`, `CON_BP`, `CON_CP`, `CON_CITY`, `CON_COUNTRY`, `CON_NPAI`, `CON_RF_TYPE`, `CON_RF_ENVOI`, `CON_SOLICITATION`, `CON_COMMENTAIRE`, `CON_DATEADDED`, `CON_DATEMODIF`) VALUES
(999, 'physique', 'donateur', 'M.', 'Duane\r', 'LE BIHAN', '1985-12-19', 'Duane\r.LE BIHAN@caramail.com', '0100013863', '0600028987', '', 0, '', '', '7', '02500', 'HERIE (LA)', 'France', 0, 'never', 'courrier', 'not', '', '2012-11-10 17:12:37', '2012-11-10 17:12:37'),
(1000, 'physique', 'prospect', 'M.', 'Johnny\r', 'LEFORT', '1986-05-20', 'Johnny\r.LEFORT@hotmail.com', '0100021768', '0600010019', '', 0, '', '', '11', '03300', 'BOST', 'France', 0, 'never', 'courrier', 'not', '', '2012-11-10 17:12:37', '2012-11-10 17:12:37'),
(1001, 'physique', 'prospect', 'Mme', 'Peline\r', 'GIRARD', '1977-12-01', 'Peline\r.GIRARD@live.fr', '0100013817', '0600004802', '', 0, '', '', '7', '01580', 'SAMOGNAT', 'France', 0, 'never', 'courrier', 'not', '', '2012-11-10 17:12:37', '2012-11-10 17:12:37'),
(1002, 'physique', 'donateur', 'M.', 'Anass\r', 'FERNANDEZ', '1992-08-13', 'Anass\r.FERNANDEZ@hotmail.com', '0100019313', '0600020220', '', 0, '', '', '13', '02210', 'PARCY ET TIGNY', 'France', 0, 'never', 'courrier', 'not', '', '2012-11-10 17:12:37', '2012-11-10 17:12:37'),
(1003, 'physique', 'prospect', 'M.', 'Maxim\r', 'LEGROS', '1983-08-29', 'Maxim\r.LEGROS@caramail.com', '0100004415', '0600001702', '', 0, '', '', '6', '02000', 'CHAVIGNON', 'France', 0, 'never', 'courrier', 'not', '', '2012-11-10 17:12:37', '2012-11-10 17:12:37'),
(1004, 'physique', 'prospect', 'M.', 'Jessim\r', 'REYNAUD', '1990-07-08', 'Jessim\r.REYNAUD@gmail.com', '0100025642', '0600023850', '', 0, '', '', '12', '06440', 'ESCARENE (L'')', 'France', 0, 'never', 'courrier', 'not', '', '2012-11-10 17:12:37', '2012-11-10 17:12:37'),
(1005, 'physique', 'prospect', 'M.', 'Denyss\r', 'BUISSON', '1988-08-26', 'Denyss\r.BUISSON@hotmail.com', '0100018373', '0600013773', '', 0, '', '', '5', '02510', 'VENEROLLES', 'France', 0, 'never', 'courrier', 'not', '', '2012-11-10 17:12:37', '2012-11-10 17:12:37'),
(1006, 'physique', 'donateur', 'Mme', 'Serena\r', 'TURPIN', '1986-06-16', 'Serena\r.TURPIN@gmail.com', '0100026111', '0600004322', '', 0, '', '', '3', '01390', 'MIONNAY', 'France', 0, 'never', 'courrier', 'not', '', '2012-11-10 17:12:37', '2012-11-10 17:12:37'),
(1007, 'physique', 'donateur', 'M.', 'Maximilien\r', 'GILBERT', '1994-02-02', 'Maximilien\r.GILBERT@live.fr', '0100028442', '0600004501', '', 0, '', '', '10', '03210', 'BRESNAY', 'France', 0, 'never', 'courrier', 'not', '', '2012-11-10 17:12:37', '2012-11-10 17:12:37'),
(1008, 'physique', 'prospect', 'M.', 'Lilian\r', 'GRAND', '1986-09-22', 'Lilian\r.GRAND@caramail.com', '0100024942', '0600017877', '', 0, '', '', '14', '01480', 'VILLENEUVE', 'France', 0, 'never', 'courrier', 'not', '', '2012-11-10 17:12:37', '2012-11-10 17:12:37'),
(1009, 'physique', 'prospect', 'Mme', 'Candice\r', 'CHAUVIN', '1977-08-23', 'Candice\r.CHAUVIN@gmail.com', '0100014453', '0600005826', '', 0, '', '', '12', '01140', 'SAINT ETIENNE SUR CHALARONNE', 'France', 0, 'never', 'courrier', 'not', '', '2012-11-10 17:12:37', '2012-11-10 17:12:37'),
(1010, 'physique', 'donateur', 'Mme', 'Noeline\r', 'DUJARDIN', '1984-07-06', 'Noeline\r.DUJARDIN@hotmail.com', '0100013353', '0600001062', '', 0, '', '', '8', '01590', 'DORTAN', 'France', 0, 'never', 'courrier', 'not', '', '2012-11-10 17:12:37', '2012-11-10 17:12:37'),
(1011, 'physique', 'prospect', 'M.', 'Ahmed\r', 'LOUIS', '1975-08-29', 'Ahmed\r.LOUIS@gmail.com', '0100023292', '0600014093', '', 0, '', '', '2', '01370', 'PRESSIAT', 'France', 0, 'never', 'courrier', 'not', '', '2012-11-10 17:12:37', '2012-11-10 17:12:37'),
(1012, 'physique', 'donateur', 'Mme', 'Coralie\r', 'DUPUIS', '1984-08-09', 'Coralie\r.DUPUIS@live.fr', '0100005423', '0600031394', '', 0, '', '', '11', '04250', 'CAIRE (LE)', 'France', 0, 'never', 'courrier', 'not', '', '2012-11-10 17:12:37', '2012-11-10 17:12:37'),
(1013, 'physique', 'prospect', 'Mme', 'Sixtine\r', 'LE GOFF', '1982-11-03', 'Sixtine\r.LE GOFF@live.fr', '0100024473', '0600021055', '', 0, '', '', '10', '03000', 'MONTILLY', 'France', 0, 'never', 'courrier', 'not', '', '2012-11-10 17:12:37', '2012-11-10 17:12:37'),
(1014, 'physique', 'prospect', 'M.', 'Tobias\r', 'MAILLET', '1995-02-05', 'Tobias\r.MAILLET@caramail.com', '0100009177', '0600005147', '', 0, '', '', '8', '01580', 'SAMOGNAT', 'France', 0, 'never', 'courrier', 'not', '', '2012-11-10 17:12:37', '2012-11-10 17:12:37'),
(1015, 'physique', 'donateur', 'Mme', 'Alicia\r', 'LACROIX', '1975-08-04', 'Alicia\r.LACROIX@live.fr', '0100021127', '0600020983', '', 0, '', '', '6', '04530', 'MEYRONNES', 'France', 0, 'never', 'courrier', 'not', '', '2012-11-10 17:12:37', '2012-11-10 17:12:37'),
(1016, 'physique', 'donateur', 'M.', 'Tyler\r', 'LEGER', '1982-04-17', 'Tyler\r.LEGER@live.fr', '0100014983', '0600001492', '', 0, '', '', '4', '03130', 'LODDES', 'France', 0, 'never', 'courrier', 'not', '', '2012-11-10 17:12:37', '2012-11-10 17:12:37'),
(1017, 'physique', 'donateur', 'M.', 'Ayoub\r', 'ANTOINE', '1979-09-17', 'Ayoub\r.ANTOINE@hotmail.com', '0100014387', '0600028559', '', 0, '', '', '7', '05400', 'MONTMAUR', 'France', 0, 'never', 'courrier', 'not', '', '2012-11-10 17:12:37', '2012-11-10 17:12:37'),
(1018, 'physique', 'donateur', 'Mme', 'Claire\r', 'BAILLY', '1983-03-25', 'Claire\r.BAILLY@live.fr', '0100030176', '0600009306', '', 0, '', '', '8', '02270', 'FROIDMONT COHARTILLE', 'France', 0, 'never', 'courrier', 'not', '', '2012-11-10 17:12:37', '2012-11-10 17:12:37'),
(1019, 'physique', 'donateur', 'Mme', 'Nayla\r', 'SCHMITT', '1985-01-27', 'Nayla\r.SCHMITT@caramail.com', '0100007729', '0600014784', '', 0, '', '', '12', '05100', 'BRIANCON', 'France', 0, 'never', 'courrier', 'not', '', '2012-11-10 17:12:37', '2012-11-10 17:12:37'),
(1020, 'physique', 'prospect', 'Mme', 'Brune\r', 'BOUCHER', '1988-12-01', 'Brune\r.BOUCHER@hotmail.com', '0100002994', '0600019783', '', 0, '', '', '5', '02120', 'MALZY', 'France', 0, 'never', 'courrier', 'not', '', '2012-11-10 17:12:37', '2012-11-10 17:12:37'),
(1021, 'physique', 'donateur', 'Mme', 'Shaina\r', 'BERNIER', '1980-03-30', 'Shaina\r.BERNIER@caramail.com', '0100003658', '0600010221', '', 0, '', '', '9', '04700', 'LURS', 'France', 0, 'never', 'courrier', 'not', '', '2012-11-10 17:12:37', '2012-11-10 17:12:37'),
(1022, 'physique', 'prospect', 'Mme', 'Nathalie\r', 'COLIN', '1987-07-12', 'Nathalie\r.COLIN@live.fr', '0100016637', '0600006072', '', 0, '', '', '14', '02800', 'DANIZY', 'France', 0, 'never', 'courrier', 'not', '', '2012-11-10 17:12:37', '2012-11-10 17:12:37'),
(1023, 'physique', 'donateur', 'Mme', 'Oliana\r', 'BAUER', '1986-10-16', 'Oliana\r.BAUER@caramail.com', '0100022775', '0600031553', '', 0, '', '', '4', '02300', 'CAMELIN', 'France', 0, 'never', 'courrier', 'not', '', '2012-11-10 17:12:37', '2012-11-10 17:12:37'),
(1024, 'physique', 'prospect', 'M.', 'Moussa\r', 'FONTAINE', '1987-10-12', 'Moussa\r.FONTAINE@hotmail.com', '0100007345', '0600004741', '', 0, '', '', '3', '02270', 'SONS ET RONCHERES', 'France', 0, 'never', 'courrier', 'not', '', '2012-11-10 17:12:37', '2012-11-10 17:12:37'),
(1025, 'physique', 'prospect', 'M.', 'Jolan\r', 'JACOB', '1984-12-27', 'Jolan\r.JACOB@gmail.com', '0100028095', '0600027143', '', 0, '', '', '14', '04200', 'SAINT MARTIN', 'France', 0, 'never', 'courrier', 'not', '', '2012-11-10 17:12:37', '2012-11-10 17:12:37'),
(1026, 'physique', 'prospect', 'M.', 'Anthony\r', 'DUBREUIL', '1988-12-07', 'Anthony\r.DUBREUIL@live.fr', '0100027934', '0600028281', '', 0, '', '', '4', '04200', 'PEIPIN', 'France', 0, 'never', 'courrier', 'not', '', '2012-11-10 17:12:37', '2012-11-10 17:12:37'),
(1027, 'physique', 'donateur', 'Mme', 'Alya\r', 'MACE', '1975-06-28', 'Alya\r.MACE@caramail.com', '0100006994', '0600010208', '', 0, '', '', '7', '06750', 'ANDON', 'France', 0, 'never', 'courrier', 'not', '', '2012-11-10 17:12:37', '2012-11-10 17:12:37'),
(1028, 'physique', 'donateur', 'M.', 'Alois\r', 'GUILLOU', '1990-11-17', 'Alois\r.GUILLOU@gmail.com', '0100026673', '0600023577', '', 0, '', '', '12', '04150', 'SIMIANE LA ROTONDE', 'France', 0, 'never', 'courrier', 'not', '', '2012-11-10 17:12:37', '2012-11-10 17:12:37'),
(1029, 'physique', 'donateur', 'Mme', 'Pia\r', 'MARCHAL', '1991-05-13', 'Pia\r.MARCHAL@hotmail.com', '0100026206', '0600024005', '', 0, '', '', '4', '01505', 'DOUVRES', 'France', 0, 'never', 'courrier', 'not', '', '2012-11-10 17:12:37', '2012-11-10 17:12:37'),
(1030, 'physique', 'prospect', 'M.', 'Matt\r', 'ALLARD', '1983-06-24', 'Matt\r.ALLARD@caramail.com', '0100010984', '0600028610', '', 0, '', '', '11', '05200', 'CROTS', 'France', 0, 'never', 'courrier', 'not', '', '2012-11-10 17:12:37', '2012-11-10 17:12:37'),
(1031, 'physique', 'prospect', 'M.', 'Danyel\r', 'ARNAUD', '1980-11-09', 'Danyel\r.ARNAUD@gmail.com', '0100032105', '0600007927', '', 0, '', '', '12', '03240', 'CRESSANGES', 'France', 0, 'never', 'courrier', 'not', '', '2012-11-10 17:12:37', '2012-11-10 17:12:37'),
(1032, 'physique', 'prospect', 'M.', 'Anthony\r', 'BERGER', '1995-07-27', 'Anthony\r.BERGER@gmail.com', '0100012973', '0600023586', '', 0, '', '', '7', '03220', 'TREZELLES', 'France', 0, 'never', 'courrier', 'not', '', '2012-11-10 17:12:37', '2012-11-10 17:12:37'),
(1033, 'physique', 'donateur', 'Mme', 'Prisca\r', 'LEDOUX', '1981-12-15', 'Prisca\r.LEDOUX@live.fr', '0100031032', '0600027723', '', 0, '', '', '7', '01100', 'GEOVREISSET', 'France', 0, 'never', 'courrier', 'not', '', '2012-11-10 17:12:37', '2012-11-10 17:12:37'),
(1034, 'physique', 'prospect', 'M.', 'Djebryl\r', 'BOUCHARD', '1995-12-05', 'Djebryl\r.BOUCHARD@live.fr', '0100011125', '0600004691', '', 0, '', '', '14', '03140', 'VOUSSAC', 'France', 0, 'never', 'courrier', 'not', '', '2012-11-10 17:12:37', '2012-11-10 17:12:37'),
(1035, 'physique', 'donateur', 'Mme', 'Nawel\r', 'MANGIN', '1980-11-16', 'Nawel\r.MANGIN@hotmail.com', '0100025737', '0600030069', '', 0, '', '', '7', '02210', 'ROCOURT SAINT MARTIN', 'France', 0, 'never', 'courrier', 'not', '', '2012-11-10 17:12:37', '2012-11-10 17:12:37'),
(1036, 'physique', 'donateur', 'Mme', 'Phoebe\r', 'BROSSARD', '1982-11-30', 'Phoebe\r.BROSSARD@live.fr', '0100010194', '0600010282', '', 0, '', '', '10', '03360', 'MEAULNE', 'France', 0, 'never', 'courrier', 'not', '', '2012-11-10 17:12:37', '2012-11-10 17:12:37'),
(1037, 'physique', 'prospect', 'M.', 'Mathys\r', 'MOREAU', '1986-10-17', 'Mathys\r.MOREAU@gmail.com', '0100017199', '0600004156', '', 0, '', '', '11', '06710', 'MALAUSSENE', 'France', 0, 'never', 'courrier', 'not', '', '2012-11-10 17:12:37', '2012-11-10 17:12:37'),
(1038, 'physique', 'donateur', 'M.', 'Drissa\r', 'CARLIER', '1990-06-14', 'Drissa\r.CARLIER@live.fr', '0100007261', '0600006261', '', 0, '', '', '6', '03300', 'CREUZIER LE NEUF', 'France', 0, 'never', 'courrier', 'not', '', '2012-11-10 17:12:37', '2012-11-10 17:12:37'),
(1039, 'physique', 'donateur', 'M.', 'Anas\r', 'BENOIST', '1995-08-27', 'Anas\r.BENOIST@caramail.com', '0100020433', '0600024514', '', 0, '', '', '6', '01960', 'SERVAS', 'France', 0, 'never', 'courrier', 'not', '', '2012-11-10 17:12:37', '2012-11-10 17:12:37'),
(1040, 'physique', 'donateur', 'Mme', 'Sheryne\r', 'GUERIN', '1987-05-01', 'Sheryne\r.GUERIN@caramail.com', '0100022051', '0600022072', '', 0, '', '', '5', '02120', 'VILLERS LES GUISE', 'France', 0, 'never', 'courrier', 'not', '', '2012-11-10 17:12:37', '2012-11-10 17:12:37'),
(1041, 'physique', 'prospect', 'M.', 'Leon\r', 'LEJEUNE', '1980-12-27', 'Leon\r.LEJEUNE@hotmail.com', '0100014546', '0600029249', '', 0, '', '', '2', '01320', 'VILLETTE SUR AIN', 'France', 0, 'never', 'courrier', 'not', '', '2012-11-10 17:12:37', '2012-11-10 17:12:37'),
(1042, 'physique', 'donateur', 'Mme', 'Angeline\r', 'LE GALL', '1975-02-27', 'Angeline\r.LE GALL@hotmail.com', '0100011255', '0600004912', '', 0, '', '', '4', '01120', 'MONTLUEL', 'France', 0, 'never', 'courrier', 'not', '', '2012-11-10 17:12:37', '2012-11-10 17:12:37'),
(1043, 'physique', 'prospect', 'Mme', 'Sara\r', 'DA SILVA', '1988-04-29', 'Sara\r.DA SILVA@caramail.com', '0100006193', '0600016871', '', 0, '', '', '10', '03130', 'MONTCOMBROUX LES MINES', 'France', 0, 'never', 'courrier', 'not', '', '2012-11-10 17:12:37', '2012-11-10 17:12:37'),
(1044, 'physique', 'Donateur', 'M.', 'Arthur-Martin', 'Electrolux', '1968-04-13', 'artmart@yahoo.fr', '', '', '', 36, 'rue', 'des paquerettes', '', '94800', 'Villejuif', 'France', 0, 'never', 'courrier', 'not', '', '2012-11-13 10:12:14', '2013-04-07 22:58:20'),
(1045, 'physique', 'Donateur', 'M.', 'Pascal', 'Dupont', '1968-12-04', 'pascal.dupont@plop.com', '', '', '', 12, 'rue', 'Cramoisie', '', '94800', 'Villejuif', 'France', 0, 'never', NULL, 'not', '', '2013-02-17 19:59:55', '2013-02-17 19:59:55'),
(1046, 'physique', 'Donateur', 'M.', 'William', 'borkin', '1956-12-12', 'artmart@yahoo.fr', '', '', '', 12, 'allée', 'Portique', '', '94600', 'Choisy le Roi', 'France', 0, 'never', NULL, 'not', '', '2013-02-17 20:07:10', '2013-02-17 20:07:10'),
(1048, 'physique', 'Donateur', 'M.', 'Stanislas', 'REGNIAULT', '1992-01-21', '', '', '', '', 13, 'rue', 'Cassée', '', '', '', '', 0, 'never', NULL, 'not', '', '2014-04-05 15:10:57', '2014-04-05 15:11:29');

-- --------------------------------------------------------

--
-- Structure de la table `contacts_ic`
--

CREATE TABLE IF NOT EXISTS `contacts_ic` (
  `CON_ID` int(11) NOT NULL,
  `IC_4` varchar(255) CHARACTER SET latin1 DEFAULT NULL,
  `IC_5` varchar(255) CHARACTER SET latin1 DEFAULT NULL,
  `IC_6` varchar(255) CHARACTER SET latin1 DEFAULT NULL,
  `IC_7` varchar(255) CHARACTER SET latin1 DEFAULT NULL,
  `IC_8` varchar(255) CHARACTER SET latin1 DEFAULT NULL,
  `IC_9` varchar(255) CHARACTER SET latin1 DEFAULT NULL,
  PRIMARY KEY (`CON_ID`)
) ENGINE=InnoDB DEFAULT CHARSET=utf8;

--
-- Contenu de la table `contacts_ic`
--

INSERT INTO `contacts_ic` (`CON_ID`, `IC_4`, `IC_5`, `IC_6`, `IC_7`, `IC_8`, `IC_9`) VALUES
(60, 'marie', 'Acariens', 'O', 'Positif', NULL, NULL),
(61, 'en couple', 'Lactose', 'A', 'Negatif', NULL, NULL),
(62, 'en couple', 'Lactose', 'A', 'Positif', NULL, NULL),
(63, 'en couple', 'Lactose', 'B', 'Positif', NULL, NULL),
(65, NULL, NULL, NULL, NULL, NULL, NULL),
(66, 'marie', 'chat', 'O', 'Positif', NULL, NULL),
(75, NULL, NULL, NULL, NULL, NULL, NULL),
(85, 'en couple', 'Pollen', 'B', 'Positif', NULL, NULL),
(86, 'celibataire', 'Acariens', 'AB', 'Positif', NULL, NULL),
(87, 'marie', 'Arachides', 'A', 'Positif', NULL, NULL),
(88, 'celibataire', 'Arachides', 'B', 'Negatif', NULL, NULL),
(89, 'celibataire', 'Acariens', 'AB', 'Negatif', NULL, NULL),
(90, 'celibataire', 'Pollen', 'A', 'Positif', NULL, NULL),
(91, 'en couple', 'Acariens', 'AB', 'Positif', NULL, NULL),
(92, 'marie', 'Acariens', 'B', 'Positif', NULL, NULL),
(93, 'celibataire', 'Lactose', 'AB', 'Positif', NULL, NULL),
(94, 'marie', 'Pollen', 'A', 'Negatif', NULL, NULL),
(95, 'celibataire', 'Pollen', 'AB', 'Positif', NULL, NULL),
(96, 'celibataire', 'Acariens', 'O', 'Positif', NULL, NULL),
(97, 'celibataire', 'Acariens', 'AB', 'Positif', NULL, NULL),
(98, 'marie', 'Lactose', 'B', 'Positif', NULL, NULL),
(99, 'celibataire', 'Acariens', 'A', 'Positif', NULL, NULL),
(100, 'en couple', 'Lactose', 'O', 'Positif', NULL, NULL),
(101, 'en couple', 'Lactose', 'A', 'Positif', NULL, NULL),
(102, 'celibataire', 'Acariens', 'B', 'Positif', NULL, NULL),
(103, 'marie', 'Pollen', 'AB', 'Positif', NULL, NULL),
(104, 'en couple', 'Arachides', 'AB', 'Positif', NULL, NULL),
(105, 'marie', 'Lactose', 'A', 'Negatif', NULL, NULL),
(106, 'en couple', 'Acariens', 'A', 'Positif', NULL, NULL),
(107, 'en couple', 'Arachides', 'AB', 'Positif', NULL, NULL),
(108, 'celibataire', 'Arachides', 'B', 'Negatif', NULL, NULL),
(109, 'celibataire', 'Lactose', 'A', 'Positif', NULL, NULL),
(110, 'celibataire', 'Pollen', 'B', 'Negatif', NULL, NULL),
(111, 'marie', 'Arachides', 'O', 'Positif', NULL, NULL),
(112, 'celibataire', 'Pollen', 'AB', 'Negatif', NULL, NULL),
(113, 'marie', 'Arachides', 'A', 'Negatif', NULL, NULL),
(114, 'en couple', 'Acariens', 'AB', 'Positif', NULL, NULL),
(115, 'celibataire', 'Pollen', 'O', 'Negatif', NULL, NULL),
(116, 'marie', 'Arachides', 'A', 'Negatif', NULL, NULL),
(117, 'celibataire', 'Arachides', 'B', 'Positif', NULL, NULL),
(118, 'en couple', 'Acariens', 'O', 'Negatif', NULL, NULL),
(119, 'en couple', 'Pollen', 'O', 'Negatif', NULL, NULL),
(120, 'en couple', 'Lactose', 'AB', 'Negatif', NULL, NULL),
(121, 'marie', 'Lactose', 'B', 'Positif', NULL, NULL),
(122, 'celibataire', 'Pollen', 'O', 'Negatif', NULL, NULL),
(123, 'en couple', 'Pollen', 'A', 'Negatif', NULL, NULL),
(124, 'en couple', 'Pollen', 'A', 'Negatif', NULL, NULL),
(125, 'celibataire', 'Acariens', 'A', 'Positif', NULL, NULL),
(126, 'en couple', 'Pollen', 'A', 'Negatif', NULL, NULL),
(127, 'marie', 'Acariens', 'AB', 'Negatif', NULL, NULL),
(128, 'en couple', 'Arachides', 'O', 'Negatif', NULL, NULL),
(129, 'en couple', 'Acariens', 'O', 'Negatif', NULL, NULL),
(130, 'en couple', 'Acariens', 'AB', 'Positif', NULL, NULL),
(131, 'marie', 'Arachides', 'A', 'Negatif', NULL, NULL),
(132, 'marie', 'Pollen', 'A', 'Negatif', NULL, NULL),
(133, 'marie', 'Pollen', 'A', 'Negatif', NULL, NULL),
(134, 'en couple', 'Pollen', 'A', 'Negatif', NULL, NULL),
(135, 'celibataire', 'Pollen', 'B', 'Positif', NULL, NULL),
(136, 'celibataire', 'Pollen', 'A', 'Positif', NULL, NULL),
(137, 'celibataire', 'Acariens', 'A', 'Negatif', NULL, NULL),
(138, 'celibataire', 'Arachides', 'O', 'Negatif', NULL, NULL),
(139, 'en couple', 'Acariens', 'A', 'Positif', NULL, NULL),
(140, 'en couple', 'Pollen', 'A', 'Positif', NULL, NULL),
(141, 'en couple', 'Arachides', 'AB', 'Positif', NULL, NULL),
(142, 'marie', 'Lactose', 'AB', 'Positif', NULL, NULL),
(143, 'celibataire', 'Lactose', 'A', 'Negatif', NULL, NULL),
(144, 'marie', 'Acariens', 'AB', 'Negatif', NULL, NULL),
(145, 'marie', 'Lactose', 'B', 'Positif', NULL, NULL),
(146, 'marie', 'Arachides', 'A', 'Negatif', NULL, NULL),
(147, 'en couple', 'Acariens', 'O', 'Positif', NULL, NULL),
(148, 'en couple', 'Pollen', 'AB', 'Negatif', NULL, NULL),
(149, 'marie', 'Arachides', 'AB', 'Positif', NULL, NULL),
(150, 'marie', 'Lactose', 'AB', 'Negatif', NULL, NULL),
(151, 'celibataire', 'Arachides', 'AB', 'Negatif', NULL, NULL),
(152, 'celibataire', 'Acariens', 'A', 'Positif', NULL, NULL),
(153, 'marie', 'Pollen', 'B', 'Negatif', NULL, NULL),
(154, 'en couple', 'Acariens', 'O', 'Negatif', NULL, NULL),
(155, 'marie', 'Pollen', 'AB', 'Positif', NULL, NULL),
(156, 'celibataire', 'Arachides', 'O', 'Positif', NULL, NULL),
(157, 'celibataire', 'Acariens', 'O', 'Negatif', NULL, NULL),
(158, 'celibataire', 'Pollen', 'B', 'Positif', NULL, NULL),
(159, 'celibataire', 'Lactose', 'A', 'Positif', NULL, NULL),
(160, 'en couple', 'Lactose', 'O', 'Negatif', NULL, NULL),
(161, 'celibataire', 'Lactose', 'AB', 'Positif', NULL, NULL),
(162, 'celibataire', 'Pollen', 'A', 'Positif', NULL, NULL),
(163, 'marie', 'Lactose', 'B', 'Negatif', NULL, NULL),
(164, 'marie', 'Arachides', 'AB', 'Positif', NULL, NULL),
(165, 'marie', 'Lactose', 'AB', 'Positif', NULL, NULL),
(166, 'marie', 'Pollen', 'O', 'Negatif', NULL, NULL),
(167, 'celibataire', 'Acariens', 'B', 'Positif', NULL, NULL),
(168, 'marie', 'Lactose', 'O', 'Negatif', NULL, NULL),
(169, 'marie', 'Lactose', 'A', 'Positif', NULL, NULL),
(170, 'en couple', 'Lactose', 'A', 'Positif', NULL, NULL),
(171, 'marie', 'Arachides', 'O', 'Negatif', NULL, NULL),
(172, 'celibataire', 'Lactose', 'A', 'Positif', NULL, NULL),
(173, 'en couple', 'Acariens', 'AB', 'Negatif', NULL, NULL),
(174, 'marie', 'Acariens', 'O', 'Negatif', NULL, NULL),
(175, 'celibataire', 'Lactose', 'AB', 'Positif', NULL, NULL),
(176, 'celibataire', 'Lactose', 'O', 'Negatif', NULL, NULL),
(177, 'en couple', 'Lactose', 'A', 'Positif', NULL, NULL),
(178, 'en couple', 'Acariens', 'AB', 'Negatif', NULL, NULL),
(179, 'en couple', 'Arachides', 'A', 'Negatif', NULL, NULL),
(180, 'celibataire', 'Acariens', 'A', 'Positif', NULL, NULL),
(181, 'en couple', 'Acariens', 'A', 'Negatif', NULL, NULL),
(182, 'marie', 'Pollen', 'AB', 'Negatif', NULL, NULL),
(183, 'en couple', 'Lactose', 'AB', 'Positif', NULL, NULL),
(184, 'celibataire', 'Lactose', 'A', 'Positif', NULL, NULL),
(185, 'marie', 'Arachides', 'AB', 'Positif', NULL, NULL),
(186, 'marie', 'Lactose', 'O', 'Positif', NULL, NULL),
(187, 'celibataire', 'Acariens', 'B', 'Positif', NULL, NULL),
(188, 'en couple', 'Pollen', 'A', 'Negatif', NULL, NULL),
(189, 'en couple', 'Acariens', 'O', 'Negatif', NULL, NULL),
(190, 'marie', 'Acariens', 'O', 'Positif', NULL, NULL),
(191, 'en couple', 'Acariens', 'AB', 'Positif', NULL, NULL),
(192, 'marie', 'Lactose', 'B', 'Negatif', NULL, NULL),
(193, 'celibataire', 'Acariens', 'B', 'Negatif', NULL, NULL),
(194, 'marie', 'Acariens', 'O', 'Positif', NULL, NULL),
(195, 'marie', 'Lactose', 'AB', 'Positif', NULL, NULL),
(196, 'marie', 'Lactose', 'A', 'Positif', NULL, NULL),
(197, 'marie', 'Lactose', 'A', 'Negatif', NULL, NULL),
(198, 'celibataire', 'Pollen', 'O', 'Positif', NULL, NULL),
(199, 'celibataire', 'Lactose', 'AB', 'Positif', NULL, NULL),
(200, 'marie', 'Lactose', 'O', 'Positif', NULL, NULL),
(201, 'marie', 'Arachides', 'B', 'Negatif', NULL, NULL),
(202, 'marie', 'Lactose', 'B', 'Positif', NULL, NULL),
(203, 'celibataire', 'Lactose', 'O', 'Negatif', NULL, NULL),
(204, 'celibataire', 'Acariens', 'B', 'Negatif', NULL, NULL),
(205, 'celibataire', 'Pollen', 'AB', 'Positif', NULL, NULL),
(206, 'en couple', 'Acariens', 'AB', 'Negatif', NULL, NULL),
(207, 'marie', 'Arachides', 'B', 'Negatif', NULL, NULL),
(208, 'en couple', 'Acariens', 'B', 'Negatif', NULL, NULL),
(209, 'en couple', 'Arachides', 'A', 'Negatif', NULL, NULL),
(210, 'celibataire', 'Acariens', 'AB', 'Positif', NULL, NULL),
(211, 'celibataire', 'Acariens', 'AB', 'Positif', NULL, NULL),
(212, 'en couple', 'Arachides', 'O', 'Negatif', NULL, NULL),
(213, 'en couple', 'Arachides', 'AB', 'Positif', NULL, NULL),
(214, 'celibataire', 'Arachides', 'O', 'Negatif', NULL, NULL),
(215, 'celibataire', 'Lactose', 'A', 'Positif', NULL, NULL),
(216, 'celibataire', 'Pollen', 'A', 'Negatif', NULL, NULL),
(217, 'marie', 'Arachides', 'O', 'Positif', NULL, NULL),
(218, 'celibataire', 'Acariens', 'B', 'Negatif', NULL, NULL),
(219, 'marie', 'Arachides', 'AB', 'Positif', NULL, NULL),
(220, 'celibataire', 'Acariens', 'B', 'Positif', NULL, NULL),
(221, 'en couple', 'Arachides', 'A', 'Positif', NULL, NULL),
(222, 'celibataire', 'Pollen', 'O', 'Positif', NULL, NULL),
(223, 'marie', 'Pollen', 'AB', 'Negatif', NULL, NULL),
(224, 'marie', 'Arachides', 'A', 'Negatif', NULL, NULL),
(225, 'celibataire', 'Pollen', 'B', 'Negatif', NULL, NULL),
(226, 'celibataire', 'Arachides', 'O', 'Negatif', NULL, NULL),
(227, 'en couple', 'Arachides', 'B', 'Positif', NULL, NULL),
(228, 'marie', 'Arachides', 'A', 'Negatif', NULL, NULL),
(229, 'en couple', 'Arachides', 'O', 'Negatif', NULL, NULL),
(230, 'marie', 'Lactose', 'B', 'Positif', NULL, NULL),
(231, 'celibataire', 'Acariens', 'A', 'Positif', NULL, NULL),
(232, 'marie', 'Lactose', 'A', 'Negatif', NULL, NULL),
(233, 'celibataire', 'Lactose', 'A', 'Positif', NULL, NULL),
(234, 'celibataire', 'Arachides', 'A', 'Negatif', NULL, NULL),
(235, 'celibataire', 'Arachides', 'A', 'Positif', NULL, NULL),
(236, 'en couple', 'Acariens', 'O', 'Negatif', NULL, NULL),
(237, 'en couple', 'Acariens', 'A', 'Negatif', NULL, NULL),
(238, 'celibataire', 'Lactose', 'B', 'Negatif', NULL, NULL),
(239, 'marie', 'Acariens', 'B', 'Negatif', NULL, NULL),
(240, 'marie', 'Acariens', 'A', 'Positif', NULL, NULL),
(241, 'marie', 'Acariens', 'A', 'Negatif', NULL, NULL),
(242, 'marie', 'Acariens', 'O', 'Positif', NULL, NULL),
(243, 'marie', 'Acariens', 'AB', 'Positif', NULL, NULL),
(244, 'en couple', 'Lactose', 'O', 'Positif', NULL, NULL),
(245, 'marie', 'Arachides', 'AB', 'Negatif', NULL, NULL),
(246, 'en couple', 'Arachides', 'B', 'Negatif', NULL, NULL),
(247, 'celibataire', 'Arachides', 'AB', 'Negatif', NULL, NULL),
(248, 'en couple', 'Arachides', 'B', 'Negatif', NULL, NULL),
(249, 'celibataire', 'Pollen', 'AB', 'Negatif', NULL, NULL),
(250, 'en couple', 'Acariens', 'A', 'Positif', NULL, NULL),
(251, 'celibataire', 'Lactose', 'O', 'Positif', NULL, NULL),
(252, 'celibataire', 'Pollen', 'A', 'Negatif', NULL, NULL),
(253, 'marie', 'Lactose', 'AB', 'Positif', NULL, NULL),
(254, 'celibataire', 'Arachides', 'O', 'Positif', NULL, NULL),
(255, 'marie', 'Acariens', 'O', 'Positif', NULL, NULL),
(256, 'marie', 'Acariens', 'O', 'Positif', NULL, NULL),
(257, 'en couple', 'Pollen', 'AB', 'Negatif', NULL, NULL),
(258, 'marie', 'Lactose', 'A', 'Positif', NULL, NULL),
(259, 'marie', 'Acariens', 'B', 'Negatif', NULL, NULL),
(260, 'celibataire', 'Acariens', 'B', 'Positif', NULL, NULL),
(261, 'celibataire', 'Acariens', 'O', 'Positif', NULL, NULL),
(262, 'celibataire', 'Pollen', 'O', 'Positif', NULL, NULL),
(263, 'celibataire', 'Acariens', 'O', 'Positif', NULL, NULL),
(264, 'celibataire', 'Arachides', 'AB', 'Negatif', NULL, NULL),
(265, 'en couple', 'Acariens', 'O', 'Positif', NULL, NULL),
(266, 'celibataire', 'Lactose', 'O', 'Positif', NULL, NULL),
(267, 'celibataire', 'Pollen', 'AB', 'Negatif', NULL, NULL),
(268, 'celibataire', 'Lactose', 'AB', 'Positif', NULL, NULL),
(269, 'marie', 'Lactose', 'AB', 'Positif', NULL, NULL),
(270, 'celibataire', 'Arachides', 'AB', 'Negatif', NULL, NULL),
(271, 'marie', 'Pollen', 'AB', 'Positif', NULL, NULL),
(272, 'en couple', 'Acariens', 'A', 'Negatif', NULL, NULL),
(273, 'marie', 'Arachides', 'AB', 'Positif', NULL, NULL),
(274, 'en couple', 'Arachides', 'A', 'Negatif', NULL, NULL),
(275, 'celibataire', 'Acariens', 'AB', 'Positif', NULL, NULL),
(276, 'en couple', 'Arachides', 'B', 'Positif', NULL, NULL),
(277, 'marie', 'Arachides', 'O', 'Negatif', NULL, NULL),
(278, 'marie', 'Pollen', 'A', 'Negatif', NULL, NULL),
(279, 'en couple', 'Lactose', 'B', 'Negatif', NULL, NULL),
(280, 'marie', 'Arachides', 'A', 'Positif', NULL, NULL),
(281, 'celibataire', 'Lactose', 'AB', 'Positif', NULL, NULL),
(282, 'marie', 'Lactose', 'A', 'Positif', NULL, NULL),
(283, 'celibataire', 'Lactose', 'AB', 'Positif', NULL, NULL),
(284, 'en couple', 'Arachides', 'O', 'Negatif', NULL, NULL),
(285, 'en couple', 'Acariens', 'B', 'Negatif', NULL, NULL),
(286, 'en couple', 'Arachides', 'A', 'Negatif', NULL, NULL),
(287, 'celibataire', 'Lactose', 'A', 'Negatif', NULL, NULL),
(288, 'celibataire', 'Pollen', 'A', 'Positif', NULL, NULL),
(289, 'celibataire', 'Lactose', 'A', 'Negatif', NULL, NULL),
(290, 'celibataire', 'Lactose', 'O', 'Negatif', NULL, NULL),
(291, 'marie', 'Acariens', 'B', 'Positif', NULL, NULL),
(292, 'marie', 'Pollen', 'O', 'Negatif', NULL, NULL),
(293, 'marie', 'Pollen', 'B', 'Positif', NULL, NULL),
(294, 'en couple', 'Pollen', 'AB', 'Positif', NULL, NULL),
(295, 'celibataire', 'Lactose', 'AB', 'Positif', NULL, NULL),
(296, 'celibataire', 'Lactose', 'A', 'Negatif', NULL, NULL),
(297, 'marie', 'Lactose', 'A', 'Negatif', NULL, NULL),
(298, 'marie', 'Acariens', 'A', 'Negatif', NULL, NULL),
(299, 'celibataire', 'Lactose', 'A', 'Positif', NULL, NULL),
(300, 'en couple', 'Pollen', 'AB', 'Positif', NULL, NULL),
(301, 'celibataire', 'Pollen', 'AB', 'Negatif', NULL, NULL),
(302, 'en couple', 'Lactose', 'A', 'Positif', NULL, NULL),
(303, 'en couple', 'Pollen', 'A', 'Negatif', NULL, NULL),
(304, 'en couple', 'Arachides', 'AB', 'Positif', NULL, NULL),
(305, 'en couple', 'Arachides', 'B', 'Positif', NULL, NULL),
(306, 'celibataire', 'Acariens', 'O', 'Negatif', NULL, NULL),
(307, 'marie', 'Arachides', 'O', 'Positif', NULL, NULL),
(308, 'celibataire', 'Pollen', 'O', 'Negatif', NULL, NULL),
(309, 'marie', 'Pollen', 'B', 'Negatif', NULL, NULL),
(310, 'marie', 'Lactose', 'O', 'Positif', NULL, NULL),
(311, 'en couple', 'Acariens', 'AB', 'Negatif', NULL, NULL),
(312, 'en couple', 'Pollen', 'O', 'Negatif', NULL, NULL),
(313, 'en couple', 'Acariens', 'O', 'Negatif', NULL, NULL),
(314, 'marie', 'Arachides', 'B', 'Negatif', NULL, NULL),
(315, 'en couple', 'Lactose', 'B', 'Positif', NULL, NULL),
(316, 'celibataire', 'Pollen', 'A', 'Negatif', NULL, NULL),
(317, 'en couple', 'Lactose', 'B', 'Negatif', NULL, NULL),
(318, 'en couple', 'Pollen', 'AB', 'Negatif', NULL, NULL),
(319, 'marie', 'Acariens', 'O', 'Negatif', NULL, NULL),
(320, 'marie', 'Acariens', 'B', 'Negatif', NULL, NULL),
(321, 'celibataire', 'Pollen', 'O', 'Negatif', NULL, NULL),
(322, 'en couple', 'Arachides', 'AB', 'Positif', NULL, NULL),
(323, 'celibataire', 'Acariens', 'O', 'Negatif', NULL, NULL),
(324, 'marie', 'Arachides', 'B', 'Negatif', NULL, NULL),
(325, 'en couple', 'Pollen', 'O', 'Negatif', NULL, NULL),
(326, 'celibataire', 'Pollen', 'O', 'Negatif', NULL, NULL),
(327, 'en couple', 'Arachides', 'O', 'Positif', NULL, NULL),
(328, 'marie', 'Acariens', 'A', 'Negatif', NULL, NULL),
(329, 'en couple', 'Arachides', 'B', 'Negatif', NULL, NULL),
(330, 'marie', 'Acariens', 'B', 'Negatif', NULL, NULL),
(331, 'marie', 'Lactose', 'A', 'Positif', NULL, NULL),
(332, 'celibataire', 'Arachides', 'O', 'Negatif', NULL, NULL),
(333, 'celibataire', 'Arachides', 'AB', 'Positif', NULL, NULL),
(334, 'marie', 'Lactose', 'AB', 'Negatif', NULL, NULL),
(335, 'marie', 'Acariens', 'O', 'Positif', NULL, NULL),
(336, 'en couple', 'Lactose', 'A', 'Positif', NULL, NULL),
(337, 'en couple', 'Pollen', 'A', 'Negatif', NULL, NULL),
(338, 'en couple', 'Acariens', 'O', 'Positif', NULL, NULL),
(339, 'en couple', 'Lactose', 'B', 'Positif', NULL, NULL),
(340, 'marie', 'Lactose', 'AB', 'Positif', NULL, NULL),
(341, 'en couple', 'Arachides', 'O', 'Negatif', NULL, NULL),
(342, 'en couple', 'Acariens', 'A', 'Negatif', NULL, NULL),
(343, 'en couple', 'Acariens', 'O', 'Negatif', NULL, NULL),
(344, 'marie', 'Lactose', 'A', 'Positif', NULL, NULL),
(345, 'celibataire', 'Acariens', 'B', 'Negatif', NULL, NULL),
(346, 'marie', 'Lactose', 'O', 'Negatif', NULL, NULL),
(347, 'marie', 'Pollen', 'AB', 'Negatif', NULL, NULL),
(348, 'celibataire', 'Acariens', 'B', 'Negatif', NULL, NULL),
(349, 'en couple', 'Pollen', 'AB', 'Positif', NULL, NULL),
(350, 'marie', 'Arachides', 'B', 'Positif', NULL, NULL),
(351, 'en couple', 'Pollen', 'AB', 'Positif', NULL, NULL),
(352, 'celibataire', 'Lactose', 'A', 'Negatif', NULL, NULL),
(353, 'celibataire', 'Arachides', 'O', 'Negatif', NULL, NULL),
(354, 'marie', 'Acariens', 'AB', 'Negatif', NULL, NULL),
(355, 'marie', 'Lactose', 'AB', 'Negatif', NULL, NULL),
(356, 'marie', 'Pollen', 'B', 'Positif', NULL, NULL),
(357, 'marie', 'Acariens', 'AB', 'Positif', NULL, NULL),
(358, 'marie', 'Lactose', 'A', 'Negatif', NULL, NULL),
(359, 'en couple', 'Lactose', 'B', 'Positif', NULL, NULL),
(360, 'celibataire', 'Lactose', 'B', 'Negatif', NULL, NULL),
(361, 'marie', 'Lactose', 'O', 'Negatif', NULL, NULL),
(362, 'en couple', 'Lactose', 'O', 'Negatif', NULL, NULL),
(363, 'marie', 'Lactose', 'B', 'Negatif', NULL, NULL),
(364, 'marie', 'Arachides', 'B', 'Negatif', NULL, NULL),
(365, 'marie', 'Arachides', 'A', 'Negatif', NULL, NULL),
(366, 'celibataire', 'Arachides', 'AB', 'Positif', NULL, NULL),
(367, 'marie', 'Arachides', 'A', 'Positif', NULL, NULL),
(368, 'celibataire', 'Acariens', 'O', 'Positif', NULL, NULL),
(369, 'marie', 'Lactose', 'B', 'Negatif', NULL, NULL),
(370, 'celibataire', 'Acariens', 'O', 'Positif', NULL, NULL),
(371, 'en couple', 'Acariens', 'B', 'Positif', NULL, NULL),
(372, 'celibataire', 'Acariens', 'AB', 'Negatif', NULL, NULL),
(373, 'marie', 'Lactose', 'O', 'Positif', NULL, NULL),
(374, 'en couple', 'Lactose', 'AB', 'Positif', NULL, NULL),
(375, 'en couple', 'Lactose', 'B', 'Positif', NULL, NULL),
(376, 'marie', 'Acariens', 'B', 'Positif', NULL, NULL),
(377, 'marie', 'Lactose', 'A', 'Negatif', NULL, NULL),
(378, 'celibataire', 'Lactose', 'AB', 'Negatif', NULL, NULL),
(379, 'celibataire', 'Arachides', 'O', 'Positif', NULL, NULL),
(380, 'celibataire', 'Pollen', 'A', 'Negatif', NULL, NULL),
(381, 'en couple', 'Lactose', 'A', 'Positif', NULL, NULL),
(382, 'celibataire', 'Lactose', 'B', 'Positif', NULL, NULL),
(383, 'marie', 'Acariens', 'O', 'Positif', NULL, NULL),
(384, 'celibataire', 'Pollen', 'A', 'Positif', NULL, NULL),
(385, 'celibataire', 'Arachides', 'B', 'Negatif', NULL, NULL),
(386, 'en couple', 'Pollen', 'O', 'Positif', NULL, NULL),
(387, 'celibataire', 'Pollen', 'AB', 'Positif', NULL, NULL),
(388, 'en couple', 'Lactose', 'AB', 'Negatif', NULL, NULL),
(389, 'marie', 'Arachides', 'AB', 'Negatif', NULL, NULL),
(390, 'celibataire', 'Pollen', 'AB', 'Positif', NULL, NULL),
(391, 'marie', 'Lactose', 'A', 'Positif', NULL, NULL),
(392, 'celibataire', 'Arachides', 'O', 'Negatif', NULL, NULL),
(393, 'celibataire', 'Lactose', 'O', 'Negatif', NULL, NULL),
(394, 'en couple', 'Pollen', 'O', 'Negatif', NULL, NULL),
(395, 'celibataire', 'Arachides', 'O', 'Negatif', NULL, NULL),
(396, 'marie', 'Pollen', 'A', 'Positif', NULL, NULL),
(397, 'en couple', 'Pollen', 'AB', 'Negatif', NULL, NULL),
(398, 'marie', 'Acariens', 'AB', 'Positif', NULL, NULL),
(399, 'marie', 'Lactose', 'B', 'Positif', NULL, NULL),
(400, 'marie', 'Lactose', 'O', 'Positif', NULL, NULL),
(401, 'marie', 'Pollen', 'O', 'Positif', NULL, NULL),
(402, 'en couple', 'Lactose', 'B', 'Negatif', NULL, NULL),
(403, 'marie', 'Lactose', 'B', 'Negatif', NULL, NULL),
(404, 'en couple', 'Lactose', 'A', 'Negatif', NULL, NULL),
(405, 'en couple', 'Arachides', 'A', 'Negatif', NULL, NULL),
(406, 'celibataire', 'Arachides', 'B', 'Negatif', NULL, NULL),
(407, 'en couple', 'Pollen', 'B', 'Positif', NULL, NULL),
(408, 'en couple', 'Pollen', 'O', 'Negatif', NULL, NULL),
(409, 'celibataire', 'Pollen', 'A', 'Negatif', NULL, NULL),
(410, 'en couple', 'Lactose', 'AB', 'Negatif', NULL, NULL),
(411, 'celibataire', 'Arachides', 'AB', 'Negatif', NULL, NULL),
(412, 'en couple', 'Arachides', 'O', 'Negatif', NULL, NULL),
(413, 'en couple', 'Lactose', 'O', 'Positif', NULL, NULL),
(414, 'celibataire', 'Lactose', 'AB', 'Positif', NULL, NULL),
(415, 'marie', 'Lactose', 'B', 'Positif', NULL, NULL),
(416, 'celibataire', 'Arachides', 'A', 'Negatif', NULL, NULL),
(417, 'en couple', 'Acariens', 'O', 'Negatif', NULL, NULL),
(418, 'en couple', 'Pollen', 'B', 'Negatif', NULL, NULL),
(419, 'en couple', 'Arachides', 'AB', 'Positif', NULL, NULL),
(420, 'en couple', 'Acariens', 'A', 'Positif', NULL, NULL),
(421, 'marie', 'Lactose', 'A', 'Negatif', NULL, NULL),
(422, 'marie', 'Pollen', 'AB', 'Positif', NULL, NULL),
(423, 'celibataire', 'Lactose', 'A', 'Positif', NULL, NULL),
(424, 'celibataire', 'Acariens', 'AB', 'Positif', NULL, NULL),
(425, 'en couple', 'Lactose', 'O', 'Positif', NULL, NULL),
(426, 'marie', 'Pollen', 'O', 'Positif', NULL, NULL),
(427, 'en couple', 'Lactose', 'AB', 'Positif', NULL, NULL),
(428, 'en couple', 'Lactose', 'A', 'Positif', NULL, NULL),
(429, 'en couple', 'Arachides', 'AB', 'Negatif', NULL, NULL),
(430, 'celibataire', 'Arachides', 'A', 'Positif', NULL, NULL),
(431, 'en couple', 'Lactose', 'O', 'Positif', NULL, NULL),
(432, 'marie', 'Arachides', 'A', 'Negatif', NULL, NULL),
(433, 'celibataire', 'Pollen', 'B', 'Positif', NULL, NULL),
(434, 'celibataire', 'Acariens', 'A', 'Negatif', NULL, NULL),
(435, 'marie', 'Arachides', 'AB', 'Positif', NULL, NULL),
(436, 'marie', 'Arachides', 'AB', 'Negatif', NULL, NULL),
(437, 'en couple', 'Pollen', 'AB', 'Positif', NULL, NULL),
(438, 'marie', 'Acariens', 'B', 'Positif', NULL, NULL),
(439, 'celibataire', 'Pollen', 'B', 'Negatif', NULL, NULL),
(440, 'marie', 'Acariens', 'O', 'Negatif', NULL, NULL),
(441, 'celibataire', 'Arachides', 'B', 'Positif', NULL, NULL),
(442, 'celibataire', 'Pollen', 'O', 'Positif', NULL, NULL),
(443, 'celibataire', 'Pollen', 'B', 'Negatif', NULL, NULL),
(444, 'marie', 'Pollen', 'A', 'Negatif', NULL, NULL),
(445, 'celibataire', 'Lactose', 'O', 'Positif', NULL, NULL),
(446, 'celibataire', 'Pollen', 'A', 'Positif', NULL, NULL),
(447, 'celibataire', 'Acariens', 'O', 'Positif', NULL, NULL),
(448, 'en couple', 'Arachides', 'AB', 'Positif', NULL, NULL),
(449, 'en couple', 'Arachides', 'AB', 'Negatif', NULL, NULL),
(450, 'marie', 'Acariens', 'B', 'Positif', NULL, NULL),
(451, 'en couple', 'Arachides', 'A', 'Negatif', NULL, NULL),
(452, 'en couple', 'Pollen', 'AB', 'Positif', NULL, NULL),
(453, 'marie', 'Lactose', 'AB', 'Positif', NULL, NULL),
(454, 'marie', 'Acariens', 'AB', 'Negatif', NULL, NULL),
(455, 'marie', 'Pollen', 'B', 'Positif', NULL, NULL),
(456, 'en couple', 'Acariens', 'AB', 'Negatif', NULL, NULL),
(457, 'en couple', 'Pollen', 'B', 'Positif', NULL, NULL),
(458, 'en couple', 'Pollen', 'B', 'Positif', NULL, NULL),
(459, 'celibataire', 'Acariens', 'AB', 'Positif', NULL, NULL),
(460, 'marie', 'Acariens', 'B', 'Negatif', NULL, NULL),
(461, 'marie', 'Lactose', 'AB', 'Negatif', NULL, NULL),
(462, 'en couple', 'Arachides', 'AB', 'Positif', NULL, NULL),
(463, 'celibataire', 'Arachides', 'AB', 'Negatif', NULL, NULL),
(464, 'celibataire', 'Lactose', 'AB', 'Positif', NULL, NULL),
(465, 'en couple', 'Acariens', 'B', 'Positif', NULL, NULL),
(466, 'en couple', 'Pollen', 'A', 'Positif', NULL, NULL),
(467, 'marie', 'Lactose', 'A', 'Negatif', NULL, NULL),
(468, 'celibataire', 'Acariens', 'B', 'Negatif', NULL, NULL),
(469, 'celibataire', 'Lactose', 'B', 'Positif', NULL, NULL),
(470, 'en couple', 'Pollen', 'B', 'Negatif', NULL, NULL),
(471, 'celibataire', 'Pollen', 'AB', 'Negatif', NULL, NULL),
(472, 'marie', 'Arachides', 'O', 'Positif', NULL, NULL),
(473, 'en couple', 'Arachides', 'O', 'Negatif', NULL, NULL),
(474, 'marie', 'Arachides', 'B', 'Positif', NULL, NULL),
(475, 'en couple', 'Lactose', 'AB', 'Negatif', NULL, NULL),
(476, 'celibataire', 'Acariens', 'B', 'Negatif', NULL, NULL),
(477, 'celibataire', 'Pollen', 'A', 'Negatif', NULL, NULL),
(478, 'celibataire', 'Lactose', 'O', 'Negatif', NULL, NULL),
(479, 'en couple', 'Pollen', 'O', 'Negatif', NULL, NULL),
(480, 'marie', 'Pollen', 'B', 'Positif', NULL, NULL),
(481, 'celibataire', 'Lactose', 'AB', 'Negatif', NULL, NULL),
(482, 'celibataire', 'Arachides', 'B', 'Negatif', NULL, NULL),
(483, 'celibataire', 'Pollen', 'O', 'Negatif', NULL, NULL),
(484, 'marie', 'Acariens', 'AB', 'Negatif', NULL, NULL),
(485, 'celibataire', 'Arachides', 'B', 'Positif', NULL, NULL),
(486, 'marie', 'Lactose', 'O', 'Negatif', NULL, NULL),
(487, 'celibataire', 'Arachides', 'O', 'Positif', NULL, NULL),
(488, 'marie', 'Acariens', 'O', 'Positif', NULL, NULL),
(489, 'celibataire', 'Lactose', 'O', 'Negatif', NULL, NULL),
(490, 'celibataire', 'Acariens', 'O', 'Positif', NULL, NULL),
(491, 'marie', 'Acariens', 'O', 'Negatif', NULL, NULL),
(492, 'celibataire', 'Acariens', 'O', 'Negatif', NULL, NULL),
(493, 'celibataire', 'Lactose', 'A', 'Negatif', NULL, NULL),
(494, 'celibataire', 'Pollen', 'AB', 'Negatif', NULL, NULL),
(495, 'celibataire', 'Acariens', 'AB', 'Negatif', NULL, NULL),
(496, 'marie', 'Lactose', 'B', 'Negatif', NULL, NULL),
(497, 'celibataire', 'Arachides', 'B', 'Positif', NULL, NULL),
(498, 'en couple', 'Acariens', 'A', 'Positif', NULL, NULL),
(499, 'marie', 'Lactose', 'O', 'Negatif', NULL, NULL),
(500, 'celibataire', 'Pollen', 'B', 'Positif', NULL, NULL),
(501, 'celibataire', 'Lactose', 'A', 'Positif', NULL, NULL),
(502, 'celibataire', 'Pollen', 'O', 'Positif', NULL, NULL),
(503, 'marie', 'Acariens', 'B', 'Positif', NULL, NULL),
(504, 'marie', 'Lactose', 'A', 'Positif', NULL, NULL),
(505, 'marie', 'Pollen', 'AB', 'Positif', NULL, NULL),
(506, 'celibataire', 'Lactose', 'A', 'Negatif', NULL, NULL),
(507, 'en couple', 'Pollen', 'O', 'Negatif', NULL, NULL),
(508, 'marie', 'Pollen', 'A', 'Negatif', NULL, NULL),
(509, 'celibataire', 'Arachides', 'AB', 'Negatif', NULL, NULL),
(510, 'celibataire', 'Acariens', 'O', 'Negatif', NULL, NULL),
(511, 'en couple', 'Pollen', 'O', 'Negatif', NULL, NULL),
(512, 'en couple', 'Lactose', 'A', 'Negatif', NULL, NULL),
(513, 'en couple', 'Arachides', 'O', 'Negatif', NULL, NULL),
(514, 'en couple', 'Lactose', 'AB', 'Positif', NULL, NULL),
(515, 'celibataire', 'Lactose', 'AB', 'Negatif', NULL, NULL),
(516, 'en couple', 'Arachides', 'O', 'Negatif', NULL, NULL),
(517, 'marie', 'Pollen', 'AB', 'Positif', NULL, NULL),
(518, 'marie', 'Acariens', 'B', 'Positif', NULL, NULL),
(519, 'celibataire', 'Arachides', 'B', 'Positif', NULL, NULL),
(520, 'en couple', 'Lactose', 'B', 'Negatif', NULL, NULL),
(521, 'en couple', 'Lactose', 'AB', 'Positif', NULL, NULL),
(522, 'marie', 'Arachides', 'O', 'Positif', NULL, NULL),
(523, 'marie', 'Arachides', 'B', 'Negatif', NULL, NULL),
(524, 'en couple', 'Lactose', 'AB', 'Positif', NULL, NULL),
(525, 'celibataire', 'Arachides', 'O', 'Negatif', NULL, NULL),
(526, 'marie', 'Lactose', 'AB', 'Positif', NULL, NULL),
(527, 'en couple', 'Pollen', 'O', 'Negatif', NULL, NULL),
(528, 'celibataire', 'Lactose', 'B', 'Positif', NULL, NULL),
(529, 'marie', 'Lactose', 'O', 'Negatif', NULL, NULL),
(530, 'celibataire', 'Lactose', 'AB', 'Negatif', NULL, NULL),
(531, 'en couple', 'Lactose', 'A', 'Negatif', NULL, NULL),
(532, 'celibataire', 'Acariens', 'O', 'Positif', NULL, NULL),
(533, 'en couple', 'Lactose', 'B', 'Positif', NULL, NULL),
(534, 'celibataire', 'Acariens', 'AB', 'Positif', NULL, NULL),
(535, 'celibataire', 'Arachides', 'A', 'Positif', NULL, NULL),
(536, 'en couple', 'Lactose', 'O', 'Negatif', NULL, NULL),
(537, 'celibataire', 'Lactose', 'B', 'Positif', NULL, NULL),
(538, 'en couple', 'Arachides', 'A', 'Positif', NULL, NULL),
(539, 'en couple', 'Pollen', 'AB', 'Negatif', NULL, NULL),
(540, 'en couple', 'Arachides', 'O', 'Negatif', NULL, NULL),
(541, 'celibataire', 'Lactose', 'B', 'Positif', NULL, NULL),
(542, 'marie', 'Lactose', 'A', 'Positif', NULL, NULL),
(543, 'en couple', 'Lactose', 'B', 'Negatif', NULL, NULL),
(544, 'en couple', 'Acariens', 'B', 'Negatif', NULL, NULL),
(545, 'en couple', 'Pollen', 'B', 'Negatif', NULL, NULL),
(546, 'celibataire', 'Lactose', 'A', 'Negatif', NULL, NULL),
(547, 'celibataire', 'Acariens', 'O', 'Negatif', NULL, NULL),
(548, 'marie', 'Lactose', 'B', 'Negatif', NULL, NULL),
(549, 'celibataire', 'Arachides', 'O', 'Positif', NULL, NULL),
(550, 'marie', 'Pollen', 'B', 'Positif', NULL, NULL),
(551, 'marie', 'Arachides', 'B', 'Positif', NULL, NULL),
(552, 'celibataire', 'Acariens', 'O', 'Positif', NULL, NULL),
(553, 'celibataire', 'Lactose', 'O', 'Negatif', NULL, NULL),
(554, 'en couple', 'Lactose', 'O', 'Negatif', NULL, NULL),
(555, 'marie', 'Acariens', 'A', 'Negatif', NULL, NULL),
(556, 'celibataire', 'Pollen', 'AB', 'Positif', NULL, NULL),
(557, 'marie', 'Acariens', 'AB', 'Negatif', NULL, NULL),
(558, 'celibataire', 'Acariens', 'A', 'Negatif', NULL, NULL),
(559, 'en couple', 'Pollen', 'B', 'Negatif', NULL, NULL),
(560, 'celibataire', 'Pollen', 'AB', 'Negatif', NULL, NULL),
(561, 'en couple', 'Acariens', 'AB', 'Negatif', NULL, NULL),
(562, 'marie', 'Acariens', 'B', 'Negatif', NULL, NULL),
(563, 'en couple', 'Pollen', 'B', 'Negatif', NULL, NULL),
(564, 'celibataire', 'Lactose', 'B', 'Positif', NULL, NULL),
(565, 'en couple', 'Pollen', 'O', 'Negatif', NULL, NULL),
(566, 'celibataire', 'Arachides', 'AB', 'Positif', NULL, NULL),
(567, 'marie', 'Arachides', 'A', 'Negatif', NULL, NULL),
(568, 'celibataire', 'Arachides', 'AB', 'Negatif', NULL, NULL),
(569, 'marie', 'Acariens', 'AB', 'Negatif', NULL, NULL),
(570, 'marie', 'Acariens', 'B', 'Negatif', NULL, NULL),
(571, 'celibataire', 'Acariens', 'B', 'Negatif', NULL, NULL),
(572, 'marie', 'Pollen', 'A', 'Negatif', NULL, NULL),
(573, 'celibataire', 'Arachides', 'B', 'Positif', NULL, NULL),
(574, 'en couple', 'Arachides', 'AB', 'Positif', NULL, NULL),
(575, 'celibataire', 'Pollen', 'O', 'Negatif', NULL, NULL),
(576, 'en couple', 'Lactose', 'AB', 'Positif', NULL, NULL),
(577, 'marie', 'Lactose', 'A', 'Positif', NULL, NULL),
(578, 'marie', 'Arachides', 'O', 'Negatif', NULL, NULL),
(579, 'en couple', 'Acariens', 'B', 'Positif', NULL, NULL),
(580, 'en couple', 'Acariens', 'O', 'Negatif', NULL, NULL),
(581, 'marie', 'Arachides', 'B', 'Negatif', NULL, NULL),
(582, 'celibataire', 'Acariens', 'B', 'Negatif', NULL, NULL),
(583, 'celibataire', 'Acariens', 'AB', 'Positif', NULL, NULL),
(584, 'en couple', 'Pollen', 'O', 'Positif', NULL, NULL),
(585, 'celibataire', 'Pollen', 'A', 'Negatif', NULL, NULL),
(586, 'celibataire', 'Lactose', 'A', 'Positif', NULL, NULL),
(587, 'en couple', 'Pollen', 'A', 'Negatif', NULL, NULL),
(588, 'celibataire', 'Arachides', 'O', 'Negatif', NULL, NULL),
(589, 'marie', 'Pollen', 'O', 'Negatif', NULL, NULL),
(590, 'marie', 'Acariens', 'O', 'Negatif', NULL, NULL),
(591, 'en couple', 'Acariens', 'A', 'Positif', NULL, NULL),
(592, 'celibataire', 'Arachides', 'B', 'Negatif', NULL, NULL),
(593, 'en couple', 'Lactose', 'B', 'Positif', NULL, NULL),
(594, 'marie', 'Pollen', 'A', 'Positif', NULL, NULL),
(595, 'celibataire', 'Lactose', 'O', 'Positif', NULL, NULL),
(596, 'celibataire', 'Pollen', 'A', 'Positif', NULL, NULL),
(597, 'marie', 'Lactose', 'AB', 'Positif', NULL, NULL),
(598, 'en couple', 'Lactose', 'O', 'Positif', NULL, NULL),
(599, 'marie', 'Arachides', 'AB', 'Negatif', NULL, NULL),
(600, 'celibataire', 'Acariens', 'O', 'Negatif', NULL, NULL),
(601, 'celibataire', 'Acariens', 'A', 'Positif', NULL, NULL),
(602, 'marie', 'Arachides', 'O', 'Negatif', NULL, NULL),
(603, 'en couple', 'Arachides', 'B', 'Positif', NULL, NULL),
(604, 'marie', 'Acariens', 'B', 'Negatif', NULL, NULL),
(605, 'celibataire', 'Acariens', 'AB', 'Negatif', NULL, NULL),
(606, 'marie', 'Acariens', 'B', 'Positif', NULL, NULL),
(607, 'en couple', 'Pollen', 'O', 'Positif', NULL, NULL),
(608, 'celibataire', 'Arachides', 'B', 'Positif', NULL, NULL),
(609, 'en couple', 'Acariens', 'B', 'Negatif', NULL, NULL),
(610, 'celibataire', 'Acariens', 'O', 'Negatif', NULL, NULL),
(611, 'celibataire', 'Lactose', 'A', 'Positif', NULL, NULL),
(612, 'celibataire', 'Lactose', 'O', 'Positif', NULL, NULL),
(613, 'en couple', 'Pollen', 'A', 'Negatif', NULL, NULL),
(614, 'celibataire', 'Lactose', 'AB', 'Negatif', NULL, NULL),
(615, 'celibataire', 'Pollen', 'A', 'Positif', NULL, NULL),
(616, 'celibataire', 'Acariens', 'A', 'Positif', NULL, NULL),
(617, 'en couple', 'Lactose', 'O', 'Positif', NULL, NULL),
(618, 'marie', 'Pollen', 'O', 'Negatif', NULL, NULL),
(619, 'celibataire', 'Acariens', 'B', 'Positif', NULL, NULL),
(620, 'celibataire', 'Arachides', 'B', 'Negatif', NULL, NULL),
(621, 'marie', 'Pollen', 'A', 'Positif', NULL, NULL),
(622, 'marie', 'Acariens', 'AB', 'Negatif', NULL, NULL),
(623, 'marie', 'Lactose', 'A', 'Positif', NULL, NULL),
(624, 'celibataire', 'Lactose', 'A', 'Negatif', NULL, NULL),
(625, 'celibataire', 'Pollen', 'AB', 'Positif', NULL, NULL),
(626, 'en couple', 'Pollen', 'B', 'Positif', NULL, NULL),
(627, 'marie', 'Lactose', 'AB', 'Negatif', NULL, NULL),
(628, 'celibataire', 'Arachides', 'A', 'Negatif', NULL, NULL),
(629, 'en couple', 'Lactose', 'B', 'Negatif', NULL, NULL),
(630, 'marie', 'Lactose', 'A', 'Positif', NULL, NULL),
(631, 'marie', 'Pollen', 'A', 'Positif', NULL, NULL),
(632, 'celibataire', 'Pollen', 'A', 'Negatif', NULL, NULL),
(633, 'celibataire', 'Lactose', 'O', 'Negatif', NULL, NULL),
(634, 'celibataire', 'Arachides', 'B', 'Positif', NULL, NULL),
(635, 'celibataire', 'Lactose', 'O', 'Negatif', NULL, NULL),
(636, 'en couple', 'Pollen', 'A', 'Negatif', NULL, NULL),
(637, 'celibataire', 'Arachides', 'A', 'Negatif', NULL, NULL),
(638, 'marie', 'Acariens', 'B', 'Positif', NULL, NULL),
(639, 'en couple', 'Pollen', 'A', 'Positif', NULL, NULL),
(640, 'celibataire', 'Acariens', 'B', 'Positif', NULL, NULL),
(641, 'celibataire', 'Lactose', 'AB', 'Positif', NULL, NULL),
(642, 'celibataire', 'Pollen', 'B', 'Negatif', NULL, NULL),
(643, 'en couple', 'Acariens', 'O', 'Negatif', NULL, NULL),
(644, 'celibataire', 'Pollen', 'A', 'Positif', NULL, NULL),
(645, 'marie', 'Lactose', 'B', 'Positif', NULL, NULL),
(646, 'en couple', 'Acariens', 'B', 'Negatif', NULL, NULL),
(647, 'marie', 'Arachides', 'O', 'Positif', NULL, NULL),
(648, 'en couple', 'Lactose', 'AB', 'Positif', NULL, NULL),
(649, 'celibataire', 'Lactose', 'AB', 'Positif', NULL, NULL),
(650, 'celibataire', 'Lactose', 'AB', 'Negatif', NULL, NULL),
(651, 'marie', 'Lactose', 'O', 'Positif', NULL, NULL),
(652, 'en couple', 'Pollen', 'A', 'Positif', NULL, NULL),
(653, 'marie', 'Lactose', 'O', 'Negatif', NULL, NULL),
(654, 'en couple', 'Arachides', 'O', 'Negatif', NULL, NULL),
(655, 'en couple', 'Acariens', 'B', 'Positif', NULL, NULL),
(656, 'marie', 'Arachides', 'A', 'Negatif', NULL, NULL),
(657, 'en couple', 'Arachides', 'A', 'Negatif', NULL, NULL),
(658, 'marie', 'Lactose', 'O', 'Positif', NULL, NULL),
(659, 'celibataire', 'Lactose', 'AB', 'Positif', NULL, NULL),
(660, 'marie', 'Pollen', 'AB', 'Negatif', NULL, NULL),
(661, 'marie', 'Lactose', 'AB', 'Negatif', NULL, NULL),
(662, 'marie', 'Arachides', 'O', 'Positif', NULL, NULL),
(663, 'celibataire', 'Lactose', 'O', 'Positif', NULL, NULL),
(664, 'celibataire', 'Arachides', 'AB', 'Positif', NULL, NULL),
(665, 'en couple', 'Pollen', 'O', 'Negatif', NULL, NULL),
(666, 'marie', 'Pollen', 'B', 'Positif', NULL, NULL),
(667, 'en couple', 'Lactose', 'B', 'Positif', NULL, NULL),
(668, 'marie', 'Arachides', 'O', 'Negatif', NULL, NULL),
(669, 'celibataire', 'Arachides', 'O', 'Positif', NULL, NULL),
(670, 'marie', 'Acariens', 'AB', 'Negatif', NULL, NULL),
(671, 'en couple', 'Lactose', 'B', 'Positif', NULL, NULL),
(672, 'en couple', 'Pollen', 'B', 'Positif', NULL, NULL),
(673, 'celibataire', 'Arachides', 'A', 'Negatif', NULL, NULL),
(674, 'celibataire', 'Pollen', 'O', 'Negatif', NULL, NULL),
(675, 'marie', 'Pollen', 'A', 'Negatif', NULL, NULL),
(676, 'marie', 'Arachides', 'AB', 'Positif', NULL, NULL),
(677, 'celibataire', 'Acariens', 'AB', 'Positif', NULL, NULL),
(678, 'en couple', 'Acariens', 'A', 'Negatif', NULL, NULL),
(679, 'celibataire', 'Pollen', 'O', 'Positif', NULL, NULL),
(680, 'marie', 'Pollen', 'B', 'Positif', NULL, NULL),
(681, 'en couple', 'Lactose', 'AB', 'Positif', NULL, NULL),
(682, 'marie', 'Acariens', 'O', 'Negatif', NULL, NULL),
(683, 'marie', 'Pollen', 'AB', 'Negatif', NULL, NULL),
(684, 'celibataire', 'Lactose', 'A', 'Positif', NULL, NULL),
(685, 'celibataire', 'Pollen', 'AB', 'Positif', NULL, NULL),
(686, 'celibataire', 'Lactose', 'A', 'Positif', NULL, NULL),
(687, 'celibataire', 'Acariens', 'O', 'Positif', NULL, NULL),
(688, 'celibataire', 'Pollen', 'B', 'Positif', NULL, NULL),
(689, 'celibataire', 'Lactose', 'AB', 'Negatif', NULL, NULL),
(690, 'celibataire', 'Pollen', 'B', 'Positif', NULL, NULL),
(691, 'celibataire', 'Pollen', 'A', 'Negatif', NULL, NULL),
(692, 'marie', 'Acariens', 'A', 'Negatif', NULL, NULL),
(693, 'en couple', 'Arachides', 'A', 'Negatif', NULL, NULL),
(694, 'en couple', 'Acariens', 'O', 'Negatif', NULL, NULL),
(695, 'celibataire', 'Acariens', 'A', 'Negatif', NULL, NULL),
(696, 'marie', 'Pollen', 'AB', 'Positif', NULL, NULL),
(697, 'celibataire', 'Arachides', 'A', 'Negatif', NULL, NULL),
(698, 'marie', 'Acariens', 'AB', 'Positif', NULL, NULL),
(699, 'celibataire', 'Arachides', 'B', 'Negatif', NULL, NULL),
(700, 'celibataire', 'Pollen', 'A', 'Negatif', NULL, NULL),
(701, 'marie', 'Pollen', 'O', 'Positif', NULL, NULL),
(702, 'marie', 'Lactose', 'A', 'Negatif', NULL, NULL),
(703, 'en couple', 'Pollen', 'A', 'Positif', NULL, NULL),
(704, 'en couple', 'Pollen', 'O', 'Negatif', NULL, NULL),
(705, 'marie', 'Acariens', 'O', 'Positif', NULL, NULL),
(706, 'celibataire', 'Pollen', 'AB', 'Negatif', NULL, NULL),
(707, 'marie', 'Pollen', 'AB', 'Positif', NULL, NULL),
(708, 'celibataire', 'Lactose', 'A', 'Positif', NULL, NULL),
(709, 'celibataire', 'Acariens', 'A', 'Positif', NULL, NULL),
(710, 'marie', 'Acariens', 'A', 'Positif', NULL, NULL),
(711, 'celibataire', 'Lactose', 'O', 'Positif', NULL, NULL),
(712, 'celibataire', 'Pollen', 'B', 'Positif', NULL, NULL),
(713, 'celibataire', 'Pollen', 'A', 'Positif', NULL, NULL),
(714, 'celibataire', 'Acariens', 'A', 'Negatif', NULL, NULL),
(715, 'celibataire', 'Pollen', 'AB', 'Negatif', NULL, NULL),
(716, 'marie', 'Acariens', 'B', 'Negatif', NULL, NULL),
(717, 'celibataire', 'Arachides', 'O', 'Negatif', NULL, NULL),
(718, 'celibataire', 'Lactose', 'O', 'Negatif', NULL, NULL),
(719, 'marie', 'Lactose', 'AB', 'Negatif', NULL, NULL),
(720, 'celibataire', 'Arachides', 'O', 'Negatif', NULL, NULL),
(721, 'marie', 'Arachides', 'AB', 'Positif', NULL, NULL),
(722, 'marie', 'Pollen', 'B', 'Negatif', NULL, NULL),
(723, 'en couple', 'Arachides', 'AB', 'Positif', NULL, NULL),
(724, 'marie', 'Arachides', 'O', 'Negatif', NULL, NULL),
(725, 'en couple', 'Lactose', 'O', 'Negatif', NULL, NULL),
(726, 'marie', 'Pollen', 'A', 'Positif', NULL, NULL),
(727, 'en couple', 'Lactose', 'B', 'Negatif', NULL, NULL),
(728, 'celibataire', 'Lactose', 'AB', 'Negatif', NULL, NULL),
(729, 'en couple', 'Arachides', 'AB', 'Negatif', NULL, NULL),
(730, 'marie', 'Pollen', 'A', 'Positif', NULL, NULL),
(731, 'en couple', 'Pollen', 'B', 'Positif', NULL, NULL),
(732, 'en couple', 'Acariens', 'B', 'Negatif', NULL, NULL),
(733, 'celibataire', 'Acariens', 'A', 'Negatif', NULL, NULL),
(734, 'en couple', 'Acariens', 'O', 'Positif', NULL, NULL),
(735, 'marie', 'Pollen', 'O', 'Negatif', NULL, NULL),
(736, 'en couple', 'Acariens', 'AB', 'Negatif', NULL, NULL),
(737, 'celibataire', 'Acariens', 'O', 'Negatif', NULL, NULL),
(738, 'marie', 'Lactose', 'AB', 'Negatif', NULL, NULL),
(739, 'celibataire', 'Acariens', 'A', 'Negatif', NULL, NULL),
(740, 'marie', 'Arachides', 'A', 'Negatif', NULL, NULL),
(741, 'en couple', 'Lactose', 'O', 'Positif', NULL, NULL),
(742, 'en couple', 'Arachides', 'AB', 'Positif', NULL, NULL),
(743, 'celibataire', 'Acariens', 'B', 'Positif', NULL, NULL),
(744, 'celibataire', 'Pollen', 'AB', 'Negatif', NULL, NULL),
(745, 'marie', 'Lactose', 'AB', 'Negatif', NULL, NULL),
(746, 'celibataire', 'Lactose', 'O', 'Positif', NULL, NULL),
(747, 'en couple', 'Pollen', 'O', 'Positif', NULL, NULL),
(748, 'en couple', 'Acariens', 'O', 'Negatif', NULL, NULL),
(749, 'celibataire', 'Arachides', 'A', 'Positif', NULL, NULL),
(750, 'celibataire', 'Arachides', 'AB', 'Positif', NULL, NULL),
(751, 'marie', 'Pollen', 'O', 'Negatif', NULL, NULL),
(752, 'en couple', 'Arachides', 'AB', 'Positif', NULL, NULL),
(753, 'celibataire', 'Acariens', 'O', 'Positif', NULL, NULL),
(754, 'en couple', 'Pollen', 'AB', 'Negatif', NULL, NULL),
(755, 'marie', 'Lactose', 'B', 'Positif', NULL, NULL),
(756, 'marie', 'Lactose', 'O', 'Positif', NULL, NULL),
(757, 'celibataire', 'Acariens', 'O', 'Positif', NULL, NULL),
(758, 'celibataire', 'Pollen', 'AB', 'Negatif', NULL, NULL),
(759, 'celibataire', 'Arachides', 'A', 'Positif', NULL, NULL),
(760, 'en couple', 'Acariens', 'O', 'Negatif', NULL, NULL),
(761, 'marie', 'Acariens', 'B', 'Positif', NULL, NULL),
(762, 'marie', 'Pollen', 'O', 'Negatif', NULL, NULL),
(763, 'en couple', 'Arachides', 'O', 'Positif', NULL, NULL),
(764, 'celibataire', 'Pollen', 'A', 'Negatif', NULL, NULL),
(765, 'en couple', 'Pollen', 'AB', 'Negatif', NULL, NULL),
(766, 'marie', 'Pollen', 'O', 'Positif', NULL, NULL),
(767, 'marie', 'Pollen', 'A', 'Negatif', NULL, NULL),
(768, 'marie', 'Arachides', 'B', 'Positif', NULL, NULL),
(769, 'marie', 'Acariens', 'A', 'Positif', NULL, NULL),
(770, 'marie', 'Acariens', 'O', 'Negatif', NULL, NULL),
(771, 'en couple', 'Arachides', 'A', 'Positif', NULL, NULL),
(772, 'celibataire', 'Acariens', 'B', 'Negatif', NULL, NULL),
(773, 'en couple', 'Pollen', 'A', 'Negatif', NULL, NULL),
(774, 'marie', 'Acariens', 'A', 'Negatif', NULL, NULL),
(775, 'marie', 'Pollen', 'A', 'Positif', NULL, NULL),
(776, 'celibataire', 'Acariens', 'O', 'Positif', NULL, NULL),
(777, 'celibataire', 'Lactose', 'AB', 'Negatif', NULL, NULL),
(778, 'celibataire', 'Acariens', 'AB', 'Positif', NULL, NULL),
(779, 'en couple', 'Acariens', 'B', 'Positif', NULL, NULL),
(780, 'marie', 'Lactose', 'AB', 'Positif', NULL, NULL),
(781, 'en couple', 'Pollen', 'O', 'Positif', NULL, NULL),
(782, 'marie', 'Pollen', 'O', 'Positif', NULL, NULL),
(783, 'celibataire', 'Arachides', 'A', 'Negatif', NULL, NULL),
(784, 'en couple', 'Arachides', 'AB', 'Positif', NULL, NULL),
(785, 'marie', 'Pollen', 'A', 'Negatif', NULL, NULL),
(786, 'celibataire', 'Lactose', 'O', 'Positif', NULL, NULL),
(787, 'marie', 'Arachides', 'B', 'Positif', NULL, NULL),
(788, 'marie', 'Arachides', 'A', 'Positif', NULL, NULL),
(789, 'celibataire', 'Lactose', 'O', 'Negatif', NULL, NULL),
(790, 'marie', 'Acariens', 'A', 'Positif', NULL, NULL),
(791, 'marie', 'Acariens', 'O', 'Positif', NULL, NULL),
(792, 'marie', 'Acariens', 'AB', 'Positif', NULL, NULL),
(793, 'en couple', 'Arachides', 'B', 'Negatif', NULL, NULL),
(794, 'marie', 'Acariens', 'O', 'Negatif', NULL, NULL),
(795, 'en couple', 'Arachides', 'B', 'Positif', NULL, NULL),
(796, 'celibataire', 'Arachides', 'O', 'Negatif', NULL, NULL),
(797, 'celibataire', 'Pollen', 'B', 'Positif', NULL, NULL),
(798, 'en couple', 'Pollen', 'B', 'Positif', NULL, NULL),
(799, 'celibataire', 'Lactose', 'AB', 'Negatif', NULL, NULL),
(800, 'celibataire', 'Lactose', 'AB', 'Positif', NULL, NULL),
(801, 'marie', 'Lactose', 'O', 'Negatif', NULL, NULL),
(802, 'celibataire', 'Acariens', 'AB', 'Negatif', NULL, NULL),
(803, 'marie', 'Lactose', 'B', 'Positif', NULL, NULL),
(804, 'marie', 'Pollen', 'AB', 'Negatif', NULL, NULL),
(805, 'marie', 'Arachides', 'B', 'Negatif', NULL, NULL),
(806, 'celibataire', 'Acariens', 'O', 'Negatif', NULL, NULL),
(807, 'celibataire', 'Acariens', 'A', 'Positif', NULL, NULL),
(808, 'celibataire', 'Pollen', 'AB', 'Negatif', NULL, NULL),
(809, 'en couple', 'Lactose', 'AB', 'Positif', NULL, NULL),
(810, 'marie', 'Pollen', 'AB', 'Positif', NULL, NULL),
(811, 'en couple', 'Pollen', 'A', 'Negatif', NULL, NULL),
(812, 'en couple', 'Pollen', 'AB', 'Positif', NULL, NULL),
(813, 'celibataire', 'Lactose', 'AB', 'Positif', NULL, NULL),
(814, 'marie', 'Arachides', 'A', 'Positif', NULL, NULL),
(815, 'en couple', 'Arachides', 'AB', 'Negatif', NULL, NULL),
(816, 'en couple', 'Acariens', 'O', 'Positif', NULL, NULL),
(817, 'marie', 'Pollen', 'O', 'Negatif', NULL, NULL),
(818, 'en couple', 'Pollen', 'AB', 'Positif', NULL, NULL),
(819, 'marie', 'Pollen', 'O', 'Positif', NULL, NULL),
(820, 'marie', 'Pollen', 'O', 'Positif', NULL, NULL),
(821, 'en couple', 'Arachides', 'B', 'Positif', NULL, NULL),
(822, 'en couple', 'Arachides', 'A', 'Negatif', NULL, NULL),
(823, 'en couple', 'Pollen', 'O', 'Negatif', NULL, NULL),
(824, 'celibataire', 'Lactose', 'B', 'Positif', NULL, NULL),
(825, 'celibataire', 'Lactose', 'AB', 'Positif', NULL, NULL),
(826, 'en couple', 'Lactose', 'A', 'Negatif', NULL, NULL),
(827, 'celibataire', 'Pollen', 'B', 'Positif', NULL, NULL),
(828, 'en couple', 'Pollen', 'A', 'Negatif', NULL, NULL),
(829, 'en couple', 'Pollen', 'B', 'Negatif', NULL, NULL),
(830, 'celibataire', 'Lactose', 'O', 'Positif', NULL, NULL),
(831, 'en couple', 'Pollen', 'A', 'Negatif', NULL, NULL),
(832, 'celibataire', 'Arachides', 'O', 'Negatif', NULL, NULL),
(833, 'marie', 'Pollen', 'AB', 'Positif', NULL, NULL),
(834, 'marie', 'Lactose', 'B', 'Negatif', NULL, NULL),
(835, 'marie', 'Lactose', 'O', 'Negatif', NULL, NULL),
(836, 'marie', 'Arachides', 'B', 'Negatif', NULL, NULL),
(837, 'marie', 'Arachides', 'O', 'Positif', NULL, NULL),
(838, 'celibataire', 'Acariens', 'A', 'Positif', NULL, NULL),
(839, 'en couple', 'Arachides', 'B', 'Positif', NULL, NULL),
(840, 'marie', 'Arachides', 'AB', 'Positif', NULL, NULL),
(841, 'celibataire', 'Pollen', 'O', 'Negatif', NULL, NULL),
(842, 'en couple', 'Pollen', 'A', 'Positif', NULL, NULL),
(843, 'en couple', 'Arachides', 'A', 'Positif', NULL, NULL),
(844, 'marie', 'Arachides', 'O', 'Negatif', NULL, NULL),
(845, 'celibataire', 'Lactose', 'O', 'Positif', NULL, NULL),
(846, 'celibataire', 'Arachides', 'O', 'Positif', NULL, NULL),
(847, 'marie', 'Pollen', 'B', 'Positif', NULL, NULL),
(848, 'celibataire', 'Pollen', 'AB', 'Positif', NULL, NULL),
(849, 'marie', 'Pollen', 'O', 'Positif', NULL, NULL),
(850, 'celibataire', 'Pollen', 'AB', 'Negatif', NULL, NULL),
(851, 'celibataire', 'Arachides', 'B', 'Negatif', NULL, NULL),
(852, 'en couple', 'Lactose', 'AB', 'Positif', NULL, NULL),
(853, 'en couple', 'Acariens', 'A', 'Positif', NULL, NULL),
(854, 'marie', 'Arachides', 'B', 'Positif', NULL, NULL),
(855, 'en couple', 'Acariens', 'B', 'Negatif', NULL, NULL),
(856, 'celibataire', 'Pollen', 'AB', 'Negatif', NULL, NULL),
(857, 'celibataire', 'Lactose', 'O', 'Positif', NULL, NULL),
(858, 'marie', 'Acariens', 'AB', 'Negatif', NULL, NULL),
(859, 'marie', 'Lactose', 'B', 'Positif', NULL, NULL),
(860, 'marie', 'Acariens', 'B', 'Negatif', NULL, NULL),
(861, 'en couple', 'Lactose', 'AB', 'Positif', NULL, NULL),
(862, 'celibataire', 'Pollen', 'AB', 'Negatif', NULL, NULL),
(863, 'celibataire', 'Pollen', 'A', 'Positif', NULL, NULL),
(864, 'en couple', 'Pollen', 'AB', 'Positif', NULL, NULL),
(865, 'en couple', 'Pollen', 'AB', 'Negatif', NULL, NULL),
(866, 'marie', 'Pollen', 'B', 'Negatif', NULL, NULL),
(867, 'celibataire', 'Arachides', 'B', 'Negatif', NULL, NULL),
(868, 'celibataire', 'Pollen', 'B', 'Positif', NULL, NULL),
(869, 'celibataire', 'Arachides', 'O', 'Positif', NULL, NULL),
(870, 'en couple', 'Arachides', 'B', 'Positif', NULL, NULL),
(871, 'celibataire', 'Lactose', 'O', 'Positif', NULL, NULL),
(872, 'en couple', 'Pollen', 'O', 'Negatif', NULL, NULL),
(873, 'en couple', 'Arachides', 'AB', 'Positif', NULL, NULL),
(874, 'en couple', 'Acariens', 'AB', 'Negatif', NULL, NULL),
(875, 'en couple', 'Pollen', 'B', 'Negatif', NULL, NULL),
(876, 'celibataire', 'Arachides', 'B', 'Negatif', NULL, NULL),
(877, 'en couple', 'Lactose', 'A', 'Positif', NULL, NULL),
(878, 'celibataire', 'Pollen', 'O', 'Negatif', NULL, NULL),
(879, 'marie', 'Lactose', 'B', 'Positif', NULL, NULL),
(880, 'marie', 'Arachides', 'B', 'Negatif', NULL, NULL),
(881, 'en couple', 'Lactose', 'O', 'Positif', NULL, NULL),
(882, 'celibataire', 'Pollen', 'AB', 'Negatif', NULL, NULL),
(883, 'en couple', 'Arachides', 'A', 'Positif', NULL, NULL),
(884, 'marie', 'Acariens', 'AB', 'Negatif', NULL, NULL),
(885, 'marie', 'Acariens', 'A', 'Positif', NULL, NULL),
(886, 'en couple', 'Arachides', 'O', 'Negatif', NULL, NULL),
(887, 'en couple', 'Lactose', 'O', 'Positif', NULL, NULL),
(888, 'celibataire', 'Arachides', 'O', 'Negatif', NULL, NULL),
(889, 'celibataire', 'Arachides', 'AB', 'Negatif', NULL, NULL),
(890, 'en couple', 'Acariens', 'B', 'Positif', NULL, NULL),
(891, 'marie', 'Acariens', 'O', 'Positif', NULL, NULL),
(892, 'marie', 'Pollen', 'A', 'Negatif', NULL, NULL),
(893, 'marie', 'Acariens', 'A', 'Positif', NULL, NULL),
(894, 'en couple', 'Arachides', 'AB', 'Negatif', NULL, NULL),
(895, 'marie', 'Pollen', 'A', 'Positif', NULL, NULL),
(896, 'en couple', 'Lactose', 'AB', 'Negatif', NULL, NULL),
(897, 'celibataire', 'Pollen', 'O', 'Positif', NULL, NULL),
(898, 'celibataire', 'Arachides', 'AB', 'Negatif', NULL, NULL),
(899, 'en couple', 'Acariens', 'B', 'Positif', NULL, NULL),
(900, 'en couple', 'Lactose', 'AB', 'Positif', NULL, NULL),
(901, 'marie', 'Acariens', 'O', 'Positif', NULL, NULL),
(902, 'en couple', 'Acariens', 'O', 'Negatif', NULL, NULL),
(903, 'celibataire', 'Acariens', 'B', 'Positif', NULL, NULL),
(904, 'celibataire', 'Acariens', 'B', 'Negatif', NULL, NULL),
(905, 'celibataire', 'Lactose', 'B', 'Positif', NULL, NULL),
(906, 'en couple', 'Arachides', 'AB', 'Positif', NULL, NULL),
(907, 'en couple', 'Acariens', 'O', 'Negatif', NULL, NULL),
(908, 'celibataire', 'Pollen', 'A', 'Positif', NULL, NULL),
(909, 'celibataire', 'Arachides', 'O', 'Positif', NULL, NULL),
(910, 'celibataire', 'Lactose', 'O', 'Positif', NULL, NULL),
(911, 'celibataire', 'Acariens', 'AB', 'Positif', NULL, NULL),
(912, 'en couple', 'Pollen', 'B', 'Positif', NULL, NULL),
(913, 'celibataire', 'Acariens', 'B', 'Negatif', NULL, NULL),
(914, 'en couple', 'Acariens', 'A', 'Positif', NULL, NULL),
(915, 'celibataire', 'Arachides', 'A', 'Negatif', NULL, NULL),
(916, 'en couple', 'Lactose', 'O', 'Positif', NULL, NULL),
(917, 'celibataire', 'Acariens', 'A', 'Positif', NULL, NULL),
(918, 'en couple', 'Pollen', 'AB', 'Negatif', NULL, NULL),
(919, 'celibataire', 'Pollen', 'AB', 'Positif', NULL, NULL),
(920, 'celibataire', 'Lactose', 'B', 'Negatif', NULL, NULL),
(921, 'marie', 'Acariens', 'AB', 'Positif', NULL, NULL),
(922, 'celibataire', 'Acariens', 'B', 'Positif', NULL, NULL),
(923, 'en couple', 'Pollen', 'B', 'Negatif', NULL, NULL),
(924, 'celibataire', 'Arachides', 'O', 'Negatif', NULL, NULL),
(925, 'en couple', 'Pollen', 'O', 'Negatif', NULL, NULL),
(926, 'marie', 'Arachides', 'O', 'Positif', NULL, NULL),
(927, 'en couple', 'Lactose', 'AB', 'Positif', NULL, NULL),
(928, 'en couple', 'Acariens', 'AB', 'Negatif', NULL, NULL),
(929, 'en couple', 'Acariens', 'B', 'Positif', NULL, NULL),
(930, 'celibataire', 'Arachides', 'A', 'Positif', NULL, NULL),
(931, 'marie', 'Pollen', 'AB', 'Positif', NULL, NULL),
(932, 'celibataire', 'Acariens', 'O', 'Negatif', NULL, NULL),
(933, 'marie', 'Pollen', 'A', 'Positif', NULL, NULL),
(934, 'marie', 'Acariens', 'AB', 'Negatif', NULL, NULL),
(935, 'celibataire', 'Lactose', 'B', 'Positif', NULL, NULL),
(936, 'celibataire', 'Arachides', 'A', 'Negatif', NULL, NULL),
(937, 'celibataire', 'Arachides', 'AB', 'Negatif', NULL, NULL),
(938, 'en couple', 'Arachides', 'AB', 'Negatif', NULL, NULL),
(939, 'celibataire', 'Arachides', 'AB', 'Positif', NULL, NULL),
(940, 'en couple', 'Lactose', 'A', 'Positif', NULL, NULL),
(941, 'celibataire', 'Acariens', 'AB', 'Positif', NULL, NULL),
(942, 'en couple', 'Pollen', 'B', 'Negatif', NULL, NULL),
(943, 'marie', 'Acariens', 'A', 'Positif', NULL, NULL),
(944, 'celibataire', 'Acariens', 'AB', 'Negatif', NULL, NULL),
(945, 'marie', 'Acariens', 'A', 'Negatif', NULL, NULL),
(946, 'marie', 'Pollen', 'O', 'Positif', NULL, NULL),
(947, 'celibataire', 'Acariens', 'B', 'Negatif', NULL, NULL),
(948, 'marie', 'Arachides', 'AB', 'Negatif', NULL, NULL),
(949, 'en couple', 'Arachides', 'AB', 'Negatif', NULL, NULL),
(950, 'en couple', 'Lactose', 'B', 'Negatif', NULL, NULL);
INSERT INTO `contacts_ic` (`CON_ID`, `IC_4`, `IC_5`, `IC_6`, `IC_7`, `IC_8`, `IC_9`) VALUES
(951, 'en couple', 'Arachides', 'O', 'Negatif', NULL, NULL),
(952, 'marie', 'Arachides', 'B', 'Negatif', NULL, NULL),
(953, 'en couple', 'Pollen', 'O', 'Negatif', NULL, NULL),
(954, 'en couple', 'Arachides', 'AB', 'Negatif', NULL, NULL),
(955, 'celibataire', 'Acariens', 'B', 'Positif', NULL, NULL),
(956, 'marie', 'Pollen', 'A', 'Negatif', NULL, NULL),
(957, 'en couple', 'Acariens', 'A', 'Negatif', NULL, NULL),
(958, 'celibataire', 'Acariens', 'B', 'Positif', NULL, NULL),
(959, 'marie', 'Pollen', 'B', 'Positif', NULL, NULL),
(960, 'celibataire', 'Acariens', 'A', 'Positif', NULL, NULL),
(961, 'marie', 'Pollen', 'A', 'Positif', NULL, NULL),
(962, 'en couple', 'Pollen', 'O', 'Negatif', NULL, NULL),
(963, 'celibataire', 'Acariens', 'O', 'Positif', NULL, NULL),
(964, 'en couple', 'Pollen', 'AB', 'Positif', NULL, NULL),
(965, 'celibataire', 'Pollen', 'AB', 'Negatif', NULL, NULL),
(966, 'en couple', 'Lactose', 'O', 'Positif', NULL, NULL),
(967, 'en couple', 'Pollen', 'AB', 'Positif', NULL, NULL),
(968, 'celibataire', 'Arachides', 'A', 'Negatif', NULL, NULL),
(969, 'en couple', 'Pollen', 'O', 'Negatif', NULL, NULL),
(970, 'celibataire', 'Arachides', 'A', 'Negatif', NULL, NULL),
(971, 'en couple', 'Arachides', 'AB', 'Positif', NULL, NULL),
(972, 'celibataire', 'Acariens', 'B', 'Positif', NULL, NULL),
(973, 'marie', 'Pollen', 'O', 'Positif', NULL, NULL),
(974, 'en couple', 'Pollen', 'O', 'Negatif', NULL, NULL),
(975, 'celibataire', 'Lactose', 'O', 'Negatif', NULL, NULL),
(976, 'marie', 'Pollen', 'A', 'Positif', NULL, NULL),
(977, 'celibataire', 'Lactose', 'O', 'Positif', NULL, NULL),
(978, 'celibataire', 'Arachides', 'AB', 'Negatif', NULL, NULL),
(979, 'en couple', 'Arachides', 'A', 'Negatif', NULL, NULL),
(980, 'marie', 'Acariens', 'B', 'Negatif', NULL, NULL),
(981, 'en couple', 'Acariens', 'B', 'Positif', NULL, NULL),
(982, 'en couple', 'Acariens', 'AB', 'Negatif', NULL, NULL),
(983, 'celibataire', 'Arachides', 'A', 'Negatif', NULL, NULL),
(984, 'marie', 'Acariens', 'B', 'Positif', NULL, NULL),
(985, 'celibataire', 'Pollen', 'B', 'Negatif', NULL, NULL),
(986, 'celibataire', 'Lactose', 'A', 'Positif', NULL, NULL),
(987, 'celibataire', 'Arachides', 'B', 'Negatif', NULL, NULL),
(988, 'celibataire', 'Acariens', 'B', 'Negatif', NULL, NULL),
(989, 'celibataire', 'Arachides', 'B', 'Positif', NULL, NULL),
(990, 'celibataire', 'Arachides', 'A', 'Positif', NULL, NULL),
(991, 'marie', 'Pollen', 'A', 'Negatif', NULL, NULL),
(992, 'en couple', 'Lactose', 'AB', 'Positif', NULL, NULL),
(993, 'en couple', 'Arachides', 'A', 'Positif', NULL, NULL),
(994, 'celibataire', 'Lactose', 'A', 'Positif', NULL, NULL),
(995, 'en couple', 'Lactose', 'AB', 'Positif', NULL, NULL),
(996, 'celibataire', 'Acariens', 'AB', 'Negatif', NULL, NULL),
(997, 'celibataire', 'Acariens', 'AB', 'Negatif', NULL, NULL),
(998, 'marie', 'Arachides', 'A', 'Positif', NULL, NULL),
(999, 'marie', 'Lactose', 'A', 'Positif', NULL, NULL),
(1000, 'celibataire', 'Arachides', 'B', 'Negatif', NULL, NULL),
(1001, 'en couple', 'Arachides', 'B', 'Negatif', NULL, NULL),
(1002, 'en couple', 'Pollen', 'AB', 'Positif', NULL, NULL),
(1003, 'celibataire', 'Arachides', 'O', 'Negatif', NULL, NULL),
(1004, 'celibataire', 'Acariens', 'O', 'Positif', NULL, NULL),
(1005, 'en couple', 'Pollen', 'A', 'Negatif', NULL, NULL),
(1006, 'celibataire', 'Acariens', 'O', 'Negatif', NULL, NULL),
(1007, 'en couple', 'Pollen', 'O', 'Positif', NULL, NULL),
(1008, 'celibataire', 'Pollen', 'O', 'Negatif', NULL, NULL),
(1009, 'celibataire', 'Arachides', 'A', 'Positif', NULL, NULL),
(1010, 'marie', 'Pollen', 'O', 'Negatif', NULL, NULL),
(1011, 'celibataire', 'Arachides', 'O', 'Negatif', NULL, NULL),
(1012, 'en couple', 'Pollen', 'B', 'Positif', NULL, NULL),
(1013, 'celibataire', 'Pollen', 'B', 'Negatif', NULL, NULL),
(1014, 'celibataire', 'Acariens', 'A', 'Negatif', NULL, NULL),
(1015, 'en couple', 'Acariens', 'AB', 'Positif', NULL, NULL),
(1016, 'en couple', 'Pollen', 'AB', 'Positif', NULL, NULL),
(1017, 'celibataire', 'Acariens', 'A', 'Negatif', NULL, NULL),
(1018, 'marie', 'Acariens', 'O', 'Negatif', NULL, NULL),
(1019, 'marie', 'Lactose', 'O', 'Negatif', NULL, NULL),
(1020, 'marie', 'Pollen', 'A', 'Negatif', NULL, NULL),
(1021, 'marie', 'Acariens', 'O', 'Positif', NULL, NULL),
(1022, 'celibataire', 'Lactose', 'A', 'Positif', NULL, NULL),
(1023, 'marie', 'Pollen', 'B', 'Negatif', NULL, NULL),
(1024, 'celibataire', 'Pollen', 'AB', 'Negatif', NULL, NULL),
(1025, 'celibataire', 'Arachides', 'AB', 'Positif', NULL, NULL),
(1026, 'en couple', 'Acariens', 'B', 'Negatif', NULL, NULL),
(1027, 'celibataire', 'Pollen', 'AB', 'Negatif', NULL, NULL),
(1028, 'en couple', 'Arachides', 'O', 'Negatif', NULL, NULL),
(1029, 'en couple', 'Arachides', 'AB', 'Positif', NULL, NULL),
(1030, 'en couple', 'Lactose', 'AB', 'Negatif', NULL, NULL),
(1031, 'celibataire', 'Lactose', 'O', 'Positif', NULL, NULL),
(1032, 'marie', 'Pollen', 'AB', 'Negatif', NULL, NULL),
(1033, 'celibataire', 'Lactose', 'B', 'Negatif', NULL, NULL),
(1034, 'marie', 'Lactose', 'AB', 'Negatif', NULL, NULL),
(1035, 'celibataire', 'Pollen', 'B', 'Negatif', NULL, NULL),
(1036, 'marie', 'Lactose', 'AB', 'Negatif', NULL, NULL),
(1037, 'marie', 'Lactose', 'O', 'Positif', NULL, NULL),
(1038, 'celibataire', 'Arachides', 'O', 'Negatif', NULL, NULL),
(1039, 'celibataire', 'Arachides', 'A', 'Negatif', NULL, NULL),
(1040, 'marie', 'Pollen', 'O', 'Negatif', NULL, NULL),
(1041, 'celibataire', 'Lactose', 'AB', 'Negatif', NULL, NULL),
(1042, 'en couple', 'Acariens', 'B', 'Positif', NULL, NULL),
(1043, 'marie', 'Pollen', 'O', 'Negatif', NULL, NULL),
(1044, 'celibataire', 'pollen', '', '', NULL, NULL),
(1045, 'marie', 'chat', '', '', 'on', NULL),
(1046, 'celibataire', '', '', '', 'on', NULL),
(1048, NULL, NULL, NULL, NULL, NULL, NULL);

-- --------------------------------------------------------

--
-- Structure de la table `criteres`
--

CREATE TABLE IF NOT EXISTS `criteres` (
  `CRIT_ID` varchar(20) NOT NULL,
  `SEG_CODE` varchar(15) NOT NULL,
  `CRIT_TYPE` varchar(15) NOT NULL,
  `CRIT_ATTRIBUT` text NOT NULL,
  `CRIT_COMP` text,
  `CRIT_VAL` text,
  PRIMARY KEY (`CRIT_ID`),
  KEY `SEGCODE` (`SEG_CODE`)
) ENGINE=InnoDB DEFAULT CHARSET=latin1;

--
-- Contenu de la table `criteres`
--

INSERT INTO `criteres` (`CRIT_ID`, `SEG_CODE`, `CRIT_TYPE`, `CRIT_ATTRIBUT`, `CRIT_COMP`, `CRIT_VAL`) VALUES
('PARISIENS_1', 'PARISIENS', 'dep', 'departement', '=', '75'),
('SEG1_1', 'SEG1', 'base', 'CON_TYPE', '=', 'physique'),
('SEG2_1', 'SEG2', 'base', 'CON_COUNTRY', '=', 'France'),
('SEG2_2', 'SEG2', 'base', 'CON_TYPE', '=', 'morale'),
('SEG3_1', 'SEG3', 'base', 'CON_CITY', '=', 'Villejuif'),
('SEG4_1', 'SEG4', 'segment', 'segment', 'compris dans', 'SEG1'),
('SEG4_2', 'SEG4', 'base', 'CON_TYPEC', '=', 'Donateur'),
('SEG5_1', 'SEG5', 'suivi', 'dateVersement', '>', '01-01-2012'),
('SEG5_2', 'SEG5', 'stat', 'NbDon', '>', '12:2012-01-01/2012-12-31'),
('SEG5_3', 'SEG5', 'stat', 'DonMoyen', '>', '10:2012-01-01/2012-12-31'),
('SEG5_4', 'SEG5', 'segment', 'segment', 'compris dans', 'SEG2'),
('SEG6_1', 'SEG6', 'base', 'CON_COUNTRY', '!=', 'France'),
('SEG6_2', 'SEG6', 'base', 'CON_TYPEC', '=', 'Entreprise'),
('SEG6_3', 'SEG6', 'base', 'CON_TYPE', '=', 'morale'),
('SEG6_4', 'SEG6', 'stat', 'DonMoyen', '<', '200:2012-01-01/2012-12-31'),
('SEG_CARIE_1_1', 'SEG_CARIE_1', 'segment', 'segment', 'compris dans', 'SEG_CARIE_BASE'),
('SEG_CARIE_1_2', 'SEG_CARIE_1', 'IC', 'IC_4:situation familiale', '=', 'marie'),
('SEG_CARIE_1_3', 'SEG_CARIE_1', 'IC', 'IC_8:Aime le caramel', '=', 'on'),
('SEG_CARIE_2_1', 'SEG_CARIE_2', 'segment', 'segment', 'compris dans', 'SEG_CARIE_BASE'),
('SEG_CARIE_2_2', 'SEG_CARIE_2', 'IC', 'IC_4:situation familiale', '=', 'celibataire'),
('SEG_CARIE_2_3', 'SEG_CARIE_2', 'IC', 'IC_5:Allergie', '!=', 'pollen'),
('SEG_CARIE_BASE_1', 'SEG_CARIE_BASE', 'dep', 'departement', '=', '94'),
('SEG_CARIE_BASE_2', 'SEG_CARIE_BASE', 'base', 'CON_DATE', '<', '1983-01-01'),
('SEG_CARIE_BASE_3', 'SEG_CARIE_BASE', 'suivi', 'dateVersement', '>', '2010-01-01'),
('SEG_GEO1_1', 'SEG1', 'base', 'CON_COUNTRY', '=', 'France'),
('SEG_PING_1_1', 'SEG_PING_1', 'segment', 'segment', 'non compris dans', 'PARISIENS'),
('SEG_PING_1_2', 'SEG_PING_1', 'IC', 'IC_5:Allergie', '=', 'pollen'),
('SEG_PING_1_3', 'SEG_PING_1', 'stat', 'NbDon', '<', '2:2012-01-01/2012-12-31'),
('SEG_PING_1_4', 'SEG_PING_1', 'base', 'CON_DATE', '<', '1978-01-01');

-- --------------------------------------------------------

--
-- Structure de la table `criteres_link`
--

CREATE TABLE IF NOT EXISTS `criteres_link` (
  `CRIT_ID1` varchar(20) NOT NULL,
  `CRIT_ID2` varchar(20) NOT NULL,
  `LINK` varchar(3) NOT NULL,
  PRIMARY KEY (`CRIT_ID1`,`CRIT_ID2`),
  KEY `CRIT_ID1` (`CRIT_ID1`,`CRIT_ID2`),
  KEY `CRIT_ID2` (`CRIT_ID2`)
) ENGINE=InnoDB DEFAULT CHARSET=latin1;

--
-- Contenu de la table `criteres_link`
--

INSERT INTO `criteres_link` (`CRIT_ID1`, `CRIT_ID2`, `LINK`) VALUES
('SEG2_1', 'SEG2_2', 'et'),
('SEG4_2', 'SEG4_1', 'et'),
('SEG5_1', 'SEG5_4', 'et'),
('SEG5_4', 'SEG5_2', 'et'),
('SEG5_4', 'SEG5_3', 'et'),
('SEG6_1', 'SEG6_2', 'et'),
('SEG6_2', 'SEG6_3', 'et'),
('SEG6_3', 'SEG6_4', 'et'),
('SEG_CARIE_1_1', 'SEG_CARIE_1_2', 'et'),
('SEG_CARIE_1_2', 'SEG_CARIE_1_3', 'et'),
('SEG_CARIE_2_1', 'SEG_CARIE_2_2', 'et'),
('SEG_CARIE_2_2', 'SEG_CARIE_2_3', 'et'),
('SEG_CARIE_BASE_1', 'SEG_CARIE_BASE_2', 'et'),
('SEG_CARIE_BASE_2', 'SEG_CARIE_BASE_3', 'et'),
('SEG_GEO1_1', 'SEG1_1', 'et'),
('SEG_PING_1_1', 'SEG_PING_1_2', 'et'),
('SEG_PING_1_2', 'SEG_PING_1_3', 'et'),
('SEG_PING_1_3', 'SEG_PING_1_4', 'et');

-- --------------------------------------------------------

--
-- Structure de la table `dons`
--

CREATE TABLE IF NOT EXISTS `dons` (
  `DON_ID` int(11) NOT NULL AUTO_INCREMENT,
  `DON_MONTANT` decimal(10,0) DEFAULT NULL,
  `DON_DEVISE` varchar(100) DEFAULT NULL,
  `DON_MODE` varchar(100) DEFAULT NULL,
  `DON_COMMENTAIRE` text,
  `DON_DATEADDED` datetime DEFAULT NULL,
  `CON_ID` int(11) DEFAULT NULL,
  `DON_TYPE` varchar(100) NOT NULL,
  `OFF_ID` varchar(10) DEFAULT NULL,
  `DON_C_NUM` varchar(50) DEFAULT NULL,
  `DON_C_COMPTE` varchar(50) DEFAULT NULL,
  `DON_C_BANQ_EMISSION` varchar(50) DEFAULT NULL,
  `DON_C_BANQ_DEPOT` varchar(50) DEFAULT NULL,
  `DON_C_DATE_DEPOT` date DEFAULT NULL,
  `DON_DATE` date NOT NULL,
  `DON_RECU_ID` int(11) DEFAULT NULL,
  PRIMARY KEY (`DON_ID`),
  KEY `CON_ID` (`CON_ID`),
  KEY `OFF_ID` (`OFF_ID`)
) ENGINE=InnoDB  DEFAULT CHARSET=utf8 AUTO_INCREMENT=1052 ;

--
-- Contenu de la table `dons`
--

INSERT INTO `dons` (`DON_ID`, `DON_MONTANT`, `DON_DEVISE`, `DON_MODE`, `DON_COMMENTAIRE`, `DON_DATEADDED`, `CON_ID`, `DON_TYPE`, `OFF_ID`, `DON_C_NUM`, `DON_C_COMPTE`, `DON_C_BANQ_EMISSION`, `DON_C_BANQ_DEPOT`, `DON_C_DATE_DEPOT`, `DON_DATE`, `DON_RECU_ID`) VALUES
(11, '60', 'dollar', 'cheque', '', '2012-06-26 11:36:57', 60, 'cotisation', 'OFF1', '20120162', '1234567890987654321', 'Crédit Mutuel', 'LCL', '2014-03-02', '2013-02-16', 11),
(15, '70', 'euro', 'carte', '', '2012-07-13 16:07:09', 63, 'cotisation', 'OFF3', '', '', '', '', NULL, '2013-01-15', 15),
(19, '70', 'euro', 'carte', '', '2012-07-13 16:07:00', 62, 'nature', 'OFF3', '', '', '', '', NULL, '2013-01-07', 19),
(23, '70', 'euro', 'carte', '', '2012-07-13 16:28:05', 68, 'nature', 'OFF1', '', '', '', '', NULL, '2013-01-21', 23),
(25, '70', 'euro', 'cheque', '', '2012-07-13 16:16:24', 65, 'nature', 'OFF2', '', '', '', '', NULL, '2012-12-17', NULL),
(27, '70', 'euro', 'cotisation', '', '2012-06-25 12:20:17', 66, 'cheque', 'OFF2', '', '', '', '', NULL, '2013-02-16', NULL),
(28, '123', 'euro', 'carte', '', '2012-07-06 15:05:58', 60, 'nature', 'OFF2', '', '', '', '', NULL, '2013-02-16', 28),
(29, '342', 'euro', 'carte', '', '2012-07-13 15:22:00', 60, 'nature', 'OFF3', '', '', '', '', NULL, '2012-11-13', 29),
(30, '221', 'euro', 'carte', '', '2012-07-13 16:16:34', 61, 'nature', 'OFF3', '', '', '', '', NULL, '2012-11-22', 30),
(31, '60', NULL, 'carte', '', '2012-11-01 15:29:19', 60, 'don', 'OFF1', '', '', '', '', NULL, '2012-12-27', 31),
(34, '112', 'euro', 'cheque', '', '2013-02-16 19:52:52', 89, 'cheque', 'PING_1', '', '', '', '', NULL, '2007-09-02', 36),
(35, '80', 'euro', 'cheque', '', '2013-02-16 19:52:52', 90, 'nature', 'OFF3', '', '', '', '', NULL, '2003-04-26', 36),
(36, '49', 'euro', 'cotisation', '', '2013-02-16 19:52:52', 91, 'don', 'PING_1', '', '', '', '', NULL, '2006-06-28', 36),
(37, '61', 'dollar', 'carte', '', '2013-02-16 19:52:52', 92, 'nature', 'OFF1', '', '', '', '', NULL, '2000-05-27', NULL),
(38, '54', 'dollar', 'cotisation', '', '2013-02-16 19:52:52', 93, 'nature', 'OFF3', '', '', '', '', NULL, '1999-05-22', NULL),
(39, '136', 'dollar', 'cotisation', '', '2013-02-16 19:52:52', 94, 'cotisation', 'PING_1', '', '', '', '', NULL, '2010-03-23', NULL),
(40, '121', 'dollar', 'carte', '', '2013-02-16 19:52:52', 95, 'achat', 'OFF2', '', '', '', '', NULL, '2009-11-11', NULL),
(41, '132', 'dollar', 'carte', '', '2013-02-16 19:52:52', 96, 'nature', 'OFF3', '', '', '', '', NULL, '2010-02-19', NULL),
(42, '110', 'dollar', 'cotisation', '', '2013-02-16 19:52:52', 97, 'achat', 'PING_1', '', '', '', '', NULL, '1998-12-25', NULL),
(43, '24', 'euro', 'cheque', '', '2013-02-16 19:52:52', 98, 'cotisation', 'OFF3', '', '', '', '', NULL, '2010-11-04', NULL),
(44, '40', 'dollar', 'carte', '', '2013-02-16 19:52:52', 99, 'achat', 'PING_1', '', '', '', '', NULL, '2007-07-29', NULL),
(45, '99', 'dollar', 'carte', '', '2013-02-16 19:52:52', 100, 'cotisation', 'OFF3', '', '', '', '', NULL, '2002-04-25', NULL),
(46, '12', 'dollar', 'carte', '', '2013-02-16 19:52:52', 101, 'cheque', 'PING_1', '', '', '', '', NULL, '1996-03-04', NULL),
(47, '64', 'dollar', 'cotisation', '', '2013-02-16 19:52:52', 102, 'achat', 'OFF2', '', '', '', '', NULL, '2011-09-07', NULL),
(48, '84', 'dollar', 'cotisation', '', '2013-02-16 19:52:52', 103, 'achat', 'OFF1', '', '', '', '', NULL, '2007-07-13', NULL),
(49, '134', 'euro', 'cheque', '', '2013-02-16 19:52:52', 104, 'don', 'PING_1', '', '', '', '', NULL, '1998-04-20', NULL),
(50, '36', 'dollar', 'cotisation', '', '2013-02-16 19:52:52', 105, 'cheque', 'OFF3', '', '', '', '', NULL, '2000-02-03', NULL),
(51, '140', 'dollar', 'carte', '', '2013-02-16 19:52:52', 106, 'cotisation', 'OFF2', '', '', '', '', NULL, '2004-09-05', NULL),
(52, '98', 'euro', 'cotisation', '', '2013-02-16 19:52:52', 107, 'nature', 'PING_1', '', '', '', '', NULL, '2002-06-14', NULL),
(53, '97', 'euro', 'cheque', '', '2013-02-16 19:52:52', 108, 'nature', 'OFF2', '', '', '', '', NULL, '2007-05-09', NULL),
(54, '146', 'euro', 'cotisation', '', '2013-02-16 19:52:52', 109, 'don', 'OFF2', '', '', '', '', NULL, '2004-04-18', NULL),
(55, '112', 'dollar', 'cheque', '', '2013-02-16 19:52:52', 110, 'achat', 'PING_1', '', '', '', '', NULL, '1999-02-24', NULL),
(56, '26', 'euro', 'cotisation', '', '2013-02-16 19:52:52', 111, 'achat', 'OFF3', '', '', '', '', NULL, '2000-05-19', NULL),
(57, '120', 'dollar', 'cheque', '', '2013-02-16 19:52:52', 112, 'achat', 'OFF1', '', '', '', '', NULL, '2005-08-21', NULL),
(58, '143', 'euro', 'cheque', '', '2013-02-16 19:52:52', 113, 'cotisation', 'OFF3', '', '', '', '', NULL, '1998-10-07', NULL),
(59, '80', 'euro', 'carte', '', '2013-02-16 19:52:52', 114, 'achat', 'OFF2', '', '', '', '', NULL, '2002-05-26', NULL),
(60, '93', 'dollar', 'carte', '', '2013-02-16 19:52:52', 115, 'achat', 'OFF1', '', '', '', '', NULL, '2008-03-07', NULL),
(61, '147', 'euro', 'cheque', '', '2013-02-16 19:52:52', 116, 'nature', 'OFF1', '', '', '', '', NULL, '1999-05-12', NULL),
(62, '81', 'dollar', 'carte', '', '2013-02-16 19:52:52', 117, 'achat', 'OFF3', '', '', '', '', NULL, '2007-07-10', NULL),
(63, '128', 'euro', 'cheque', '', '2013-02-16 19:52:52', 118, 'achat', 'OFF1', '', '', '', '', NULL, '2006-01-08', NULL),
(64, '37', 'dollar', 'cheque', '', '2013-02-16 19:52:52', 119, 'cotisation', 'OFF2', '', '', '', '', NULL, '2004-09-22', NULL),
(65, '107', 'dollar', 'cheque', '', '2013-02-16 19:52:52', 120, 'achat', 'OFF2', '', '', '', '', NULL, '1999-03-08', NULL),
(66, '126', 'euro', 'carte', '', '2013-02-16 19:52:52', 121, 'achat', 'OFF3', '', '', '', '', NULL, '2007-08-12', NULL),
(67, '28', 'dollar', 'cheque', '', '2013-02-16 19:52:52', 122, 'achat', 'OFF2', '', '', '', '', NULL, '2003-07-16', NULL),
(68, '20', 'euro', 'cotisation', '', '2013-02-16 19:52:52', 123, 'don', 'OFF2', '', '', '', '', NULL, '2010-11-23', NULL),
(69, '42', 'euro', 'cotisation', '', '2013-02-16 19:52:52', 124, 'don', 'PING_1', '', '', '', '', NULL, '2011-03-24', NULL),
(70, '136', 'dollar', 'cotisation', '', '2013-02-16 19:52:52', 125, 'achat', 'OFF2', '', '', '', '', NULL, '2006-04-09', NULL),
(71, '88', 'dollar', 'cheque', '', '2013-02-16 19:52:52', 126, 'don', 'PING_1', '', '', '', '', NULL, '2000-03-08', NULL),
(72, '28', 'euro', 'cotisation', '', '2013-02-16 19:52:52', 127, 'cotisation', 'OFF2', '', '', '', '', NULL, '2003-12-16', NULL),
(73, '105', 'euro', 'cheque', '', '2013-02-16 19:52:52', 128, 'cotisation', 'OFF3', '', '', '', '', NULL, '1996-04-04', NULL),
(74, '81', 'euro', 'cotisation', '', '2013-02-16 19:52:52', 129, 'cheque', 'OFF3', '', '', '', '', NULL, '2011-04-14', NULL),
(75, '41', 'dollar', 'carte', '', '2013-02-16 19:52:52', 130, 'nature', 'OFF2', '', '', '', '', NULL, '2007-08-28', NULL),
(76, '19', 'dollar', 'cotisation', '', '2013-02-16 19:52:52', 131, 'don', 'PING_1', '', '', '', '', NULL, '2007-01-03', NULL),
(77, '12', 'dollar', 'cheque', '', '2013-02-16 19:52:52', 132, 'don', 'OFF3', '', '', '', '', NULL, '2010-07-26', NULL),
(78, '51', 'dollar', 'cheque', '', '2013-02-16 19:52:52', 133, 'cotisation', 'PING_1', '', '', '', '', NULL, '2000-11-05', NULL),
(79, '129', 'euro', 'cotisation', '', '2013-02-16 19:52:52', 134, 'don', 'OFF2', '', '', '', '', NULL, '1998-07-25', NULL),
(80, '72', 'dollar', 'cheque', '', '2013-02-16 19:52:52', 135, 'cotisation', 'OFF1', '', '', '', '', NULL, '1998-05-12', NULL),
(81, '148', 'dollar', 'cheque', '', '2013-02-16 19:52:52', 136, 'achat', 'PING_1', '', '', '', '', NULL, '1997-11-02', NULL),
(82, '108', 'dollar', 'carte', '', '2013-02-16 19:52:52', 137, 'cheque', 'PING_1', '', '', '', '', NULL, '2011-06-27', NULL),
(83, '22', 'dollar', 'carte', '', '2013-02-16 19:52:52', 138, 'cotisation', 'OFF3', '', '', '', '', NULL, '1998-11-07', NULL),
(84, '94', 'euro', 'cheque', '', '2013-02-16 19:52:52', 139, 'achat', 'OFF1', '', '', '', '', NULL, '2000-01-09', NULL),
(85, '23', 'dollar', 'cotisation', '', '2013-02-16 19:52:52', 140, 'nature', 'OFF3', '', '', '', '', NULL, '1996-05-13', NULL),
(86, '15', 'dollar', 'carte', '', '2013-02-16 19:52:52', 141, 'cotisation', 'OFF3', '', '', '', '', NULL, '2005-01-15', NULL),
(87, '78', 'euro', 'carte', '', '2013-02-16 19:52:52', 142, 'cotisation', 'OFF1', '', '', '', '', NULL, '1999-04-17', NULL),
(88, '111', 'euro', 'cheque', '', '2013-02-16 19:52:52', 143, 'nature', 'OFF1', '', '', '', '', NULL, '2004-08-08', NULL),
(89, '107', 'dollar', 'cheque', '', '2013-02-16 19:52:52', 144, 'nature', 'OFF2', '', '', '', '', NULL, '2000-01-16', NULL),
(90, '48', 'dollar', 'cotisation', '', '2013-02-16 19:52:52', 145, 'nature', 'PING_1', '', '', '', '', NULL, '2006-07-26', NULL),
(91, '35', 'euro', 'carte', '', '2013-02-16 19:52:52', 146, 'nature', 'PING_1', '', '', '', '', NULL, '2009-12-28', NULL),
(92, '106', 'euro', 'carte', '', '2013-02-16 19:52:52', 147, 'don', 'OFF3', '', '', '', '', NULL, '2003-03-29', NULL),
(93, '143', 'euro', 'cotisation', '', '2013-02-16 19:52:52', 148, 'don', 'OFF2', '', '', '', '', NULL, '2001-06-19', NULL),
(94, '63', 'dollar', 'carte', '', '2013-02-16 19:52:52', 149, 'cotisation', 'OFF1', '', '', '', '', NULL, '2005-05-05', NULL),
(95, '63', 'dollar', 'cheque', '', '2013-02-16 19:52:52', 150, 'cheque', 'PING_1', '', '', '', '', NULL, '2003-09-29', NULL),
(96, '63', 'dollar', 'carte', '', '2013-02-16 19:52:52', 151, 'cheque', 'OFF1', '', '', '', '', NULL, '2005-02-14', NULL),
(97, '130', 'euro', 'cotisation', '', '2013-02-16 19:52:52', 152, 'don', 'PING_1', '', '', '', '', NULL, '2007-09-01', NULL),
(98, '140', 'euro', 'cotisation', '', '2013-02-16 19:52:52', 153, 'don', 'OFF1', '', '', '', '', NULL, '1996-06-30', NULL),
(99, '132', 'dollar', 'carte', '', '2013-02-16 19:52:52', 154, 'nature', 'OFF1', '', '', '', '', NULL, '2007-11-08', NULL),
(100, '58', 'dollar', 'cheque', '', '2013-02-16 19:52:52', 155, 'don', 'OFF1', '', '', '', '', NULL, '2002-08-19', NULL),
(101, '46', 'dollar', 'cheque', '', '2013-02-16 19:52:52', 156, 'cheque', 'OFF3', '', '', '', '', NULL, '2010-09-07', NULL),
(102, '79', 'euro', 'cheque', '', '2013-02-16 19:52:52', 157, 'cotisation', 'OFF1', '', '', '', '', NULL, '2001-03-28', NULL),
(103, '69', 'dollar', 'cheque', '', '2013-02-16 19:52:52', 158, 'don', 'OFF3', '', '', '', '', NULL, '2011-03-02', NULL),
(104, '11', 'euro', 'cheque', '', '2013-02-16 19:52:52', 159, 'nature', 'OFF1', '', '', '', '', NULL, '2001-09-09', NULL),
(105, '114', 'euro', 'cheque', '', '2013-02-16 19:52:52', 160, 'achat', 'OFF2', '', '', '', '', NULL, '2002-03-22', NULL),
(106, '60', 'dollar', 'cheque', '', '2013-02-16 19:52:52', 161, 'cheque', 'OFF3', '', '', '', '', NULL, '1997-08-21', NULL),
(107, '82', 'dollar', 'cheque', '', '2013-02-16 19:52:52', 162, 'don', 'OFF2', '', '', '', '', NULL, '2008-01-30', NULL),
(108, '82', 'dollar', 'cheque', '', '2013-02-16 19:52:52', 163, 'nature', 'OFF3', '', '', '', '', NULL, '1996-07-10', NULL),
(109, '106', 'dollar', 'cheque', '', '2013-02-16 19:52:52', 164, 'cheque', 'OFF3', '', '', '', '', NULL, '2006-10-10', NULL),
(110, '107', 'euro', 'carte', '', '2013-02-16 19:52:52', 165, 'cotisation', 'PING_1', '', '', '', '', NULL, '2008-12-16', NULL),
(111, '83', 'dollar', 'cheque', '', '2013-02-16 19:52:52', 166, 'achat', 'OFF2', '', '', '', '', NULL, '2006-04-26', NULL),
(112, '11', 'euro', 'carte', '', '2013-02-16 19:52:52', 167, 'cotisation', 'OFF1', '', '', '', '', NULL, '2009-07-29', NULL),
(113, '58', 'dollar', 'cotisation', '', '2013-02-16 19:52:52', 168, 'don', 'OFF1', '', '', '', '', NULL, '1999-03-05', NULL),
(114, '72', 'dollar', 'cheque', '', '2013-02-16 19:52:52', 169, 'don', 'PING_1', '', '', '', '', NULL, '2009-03-26', NULL),
(115, '84', 'dollar', 'cheque', '', '2013-02-16 19:52:52', 170, 'don', 'OFF3', '', '', '', '', NULL, '1996-09-20', NULL),
(116, '50', 'dollar', 'carte', '', '2013-02-16 19:52:52', 171, 'cotisation', 'OFF2', '', '', '', '', NULL, '2001-12-15', NULL),
(117, '122', 'euro', 'carte', '', '2013-02-16 19:52:52', 172, 'cotisation', 'PING_1', '', '', '', '', NULL, '2005-05-04', NULL),
(118, '47', 'euro', 'cotisation', '', '2013-02-16 19:52:52', 173, 'achat', 'PING_1', '', '', '', '', NULL, '2010-06-25', NULL),
(119, '81', 'euro', 'cotisation', '', '2013-02-16 19:52:52', 174, 'cotisation', 'OFF2', '', '', '', '', NULL, '2004-11-10', NULL),
(120, '148', 'euro', 'cheque', '', '2013-02-16 19:52:52', 175, 'nature', 'OFF2', '', '', '', '', NULL, '1996-04-04', NULL),
(121, '130', 'euro', 'cheque', '', '2013-02-16 19:52:52', 176, 'achat', 'OFF3', '', '', '', '', NULL, '2000-02-08', NULL),
(122, '125', 'euro', 'carte', '', '2013-02-16 19:52:52', 177, 'don', 'OFF2', '', '', '', '', NULL, '2001-09-27', NULL),
(123, '46', 'dollar', 'cheque', '', '2013-02-16 19:52:52', 178, 'achat', 'OFF1', '', '', '', '', NULL, '2004-03-01', NULL),
(124, '87', 'euro', 'carte', '', '2013-02-16 19:52:52', 179, 'achat', 'OFF1', '', '', '', '', NULL, '2002-11-25', NULL),
(125, '46', 'euro', 'cotisation', '', '2013-02-16 19:52:52', 180, 'nature', 'PING_1', '', '', '', '', NULL, '2008-11-02', NULL),
(126, '68', 'euro', 'cheque', '', '2013-02-16 19:52:52', 181, 'don', 'OFF3', '', '', '', '', NULL, '2007-11-22', NULL),
(127, '51', 'euro', 'cotisation', '', '2013-02-16 19:52:52', 182, 'achat', 'OFF2', '', '', '', '', NULL, '2005-08-22', NULL),
(128, '57', 'euro', 'cotisation', '', '2013-02-16 19:52:52', 183, 'cotisation', 'OFF3', '', '', '', '', NULL, '2010-10-17', NULL),
(129, '74', 'euro', 'cheque', '', '2013-02-16 19:52:52', 184, 'nature', 'OFF2', '', '', '', '', NULL, '2004-10-28', NULL),
(130, '46', 'dollar', 'carte', '', '2013-02-16 19:52:52', 185, 'nature', 'PING_1', '', '', '', '', NULL, '2004-05-15', NULL),
(131, '20', 'dollar', 'cheque', '', '2013-02-16 19:52:52', 186, 'don', 'OFF3', '', '', '', '', NULL, '1999-07-12', NULL),
(132, '64', 'euro', 'cheque', '', '2013-02-16 19:52:52', 187, 'nature', 'PING_1', '', '', '', '', NULL, '1998-05-20', NULL),
(133, '114', 'euro', 'cotisation', '', '2013-02-16 19:52:52', 188, 'don', 'OFF1', '', '', '', '', NULL, '1998-11-09', NULL),
(134, '69', 'euro', 'carte', '', '2013-02-16 19:52:52', 189, 'achat', 'PING_1', '', '', '', '', NULL, '2000-10-22', NULL),
(135, '110', 'euro', 'carte', '', '2013-02-16 19:52:52', 190, 'achat', 'OFF2', '', '', '', '', NULL, '2009-07-07', NULL),
(136, '102', 'euro', 'cheque', '', '2013-02-16 19:52:52', 191, 'cheque', 'PING_1', '', '', '', '', NULL, '2004-03-09', NULL),
(137, '35', 'dollar', 'cheque', '', '2013-02-16 19:52:52', 192, 'cotisation', 'OFF2', '', '', '', '', NULL, '1996-09-01', NULL),
(138, '95', 'euro', 'cotisation', '', '2013-02-16 19:52:52', 193, 'nature', 'OFF2', '', '', '', '', NULL, '2002-11-22', NULL),
(139, '55', 'euro', 'cheque', '', '2013-02-16 19:52:52', 194, 'nature', 'OFF2', '', '', '', '', NULL, '1997-06-07', NULL),
(140, '129', 'euro', 'cheque', '', '2013-02-16 19:52:52', 195, 'achat', 'OFF3', '', '', '', '', NULL, '2005-01-25', NULL),
(141, '115', 'dollar', 'carte', '', '2013-02-16 19:52:52', 196, 'cheque', 'OFF3', '', '', '', '', NULL, '2006-01-04', NULL),
(142, '78', 'euro', 'carte', '', '2013-02-16 19:52:52', 197, 'achat', 'PING_1', '', '', '', '', NULL, '2004-04-17', NULL),
(143, '112', 'euro', 'cotisation', '', '2013-02-16 19:52:52', 198, 'achat', 'OFF2', '', '', '', '', NULL, '2001-09-30', NULL),
(144, '75', 'dollar', 'cheque', '', '2013-02-16 19:52:52', 199, 'cheque', 'OFF1', '', '', '', '', NULL, '2008-06-16', NULL),
(145, '44', 'euro', 'cotisation', '', '2013-02-16 19:52:52', 200, 'nature', 'OFF1', '', '', '', '', NULL, '2006-11-29', NULL),
(146, '84', 'dollar', 'cotisation', '', '2013-02-16 19:52:52', 201, 'don', 'OFF1', '', '', '', '', NULL, '1996-08-15', NULL),
(147, '78', 'euro', 'carte', '', '2013-02-16 19:52:52', 202, 'cheque', 'PING_1', '', '', '', '', NULL, '1998-02-05', NULL),
(148, '123', 'euro', 'carte', '', '2013-02-16 19:52:52', 203, 'don', 'OFF3', '', '', '', '', NULL, '2007-11-13', NULL),
(149, '20', 'dollar', 'carte', '', '2013-02-16 19:52:52', 204, 'cotisation', 'PING_1', '', '', '', '', NULL, '2003-10-19', NULL),
(150, '144', 'euro', 'cheque', '', '2013-02-16 19:52:52', 205, 'cotisation', 'OFF1', '', '', '', '', NULL, '2003-11-21', NULL),
(151, '27', 'euro', 'cheque', '', '2013-02-16 19:52:52', 206, 'nature', 'OFF3', '', '', '', '', NULL, '1996-09-23', NULL),
(152, '28', 'euro', 'carte', '', '2013-02-16 19:52:52', 207, 'achat', 'OFF3', '', '', '', '', NULL, '2008-03-02', NULL),
(153, '105', 'euro', 'carte', '', '2013-02-16 19:52:52', 208, 'achat', 'OFF1', '', '', '', '', NULL, '2004-10-28', NULL),
(154, '118', 'dollar', 'cheque', '', '2013-02-16 19:52:52', 209, 'cheque', 'PING_1', '', '', '', '', NULL, '2001-07-05', NULL),
(155, '129', 'euro', 'carte', '', '2013-02-16 19:52:52', 210, 'cotisation', 'OFF3', '', '', '', '', NULL, '2003-05-08', NULL),
(156, '60', 'euro', 'cotisation', '', '2013-02-16 19:52:52', 211, 'achat', 'OFF3', '', '', '', '', NULL, '2004-07-29', NULL),
(157, '37', 'euro', 'cheque', '', '2013-02-16 19:52:52', 212, 'nature', 'OFF2', '', '', '', '', NULL, '2002-12-26', NULL),
(158, '146', 'euro', 'cheque', '', '2013-02-16 19:52:52', 213, 'nature', 'OFF1', '', '', '', '', NULL, '1997-01-31', NULL),
(159, '123', 'dollar', 'cheque', '', '2013-02-16 19:52:52', 214, 'cotisation', 'PING_1', '', '', '', '', NULL, '2010-03-17', NULL),
(160, '50', 'dollar', 'carte', '', '2013-02-16 19:52:52', 215, 'cheque', 'OFF1', '', '', '', '', NULL, '2003-03-18', NULL),
(161, '102', 'dollar', 'carte', '', '2013-02-16 19:52:52', 216, 'nature', 'OFF1', '', '', '', '', NULL, '2005-04-12', NULL),
(162, '32', 'dollar', 'cotisation', '', '2013-02-16 19:52:52', 217, 'achat', 'OFF3', '', '', '', '', NULL, '2000-12-08', NULL),
(163, '128', 'dollar', 'cheque', '', '2013-02-16 19:52:52', 218, 'cotisation', 'OFF2', '', '', '', '', NULL, '2011-03-30', NULL),
(164, '86', 'euro', 'cotisation', '', '2013-02-16 19:52:52', 219, 'cotisation', 'OFF3', '', '', '', '', NULL, '1997-10-15', NULL),
(165, '131', 'dollar', 'carte', '', '2013-02-16 19:52:52', 220, 'achat', 'PING_1', '', '', '', '', NULL, '2005-05-03', NULL),
(166, '132', 'dollar', 'cheque', '', '2013-02-16 19:52:52', 221, 'nature', 'OFF3', '', '', '', '', NULL, '2003-10-19', NULL),
(167, '110', 'euro', 'carte', '', '2013-02-16 19:52:52', 222, 'cotisation', 'OFF1', '', '', '', '', NULL, '1996-08-28', NULL),
(168, '68', 'euro', 'cotisation', '', '2013-02-16 19:52:52', 223, 'nature', 'OFF3', '', '', '', '', NULL, '2010-08-18', NULL),
(169, '56', 'dollar', 'cheque', '', '2013-02-16 19:52:52', 224, 'cotisation', 'OFF1', '', '', '', '', NULL, '2009-12-03', NULL),
(170, '70', 'dollar', 'cotisation', '', '2013-02-16 19:52:52', 225, 'cotisation', 'OFF2', '', '', '', '', NULL, '1996-07-22', NULL),
(171, '132', 'dollar', 'cotisation', '', '2013-02-16 19:52:52', 226, 'cotisation', 'OFF1', '', '', '', '', NULL, '2006-06-20', NULL),
(172, '44', 'euro', 'carte', '', '2013-02-16 19:52:52', 227, 'cotisation', 'OFF3', '', '', '', '', NULL, '2001-07-21', NULL),
(173, '96', 'dollar', 'carte', '', '2013-02-16 19:52:52', 228, 'cotisation', 'OFF3', '', '', '', '', NULL, '2011-08-06', NULL),
(174, '138', 'dollar', 'cotisation', '', '2013-02-16 19:52:52', 229, 'cotisation', 'PING_1', '', '', '', '', NULL, '2004-08-18', NULL),
(175, '102', 'euro', 'carte', '', '2013-02-16 19:52:52', 230, 'cotisation', 'OFF2', '', '', '', '', NULL, '2001-06-19', NULL),
(176, '147', 'euro', 'carte', '', '2013-02-16 19:52:52', 231, 'achat', 'OFF2', '', '', '', '', NULL, '1996-04-11', NULL),
(177, '129', 'euro', 'cheque', '', '2013-02-16 19:52:52', 232, 'achat', 'OFF1', '', '', '', '', NULL, '2001-10-17', NULL),
(178, '44', 'dollar', 'carte', '', '2013-02-16 19:52:52', 233, 'nature', 'OFF1', '', '', '', '', NULL, '2002-09-13', NULL),
(179, '44', 'euro', 'cotisation', '', '2013-02-16 19:52:52', 234, 'cheque', 'OFF1', '', '', '', '', NULL, '2004-12-20', NULL),
(180, '87', 'euro', 'cotisation', '', '2013-02-16 19:52:52', 235, 'cotisation', 'PING_1', '', '', '', '', NULL, '2001-06-23', NULL),
(181, '22', 'euro', 'carte', '', '2013-02-16 19:52:52', 236, 'cotisation', 'OFF1', '', '', '', '', NULL, '2004-02-11', NULL),
(182, '48', 'dollar', 'cotisation', '', '2013-02-16 19:52:52', 237, 'don', 'OFF2', '', '', '', '', NULL, '2000-01-17', NULL),
(183, '82', 'euro', 'cheque', '', '2013-02-16 19:52:52', 238, 'cheque', 'PING_1', '', '', '', '', NULL, '2009-03-23', NULL),
(184, '89', 'dollar', 'cheque', '', '2013-02-16 19:52:52', 239, 'don', 'PING_1', '', '', '', '', NULL, '2008-03-27', NULL),
(185, '48', 'dollar', 'carte', '', '2013-02-16 19:52:52', 240, 'achat', 'OFF2', '', '', '', '', NULL, '1996-03-24', NULL),
(186, '75', 'euro', 'cotisation', '', '2013-02-16 19:52:52', 241, 'cheque', 'OFF1', '', '', '', '', NULL, '2004-08-03', NULL),
(187, '60', 'dollar', 'cotisation', '', '2013-02-16 19:52:52', 242, 'cotisation', 'OFF1', '', '', '', '', NULL, '2006-12-09', NULL),
(188, '74', 'dollar', 'cheque', '', '2013-02-16 19:52:52', 243, 'cotisation', 'PING_1', '', '', '', '', NULL, '2011-07-16', NULL),
(189, '149', 'euro', 'cheque', '', '2013-02-16 19:52:52', 244, 'achat', 'PING_1', '', '', '', '', NULL, '2000-01-20', NULL),
(190, '47', 'euro', 'cotisation', '', '2013-02-16 19:52:52', 245, 'nature', 'PING_1', '', '', '', '', NULL, '2007-12-16', NULL),
(191, '38', 'dollar', 'cotisation', '', '2013-02-16 19:52:52', 246, 'don', 'OFF2', '', '', '', '', NULL, '2004-11-21', NULL),
(192, '84', 'euro', 'carte', '', '2013-02-16 19:52:52', 247, 'achat', 'OFF3', '', '', '', '', NULL, '2001-11-08', NULL),
(193, '122', 'dollar', 'cheque', '', '2013-02-16 19:52:52', 248, 'achat', 'OFF3', '', '', '', '', NULL, '2010-05-19', NULL),
(194, '121', 'dollar', 'cheque', '', '2013-02-16 19:52:52', 249, 'cheque', 'OFF1', '', '', '', '', NULL, '0000-00-00', NULL),
(195, '92', 'euro', 'carte', '', '2013-02-16 19:52:52', 250, 'cheque', 'OFF1', '', '', '', '', NULL, '2011-07-07', NULL),
(196, '140', 'dollar', 'carte', '', '2013-02-16 19:52:52', 251, 'don', 'OFF1', '', '', '', '', NULL, '2001-07-25', NULL),
(197, '135', 'euro', 'cotisation', '', '2013-02-16 19:52:52', 252, 'nature', 'OFF3', '', '', '', '', NULL, '2000-07-24', NULL),
(198, '26', 'euro', 'carte', '', '2013-02-16 19:52:52', 253, 'cheque', 'OFF2', '', '', '', '', NULL, '2010-01-07', NULL),
(199, '95', 'euro', 'cheque', '', '2013-02-16 19:52:52', 254, 'cotisation', 'PING_1', '', '', '', '', NULL, '2003-04-09', NULL),
(200, '83', 'euro', 'carte', '', '2013-02-16 19:52:52', 255, 'cotisation', 'OFF3', '', '', '', '', NULL, '2004-06-11', NULL),
(201, '76', 'euro', 'carte', '', '2013-02-16 19:52:52', 256, 'achat', 'PING_1', '', '', '', '', NULL, '2011-10-21', NULL),
(202, '17', 'euro', 'cheque', '', '2013-02-16 19:52:52', 257, 'cotisation', 'OFF1', '', '', '', '', NULL, '2009-11-05', NULL),
(203, '57', 'euro', 'cotisation', '', '2013-02-16 19:52:52', 258, 'achat', 'OFF1', '', '', '', '', NULL, '2003-03-04', NULL),
(204, '148', 'dollar', 'cheque', '', '2013-02-16 19:52:52', 259, 'don', 'OFF3', '', '', '', '', NULL, '2002-04-10', NULL),
(205, '66', 'dollar', 'carte', '', '2013-02-16 19:52:52', 260, 'cheque', 'OFF3', '', '', '', '', NULL, '2003-03-19', NULL),
(206, '29', 'dollar', 'cotisation', '', '2013-02-16 19:52:52', 261, 'don', 'PING_1', '', '', '', '', NULL, '2008-12-28', NULL),
(207, '92', 'dollar', 'cheque', '', '2013-02-16 19:52:52', 262, 'nature', 'OFF3', '', '', '', '', NULL, '2004-08-11', NULL),
(208, '142', 'dollar', 'cotisation', '', '2013-02-16 19:52:52', 263, 'achat', 'OFF2', '', '', '', '', NULL, '2003-03-18', NULL),
(209, '75', 'dollar', 'cheque', '', '2013-02-16 19:52:52', 264, 'don', 'OFF2', '', '', '', '', NULL, '2000-02-22', NULL),
(210, '132', 'dollar', 'carte', '', '2013-02-16 19:52:52', 265, 'cotisation', 'OFF2', '', '', '', '', NULL, '1997-01-12', NULL),
(211, '146', 'euro', 'cotisation', '', '2013-02-16 19:52:52', 266, 'don', 'OFF1', '', '', '', '', NULL, '1998-02-01', NULL),
(212, '107', 'dollar', 'carte', '', '2013-02-16 19:52:52', 267, 'don', 'PING_1', '', '', '', '', NULL, '1998-05-01', NULL),
(213, '37', 'dollar', 'carte', '', '2013-02-16 19:52:52', 268, 'nature', 'OFF2', '', '', '', '', NULL, '2009-06-15', NULL),
(214, '81', 'euro', 'cotisation', '', '2013-02-16 19:52:52', 269, 'don', 'OFF3', '', '', '', '', NULL, '2001-02-22', NULL),
(215, '13', 'dollar', 'carte', '', '2013-02-16 19:52:52', 270, 'cheque', 'OFF1', '', '', '', '', NULL, '2009-10-06', NULL),
(216, '58', 'dollar', 'cheque', '', '2013-02-16 19:52:52', 271, 'cotisation', 'OFF2', '', '', '', '', NULL, '1997-02-23', NULL),
(217, '146', 'dollar', 'carte', '', '2013-02-16 19:52:52', 272, 'don', 'PING_1', '', '', '', '', NULL, '2008-03-09', NULL),
(218, '28', 'euro', 'cheque', '', '2013-02-16 19:52:52', 273, 'don', 'OFF3', '', '', '', '', NULL, '2011-06-28', NULL),
(219, '135', 'dollar', 'carte', '', '2013-02-16 19:52:52', 274, 'don', 'OFF2', '', '', '', '', NULL, '1997-03-19', NULL),
(220, '143', 'dollar', 'carte', '', '2013-02-16 19:52:52', 275, 'nature', 'OFF2', '', '', '', '', NULL, '2006-11-18', NULL),
(221, '140', 'euro', 'cotisation', '', '2013-02-16 19:52:52', 276, 'nature', 'OFF2', '', '', '', '', NULL, '2003-02-12', NULL),
(222, '84', 'dollar', 'cheque', '', '2013-02-16 19:52:52', 277, 'nature', 'OFF2', '', '', '', '', NULL, '2005-10-05', NULL),
(223, '118', 'euro', 'cotisation', '', '2013-02-16 19:52:52', 278, 'nature', 'PING_1', '', '', '', '', NULL, '2002-10-12', NULL),
(224, '50', 'dollar', 'cheque', '', '2013-02-16 19:52:52', 279, 'cheque', 'OFF2', '', '', '', '', NULL, '2002-11-29', NULL),
(225, '10', 'euro', 'carte', '', '2013-02-16 19:52:52', 280, 'don', 'OFF2', '', '', '', '', NULL, '2003-11-20', NULL),
(226, '83', 'dollar', 'carte', '', '2013-02-16 19:52:52', 281, 'cotisation', 'PING_1', '', '', '', '', NULL, '2005-09-23', NULL),
(227, '77', 'euro', 'cheque', '', '2013-02-16 19:52:52', 282, 'cheque', 'OFF3', '', '', '', '', NULL, '1999-10-19', NULL),
(228, '127', 'euro', 'cotisation', '', '2013-02-16 19:52:52', 283, 'achat', 'PING_1', '', '', '', '', NULL, '2009-08-02', NULL),
(229, '27', 'dollar', 'cheque', '', '2013-02-16 19:52:52', 284, 'achat', 'OFF2', '', '', '', '', NULL, '1999-01-16', NULL),
(230, '72', 'euro', 'carte', '', '2013-02-16 19:52:52', 285, 'don', 'OFF1', '', '', '', '', NULL, '2005-04-02', NULL),
(231, '111', 'euro', 'cheque', '', '2013-02-16 19:52:52', 286, 'nature', 'OFF3', '', '', '', '', NULL, '1997-12-30', NULL),
(232, '30', 'euro', 'cotisation', '', '2013-02-16 19:52:52', 287, 'cotisation', 'OFF2', '', '', '', '', NULL, '2002-11-23', NULL),
(233, '121', 'euro', 'carte', '', '2013-02-16 19:52:52', 288, 'cheque', 'PING_1', '', '', '', '', NULL, '2001-09-06', NULL),
(234, '116', 'euro', 'cheque', '', '2013-02-16 19:52:52', 289, 'cheque', 'OFF1', '', '', '', '', NULL, '2011-10-13', NULL),
(235, '18', 'euro', 'cotisation', '', '2013-02-16 19:52:52', 290, 'cotisation', 'OFF1', '', '', '', '', NULL, '2004-12-10', NULL),
(236, '59', 'dollar', 'carte', '', '2013-02-16 19:52:52', 291, 'cheque', 'OFF3', '', '', '', '', NULL, '2007-10-26', NULL),
(237, '79', 'dollar', 'cotisation', '', '2013-02-16 19:52:52', 292, 'cotisation', 'OFF3', '', '', '', '', NULL, '1999-02-20', NULL),
(238, '81', 'dollar', 'cotisation', '', '2013-02-16 19:52:52', 293, 'cotisation', 'PING_1', '', '', '', '', NULL, '1999-12-09', NULL),
(239, '113', 'euro', 'cheque', '', '2013-02-16 19:52:52', 294, 'achat', 'OFF3', '', '', '', '', NULL, '1996-01-19', NULL),
(240, '86', 'euro', 'cotisation', '', '2013-02-16 19:52:52', 295, 'don', 'OFF2', '', '', '', '', NULL, '1998-05-26', NULL),
(241, '69', 'dollar', 'cheque', '', '2013-02-16 19:52:52', 296, 'cheque', 'OFF2', '', '', '', '', NULL, '2003-05-18', NULL),
(242, '108', 'euro', 'carte', '', '2013-02-16 19:52:52', 297, 'achat', 'OFF2', '', '', '', '', NULL, '2011-06-21', NULL),
(243, '12', 'euro', 'cotisation', '', '2013-02-16 19:52:52', 298, 'nature', 'OFF2', '', '', '', '', NULL, '1997-08-01', NULL),
(244, '75', 'dollar', 'cotisation', '', '2013-02-16 19:52:52', 299, 'cheque', 'OFF1', '', '', '', '', NULL, '2000-11-08', NULL),
(245, '95', 'euro', 'cheque', '', '2013-02-16 19:52:52', 300, 'achat', 'OFF3', '', '', '', '', NULL, '2003-02-17', NULL),
(246, '149', 'euro', 'carte', '', '2013-02-16 19:52:52', 301, 'don', 'PING_1', '', '', '', '', NULL, '2006-07-14', NULL),
(247, '115', 'dollar', 'carte', '', '2013-02-16 19:52:52', 302, 'cotisation', 'OFF2', '', '', '', '', NULL, '1998-04-19', NULL),
(248, '139', 'dollar', 'cotisation', '', '2013-02-16 19:52:52', 303, 'nature', 'OFF3', '', '', '', '', NULL, '2005-01-19', NULL),
(249, '145', 'euro', 'cotisation', '', '2013-02-16 19:52:52', 304, 'achat', 'OFF1', '', '', '', '', NULL, '2007-04-01', NULL),
(250, '149', 'dollar', 'cheque', '', '2013-02-16 19:52:52', 305, 'nature', 'PING_1', '', '', '', '', NULL, '2007-12-15', NULL),
(251, '122', 'euro', 'cheque', '', '2013-02-16 19:52:52', 306, 'don', 'PING_1', '', '', '', '', NULL, '2008-10-18', NULL),
(252, '44', 'euro', 'carte', '', '2013-02-16 19:52:52', 307, 'cotisation', 'PING_1', '', '', '', '', NULL, '2005-11-12', NULL),
(253, '35', 'euro', 'cheque', '', '2013-02-16 19:52:52', 308, 'cotisation', 'PING_1', '', '', '', '', NULL, '2009-03-05', NULL),
(254, '18', 'dollar', 'carte', '', '2013-02-16 19:52:52', 309, 'nature', 'PING_1', '', '', '', '', NULL, '2007-04-05', NULL),
(255, '97', 'dollar', 'cheque', '', '2013-02-16 19:52:52', 310, 'achat', 'OFF2', '', '', '', '', NULL, '2003-05-10', NULL),
(256, '119', 'euro', 'cheque', '', '2013-02-16 19:52:52', 311, 'achat', 'PING_1', '', '', '', '', NULL, '2007-08-14', NULL),
(257, '102', 'euro', 'cheque', '', '2013-02-16 19:52:52', 312, 'cotisation', 'PING_1', '', '', '', '', NULL, '2000-04-16', NULL),
(258, '73', 'dollar', 'carte', '', '2013-02-16 19:52:52', 313, 'nature', 'OFF2', '', '', '', '', NULL, '1998-12-02', NULL),
(259, '113', 'euro', 'cotisation', '', '2013-02-16 19:52:52', 314, 'nature', 'OFF2', '', '', '', '', NULL, '2007-06-28', NULL),
(260, '93', 'euro', 'cheque', '', '2013-02-16 19:52:52', 315, 'cotisation', 'OFF3', '', '', '', '', NULL, '2004-08-03', NULL),
(261, '112', 'euro', 'cotisation', '', '2013-02-16 19:52:52', 316, 'cotisation', 'OFF1', '', '', '', '', NULL, '2003-07-11', NULL),
(262, '23', 'dollar', 'cotisation', '', '2013-02-16 19:52:52', 317, 'nature', 'PING_1', '', '', '', '', NULL, '2004-11-10', NULL),
(263, '44', 'dollar', 'cotisation', '', '2013-02-16 19:52:52', 318, 'cheque', 'OFF2', '', '', '', '', NULL, '1996-01-10', NULL),
(264, '96', 'euro', 'cheque', '', '2013-02-16 19:52:52', 319, 'cotisation', 'OFF1', '', '', '', '', NULL, '2004-05-25', NULL),
(265, '90', 'dollar', 'cheque', '', '2013-02-16 19:52:52', 320, 'don', 'OFF3', '', '', '', '', NULL, '2011-03-12', NULL),
(266, '126', 'dollar', 'carte', '', '2013-02-16 19:52:52', 321, 'achat', 'PING_1', '', '', '', '', NULL, '2000-02-14', NULL),
(267, '39', 'dollar', 'cotisation', '', '2013-02-16 19:52:52', 322, 'don', 'PING_1', '', '', '', '', NULL, '2009-09-29', NULL),
(268, '90', 'dollar', 'cheque', '', '2013-02-16 19:52:52', 323, 'cheque', 'OFF2', '', '', '', '', NULL, '1999-08-04', NULL),
(269, '12', 'dollar', 'cotisation', '', '2013-02-16 19:52:52', 324, 'don', 'OFF2', '', '', '', '', NULL, '2000-05-09', NULL),
(270, '44', 'euro', 'cotisation', '', '2013-02-16 19:52:52', 325, 'cheque', 'PING_1', '', '', '', '', NULL, '2011-08-23', NULL),
(271, '75', 'dollar', 'cheque', '', '2013-02-16 19:52:52', 326, 'cotisation', 'OFF3', '', '', '', '', NULL, '2007-06-01', NULL),
(272, '10', 'dollar', 'carte', '', '2013-02-16 19:52:52', 327, 'achat', 'OFF3', '', '', '', '', NULL, '1997-04-29', NULL),
(273, '127', 'euro', 'carte', '', '2013-02-16 19:52:52', 328, 'don', 'OFF3', '', '', '', '', NULL, '2009-09-10', NULL),
(274, '128', 'euro', 'cotisation', '', '2013-02-16 19:52:52', 329, 'achat', 'OFF3', '', '', '', '', NULL, '1998-07-10', NULL),
(275, '94', 'dollar', 'cotisation', '', '2013-02-16 19:52:52', 330, 'nature', 'OFF3', '', '', '', '', NULL, '1999-10-30', NULL),
(276, '39', 'euro', 'carte', '', '2013-02-16 19:52:52', 331, 'achat', 'OFF2', '', '', '', '', NULL, '2006-10-25', NULL),
(277, '89', 'dollar', 'carte', '', '2013-02-16 19:52:52', 332, 'don', 'PING_1', '', '', '', '', NULL, '2000-10-11', NULL),
(278, '130', 'dollar', 'carte', '', '2013-02-16 19:52:52', 333, 'cotisation', 'OFF1', '', '', '', '', NULL, '1998-08-27', NULL),
(279, '26', 'dollar', 'cheque', '', '2013-02-16 19:52:52', 334, 'cotisation', 'PING_1', '', '', '', '', NULL, '2006-02-06', NULL),
(280, '59', 'dollar', 'carte', '', '2013-02-16 19:52:52', 335, 'cotisation', 'PING_1', '', '', '', '', NULL, '2001-05-26', NULL),
(281, '92', 'euro', 'cotisation', '', '2013-02-16 19:52:52', 336, 'don', 'OFF2', '', '', '', '', NULL, '2011-08-27', NULL),
(282, '49', 'euro', 'cotisation', '', '2013-02-16 19:52:52', 337, 'cotisation', 'OFF2', '', '', '', '', NULL, '2006-09-21', NULL),
(283, '53', 'dollar', 'carte', '', '2013-02-16 19:52:52', 338, 'nature', 'OFF1', '', '', '', '', NULL, '2007-09-12', NULL),
(284, '73', 'euro', 'cotisation', '', '2013-02-16 19:52:52', 339, 'cotisation', 'OFF2', '', '', '', '', NULL, '2007-07-28', NULL),
(285, '15', 'euro', 'cotisation', '', '2013-02-16 19:52:52', 340, 'cotisation', 'OFF2', '', '', '', '', NULL, '2003-12-22', NULL),
(286, '19', 'dollar', 'cheque', '', '2013-02-16 19:52:52', 341, 'don', 'OFF2', '', '', '', '', NULL, '1997-10-22', NULL),
(287, '33', 'euro', 'carte', '', '2013-02-16 19:52:52', 342, 'nature', 'PING_1', '', '', '', '', NULL, '2009-05-02', NULL),
(288, '45', 'dollar', 'carte', '', '2013-02-16 19:52:52', 343, 'nature', 'OFF2', '', '', '', '', NULL, '2000-08-11', NULL),
(289, '141', 'dollar', 'carte', '', '2013-02-16 19:52:52', 344, 'cotisation', 'OFF2', '', '', '', '', NULL, '2000-10-13', NULL),
(290, '139', 'dollar', 'carte', '', '2013-02-16 19:52:52', 345, 'cheque', 'OFF1', '', '', '', '', NULL, '2010-02-06', NULL),
(291, '101', 'euro', 'carte', '', '2013-02-16 19:52:52', 346, 'nature', 'OFF1', '', '', '', '', NULL, '2003-06-13', NULL),
(292, '55', 'dollar', 'cotisation', '', '2013-02-16 19:52:52', 347, 'don', 'OFF2', '', '', '', '', NULL, '2004-09-20', NULL),
(293, '16', 'dollar', 'cotisation', '', '2013-02-16 19:52:52', 348, 'cheque', 'PING_1', '', '', '', '', NULL, '2010-01-15', NULL),
(294, '49', 'euro', 'carte', '', '2013-02-16 19:52:52', 349, 'cheque', 'OFF3', '', '', '', '', NULL, '2006-10-25', NULL),
(295, '73', 'dollar', 'cotisation', '', '2013-02-16 19:52:52', 350, 'cheque', 'OFF2', '', '', '', '', NULL, '1998-05-10', NULL),
(296, '27', 'euro', 'carte', '', '2013-02-16 19:52:52', 351, 'don', 'PING_1', '', '', '', '', NULL, '0000-00-00', NULL),
(297, '15', 'dollar', 'cheque', '', '2013-02-16 19:52:52', 352, 'cheque', 'OFF3', '', '', '', '', NULL, '2009-10-10', NULL),
(298, '73', 'euro', 'carte', '', '2013-02-16 19:52:52', 353, 'nature', 'PING_1', '', '', '', '', NULL, '2009-06-09', NULL),
(299, '20', 'euro', 'cotisation', '', '2013-02-16 19:52:52', 354, 'nature', 'PING_1', '', '', '', '', NULL, '2002-02-13', NULL),
(300, '133', 'euro', 'carte', '', '2013-02-16 19:52:52', 355, 'achat', 'OFF2', '', '', '', '', NULL, '1996-10-28', NULL),
(301, '46', 'dollar', 'cotisation', '', '2013-02-16 19:52:52', 356, 'cotisation', 'OFF2', '', '', '', '', NULL, '2004-12-14', NULL),
(302, '92', 'euro', 'cotisation', '', '2013-02-16 19:52:52', 357, 'nature', 'PING_1', '', '', '', '', NULL, '2011-05-19', NULL),
(303, '132', 'dollar', 'cotisation', '', '2013-02-16 19:52:52', 358, 'don', 'OFF3', '', '', '', '', NULL, '2007-08-23', NULL),
(304, '93', 'euro', 'cheque', '', '2013-02-16 19:52:52', 359, 'nature', 'OFF3', '', '', '', '', NULL, '2000-06-22', NULL),
(305, '149', 'euro', 'cotisation', '', '2013-02-16 19:52:52', 360, 'cheque', 'OFF3', '', '', '', '', NULL, '2004-12-04', NULL),
(306, '100', 'euro', 'carte', '', '2013-02-16 19:52:52', 361, 'cotisation', 'OFF3', '', '', '', '', NULL, '2004-03-17', NULL),
(307, '144', 'dollar', 'carte', '', '2013-02-16 19:52:52', 362, 'don', 'OFF3', '', '', '', '', NULL, '2005-03-21', NULL),
(308, '16', 'dollar', 'cotisation', '', '2013-02-16 19:52:52', 363, 'cheque', 'OFF3', '', '', '', '', NULL, '1999-05-02', NULL),
(309, '52', 'euro', 'carte', '', '2013-02-16 19:52:52', 364, 'don', 'OFF1', '', '', '', '', NULL, '2001-06-04', NULL),
(310, '62', 'dollar', 'cotisation', '', '2013-02-16 19:52:52', 365, 'cotisation', 'OFF2', '', '', '', '', NULL, '2011-05-13', NULL),
(311, '48', 'dollar', 'cotisation', '', '2013-02-16 19:52:52', 366, 'achat', 'OFF1', '', '', '', '', NULL, '0000-00-00', NULL),
(312, '148', 'dollar', 'carte', '', '2013-02-16 19:52:52', 367, 'cheque', 'OFF2', '', '', '', '', NULL, '2001-08-02', NULL),
(313, '11', 'dollar', 'cheque', '', '2013-02-16 19:52:52', 368, 'achat', 'PING_1', '', '', '', '', NULL, '2003-01-27', NULL),
(314, '50', 'dollar', 'cotisation', '', '2013-02-16 19:52:52', 369, 'nature', 'OFF3', '', '', '', '', NULL, '2010-03-08', NULL),
(315, '100', 'euro', 'cotisation', '', '2013-02-16 19:52:52', 370, 'cheque', 'OFF3', '', '', '', '', NULL, '2010-07-25', NULL),
(316, '138', 'euro', 'cheque', '', '2013-02-16 19:52:52', 371, 'don', 'OFF3', '', '', '', '', NULL, '1998-03-12', NULL),
(317, '118', 'euro', 'cotisation', '', '2013-02-16 19:52:52', 372, 'achat', 'PING_1', '', '', '', '', NULL, '2002-05-18', NULL),
(318, '129', 'euro', 'carte', '', '2013-02-16 19:52:52', 373, 'nature', 'PING_1', '', '', '', '', NULL, '2007-04-06', NULL),
(319, '89', 'euro', 'carte', '', '2013-02-16 19:52:52', 374, 'achat', 'OFF3', '', '', '', '', NULL, '2002-08-05', NULL),
(320, '147', 'euro', 'cotisation', '', '2013-02-16 19:52:52', 375, 'cotisation', 'PING_1', '', '', '', '', NULL, '1997-05-19', NULL),
(321, '21', 'dollar', 'carte', '', '2013-02-16 19:52:52', 376, 'cheque', 'OFF1', '', '', '', '', NULL, '2005-12-20', NULL),
(322, '33', 'dollar', 'cotisation', '', '2013-02-16 19:52:52', 377, 'don', 'OFF3', '', '', '', '', NULL, '2011-09-05', NULL),
(323, '81', 'dollar', 'carte', '', '2013-02-16 19:52:52', 378, 'cotisation', 'OFF3', '', '', '', '', NULL, '2003-02-27', NULL),
(324, '61', 'dollar', 'cheque', '', '2013-02-16 19:52:52', 379, 'cotisation', 'OFF1', '', '', '', '', NULL, '2008-02-19', NULL),
(325, '52', 'euro', 'carte', '', '2013-02-16 19:52:52', 380, 'don', 'OFF3', '', '', '', '', NULL, '2005-07-30', NULL),
(326, '44', 'euro', 'cheque', '', '2013-02-16 19:52:52', 381, 'cheque', 'OFF2', '', '', '', '', NULL, '1997-01-22', NULL),
(327, '97', 'dollar', 'cotisation', '', '2013-02-16 19:52:52', 382, 'nature', 'OFF1', '', '', '', '', NULL, '2005-05-14', NULL),
(328, '10', 'dollar', 'cotisation', '', '2013-02-16 19:52:52', 383, 'cotisation', 'PING_1', '', '', '', '', NULL, '2005-11-02', NULL),
(329, '76', 'euro', 'cotisation', '', '2013-02-16 19:52:52', 384, 'cheque', 'OFF2', '', '', '', '', NULL, '2010-05-22', NULL),
(330, '136', 'dollar', 'cheque', '', '2013-02-16 19:52:52', 385, 'cheque', 'OFF3', '', '', '', '', NULL, '2007-09-06', NULL),
(331, '141', 'dollar', 'cotisation', '', '2013-02-16 19:52:52', 386, 'cotisation', 'OFF3', '', '', '', '', NULL, '1999-10-04', NULL),
(332, '88', 'euro', 'cheque', '', '2013-02-16 19:52:52', 387, 'achat', 'OFF2', '', '', '', '', NULL, '1997-04-17', NULL),
(333, '79', 'dollar', 'carte', '', '2013-02-16 19:52:52', 388, 'achat', 'OFF2', '', '', '', '', NULL, '1996-11-02', NULL),
(334, '123', 'euro', 'cotisation', '', '2013-02-16 19:52:52', 389, 'cotisation', 'PING_1', '', '', '', '', NULL, '1999-01-02', NULL),
(335, '54', 'euro', 'carte', '', '2013-02-16 19:52:52', 390, 'cheque', 'OFF3', '', '', '', '', NULL, '2011-05-18', NULL),
(336, '81', 'dollar', 'carte', '', '2013-02-16 19:52:52', 391, 'cotisation', 'OFF3', '', '', '', '', NULL, '2007-08-10', NULL),
(337, '35', 'dollar', 'cheque', '', '2013-02-16 19:52:52', 392, 'nature', 'OFF3', '', '', '', '', NULL, '2003-12-08', NULL),
(338, '64', 'euro', 'carte', '', '2013-02-16 19:52:52', 393, 'nature', 'PING_1', '', '', '', '', NULL, '1998-08-23', NULL),
(339, '54', 'dollar', 'cheque', '', '2013-02-16 19:52:52', 394, 'achat', 'PING_1', '', '', '', '', NULL, '1999-01-25', NULL),
(340, '60', 'dollar', 'carte', '', '2013-02-16 19:52:52', 395, 'achat', 'OFF3', '', '', '', '', NULL, '1997-08-05', NULL),
(341, '22', 'dollar', 'cotisation', '', '2013-02-16 19:52:52', 396, 'don', 'OFF2', '', '', '', '', NULL, '2007-10-06', NULL),
(342, '127', 'euro', 'cotisation', '', '2013-02-16 19:52:52', 397, 'cheque', 'OFF3', '', '', '', '', NULL, '1996-03-20', NULL),
(343, '75', 'euro', 'carte', '', '2013-02-16 19:52:52', 398, 'achat', 'OFF2', '', '', '', '', NULL, '2004-07-23', NULL),
(344, '25', 'dollar', 'cotisation', '', '2013-02-16 19:52:52', 399, 'achat', 'OFF3', '', '', '', '', NULL, '2005-04-02', NULL),
(345, '74', 'dollar', 'cheque', '', '2013-02-16 19:52:52', 400, 'cheque', 'OFF1', '', '', '', '', NULL, '1999-05-14', NULL),
(346, '51', 'euro', 'carte', '', '2013-02-16 19:52:52', 401, 'cheque', 'OFF1', '', '', '', '', NULL, '2001-09-27', NULL),
(347, '15', 'euro', 'cotisation', '', '2013-02-16 19:52:52', 402, 'cheque', 'OFF1', '', '', '', '', NULL, '2001-10-01', NULL),
(348, '124', 'dollar', 'carte', '', '2013-02-16 19:52:52', 403, 'achat', 'OFF1', '', '', '', '', NULL, '2009-07-27', NULL),
(349, '89', 'euro', 'cotisation', '', '2013-02-16 19:52:52', 404, 'nature', 'OFF2', '', '', '', '', NULL, '2004-06-09', NULL),
(350, '90', 'euro', 'cotisation', '', '2013-02-16 19:52:52', 405, 'achat', 'OFF2', '', '', '', '', NULL, '2005-10-17', NULL),
(351, '24', 'dollar', 'carte', '', '2013-02-16 19:52:52', 406, 'cotisation', 'OFF1', '', '', '', '', NULL, '2000-07-01', NULL),
(352, '45', 'euro', 'cotisation', '', '2013-02-16 19:52:52', 407, 'nature', 'OFF3', '', '', '', '', NULL, '1999-09-25', NULL),
(353, '61', 'euro', 'cotisation', '', '2013-02-16 19:52:52', 408, 'achat', 'OFF3', '', '', '', '', NULL, '1998-01-06', NULL),
(354, '67', 'dollar', 'cheque', '', '2013-02-16 19:52:52', 409, 'achat', 'OFF2', '', '', '', '', NULL, '1999-04-04', NULL),
(355, '77', 'dollar', 'carte', '', '2013-02-16 19:52:52', 410, 'don', 'OFF2', '', '', '', '', NULL, '2007-10-12', NULL),
(356, '144', 'euro', 'carte', '', '2013-02-16 19:52:52', 411, 'don', 'OFF3', '', '', '', '', NULL, '1999-11-12', NULL),
(357, '105', 'dollar', 'cheque', '', '2013-02-16 19:52:52', 412, 'cheque', 'OFF2', '', '', '', '', NULL, '0000-00-00', NULL),
(358, '46', 'dollar', 'cotisation', '', '2013-02-16 19:52:52', 413, 'nature', 'OFF1', '', '', '', '', NULL, '2008-05-22', NULL),
(359, '142', 'dollar', 'cotisation', '', '2013-02-16 19:52:52', 414, 'don', 'PING_1', '', '', '', '', NULL, '1999-02-14', NULL),
(360, '69', 'dollar', 'cotisation', '', '2013-02-16 19:52:52', 415, 'cheque', 'OFF3', '', '', '', '', NULL, '2003-09-17', NULL),
(361, '17', 'euro', 'carte', '', '2013-02-16 19:52:52', 416, 'cotisation', 'OFF1', '', '', '', '', NULL, '2000-07-04', NULL),
(362, '75', 'euro', 'cotisation', '', '2013-02-16 19:52:52', 417, 'don', 'OFF3', '', '', '', '', NULL, '2008-05-27', NULL),
(363, '147', 'dollar', 'cheque', '', '2013-02-16 19:52:52', 418, 'nature', 'OFF3', '', '', '', '', NULL, '2000-03-22', NULL),
(364, '120', 'euro', 'cheque', '', '2013-02-16 19:52:52', 419, 'don', 'OFF2', '', '', '', '', NULL, '2001-06-23', NULL),
(365, '12', 'dollar', 'carte', '', '2013-02-16 19:52:52', 420, 'nature', 'OFF2', '', '', '', '', NULL, '2009-06-03', NULL),
(366, '31', 'dollar', 'cheque', '', '2013-02-16 19:52:52', 421, 'achat', 'PING_1', '', '', '', '', NULL, '2007-05-03', NULL),
(367, '143', 'dollar', 'carte', '', '2013-02-16 19:52:52', 422, 'cheque', 'OFF3', '', '', '', '', NULL, '2002-10-05', NULL),
(368, '29', 'dollar', 'cotisation', '', '2013-02-16 19:52:52', 423, 'nature', 'OFF3', '', '', '', '', NULL, '2003-03-20', NULL),
(369, '104', 'dollar', 'cotisation', '', '2013-02-16 19:52:52', 424, 'don', 'PING_1', '', '', '', '', NULL, '2006-07-28', NULL),
(370, '44', 'euro', 'cheque', '', '2013-02-16 19:52:52', 425, 'cotisation', 'PING_1', '', '', '', '', NULL, '1997-05-03', NULL),
(371, '144', 'dollar', 'carte', '', '2013-02-16 19:52:52', 426, 'nature', 'OFF1', '', '', '', '', NULL, '1997-11-08', NULL),
(372, '48', 'euro', 'carte', '', '2013-02-16 19:52:52', 427, 'cheque', 'PING_1', '', '', '', '', NULL, '1999-07-29', NULL),
(373, '32', 'euro', 'carte', '', '2013-02-16 19:52:52', 428, 'achat', 'OFF3', '', '', '', '', NULL, '2000-02-10', NULL),
(374, '83', 'dollar', 'cheque', '', '2013-02-16 19:52:52', 429, 'cheque', 'PING_1', '', '', '', '', NULL, '2001-04-10', NULL),
(375, '13', 'euro', 'cheque', '', '2013-02-16 19:52:52', 430, 'achat', 'OFF3', '', '', '', '', NULL, '2008-09-26', NULL),
(376, '133', 'dollar', 'carte', '', '2013-02-16 19:52:52', 431, 'achat', 'PING_1', '', '', '', '', NULL, '1998-03-12', NULL),
(377, '49', 'euro', 'cotisation', '', '2013-02-16 19:52:52', 432, 'achat', 'OFF3', '', '', '', '', NULL, '1999-06-18', NULL),
(378, '76', 'dollar', 'carte', '', '2013-02-16 19:52:52', 433, 'cotisation', 'OFF2', '', '', '', '', NULL, '1997-10-15', NULL),
(379, '127', 'dollar', 'cheque', '', '2013-02-16 19:52:52', 434, 'don', 'OFF2', '', '', '', '', NULL, '1996-09-16', NULL),
(380, '77', 'dollar', 'cheque', '', '2013-02-16 19:52:52', 435, 'don', 'OFF3', '', '', '', '', NULL, '2007-03-16', NULL),
(381, '117', 'euro', 'cotisation', '', '2013-02-16 19:52:52', 436, 'nature', 'PING_1', '', '', '', '', NULL, '2010-12-04', NULL),
(382, '92', 'dollar', 'cotisation', '', '2013-02-16 19:52:52', 437, 'cotisation', 'PING_1', '', '', '', '', NULL, '2007-01-01', NULL),
(383, '144', 'euro', 'carte', '', '2013-02-16 19:52:52', 438, 'achat', 'OFF3', '', '', '', '', NULL, '2001-02-01', NULL),
(384, '42', 'dollar', 'cheque', '', '2013-02-16 19:52:52', 439, 'don', 'OFF1', '', '', '', '', NULL, '2004-10-01', NULL),
(385, '21', 'euro', 'carte', '', '2013-02-16 19:52:52', 440, 'cotisation', 'OFF2', '', '', '', '', NULL, '2011-03-01', NULL),
(386, '141', 'euro', 'cheque', '', '2013-02-16 19:52:52', 441, 'achat', 'PING_1', '', '', '', '', NULL, '2008-06-14', NULL),
(387, '129', 'dollar', 'cheque', '', '2013-02-16 19:52:52', 442, 'nature', 'PING_1', '', '', '', '', NULL, '1999-09-26', NULL),
(388, '54', 'dollar', 'cotisation', '', '2013-02-16 19:52:52', 443, 'don', 'OFF2', '', '', '', '', NULL, '2011-08-08', NULL),
(389, '81', 'euro', 'carte', '', '2013-02-16 19:52:52', 444, 'cotisation', 'OFF1', '', '', '', '', NULL, '2008-07-19', NULL),
(390, '97', 'euro', 'cotisation', '', '2013-02-16 19:52:52', 445, 'don', 'PING_1', '', '', '', '', NULL, '2007-08-28', NULL),
(391, '106', 'euro', 'cotisation', '', '2013-02-16 19:52:52', 446, 'nature', 'OFF3', '', '', '', '', NULL, '1998-10-01', NULL),
(392, '103', 'dollar', 'carte', '', '2013-02-16 19:52:52', 447, 'cotisation', 'OFF2', '', '', '', '', NULL, '2005-02-28', NULL),
(393, '33', 'dollar', 'carte', '', '2013-02-16 19:52:52', 448, 'achat', 'OFF1', '', '', '', '', NULL, '2010-02-03', NULL),
(394, '62', 'dollar', 'cheque', '', '2013-02-16 19:52:52', 449, 'nature', 'OFF2', '', '', '', '', NULL, '1998-01-23', NULL),
(395, '84', 'euro', 'cotisation', '', '2013-02-16 19:52:52', 450, 'nature', 'OFF3', '', '', '', '', NULL, '2005-08-24', NULL),
(396, '135', 'dollar', 'cotisation', '', '2013-02-16 19:52:52', 451, 'nature', 'OFF1', '', '', '', '', NULL, '2010-08-17', NULL),
(397, '142', 'dollar', 'cheque', '', '2013-02-16 19:52:52', 452, 'cheque', 'OFF2', '', '', '', '', NULL, '2009-02-18', NULL),
(398, '126', 'dollar', 'carte', '', '2013-02-16 19:52:52', 453, 'don', 'PING_1', '', '', '', '', NULL, '2003-09-27', NULL),
(399, '29', 'euro', 'carte', '', '2013-02-16 19:52:52', 454, 'cheque', 'OFF3', '', '', '', '', NULL, '1998-08-05', NULL),
(400, '93', 'euro', 'carte', '', '2013-02-16 19:52:52', 455, 'achat', 'PING_1', '', '', '', '', NULL, '2002-01-12', NULL),
(401, '102', 'euro', 'cheque', '', '2013-02-16 19:52:52', 456, 'achat', 'PING_1', '', '', '', '', NULL, '1997-07-19', NULL),
(402, '80', 'euro', 'cheque', '', '2013-02-16 19:52:52', 457, 'nature', 'OFF1', '', '', '', '', NULL, '1999-09-22', NULL),
(403, '34', 'euro', 'carte', '', '2013-02-16 19:52:52', 458, 'cheque', 'OFF1', '', '', '', '', NULL, '1999-01-03', NULL),
(404, '28', 'euro', 'carte', '', '2013-02-16 19:52:52', 459, 'don', 'OFF1', '', '', '', '', NULL, '2004-02-20', NULL),
(405, '115', 'dollar', 'carte', '', '2013-02-16 19:52:52', 460, 'achat', 'PING_1', '', '', '', '', NULL, '1997-10-02', NULL),
(406, '87', 'dollar', 'cotisation', '', '2013-02-16 19:52:52', 461, 'cheque', 'OFF1', '', '', '', '', NULL, '2010-01-02', NULL),
(407, '20', 'euro', 'cotisation', '', '2013-02-16 19:52:52', 462, 'don', 'PING_1', '', '', '', '', NULL, '2001-12-18', NULL),
(408, '102', 'dollar', 'carte', '', '2013-02-16 19:52:52', 463, 'cotisation', 'OFF1', '', '', '', '', NULL, '2010-06-05', NULL),
(409, '107', 'euro', 'cheque', '', '2013-02-16 19:52:52', 464, 'cotisation', 'PING_1', '', '', '', '', NULL, '2003-06-07', NULL),
(410, '25', 'euro', 'cotisation', '', '2013-02-16 19:52:52', 465, 'achat', 'PING_1', '', '', '', '', NULL, '1996-04-02', NULL),
(411, '30', 'euro', 'cotisation', '', '2013-02-16 19:52:52', 466, 'don', 'PING_1', '', '', '', '', NULL, '2011-04-22', NULL),
(412, '22', 'dollar', 'cotisation', '', '2013-02-16 19:52:52', 467, 'cotisation', 'OFF1', '', '', '', '', NULL, '2010-02-16', NULL),
(413, '92', 'euro', 'cotisation', '', '2013-02-16 19:52:52', 468, 'don', 'OFF1', '', '', '', '', NULL, '2005-09-04', NULL),
(414, '17', 'dollar', 'carte', '', '2013-02-16 19:52:52', 469, 'achat', 'OFF2', '', '', '', '', NULL, '1997-11-06', NULL),
(415, '75', 'dollar', 'cotisation', '', '2013-02-16 19:52:52', 470, 'achat', 'OFF1', '', '', '', '', NULL, '2007-10-01', NULL),
(416, '48', 'euro', 'carte', '', '2013-02-16 19:52:52', 471, 'achat', 'OFF3', '', '', '', '', NULL, '1997-02-24', NULL),
(417, '65', 'dollar', 'carte', '', '2013-02-16 19:52:52', 472, 'don', 'PING_1', '', '', '', '', NULL, '1996-12-21', NULL),
(418, '147', 'euro', 'carte', '', '2013-02-16 19:52:52', 473, 'nature', 'OFF3', '', '', '', '', NULL, '2004-09-04', NULL),
(419, '137', 'dollar', 'carte', '', '2013-02-16 19:52:52', 474, 'cotisation', 'OFF3', '', '', '', '', NULL, '2011-05-31', NULL),
(420, '112', 'dollar', 'cotisation', '', '2013-02-16 19:52:52', 475, 'nature', 'OFF1', '', '', '', '', NULL, '2011-01-28', NULL),
(421, '145', 'dollar', 'cotisation', '', '2013-02-16 19:52:52', 476, 'cotisation', 'PING_1', '', '', '', '', NULL, '1999-01-01', NULL),
(422, '79', 'euro', 'carte', '', '2013-02-16 19:52:52', 477, 'don', 'OFF3', '', '', '', '', NULL, '2010-07-28', NULL),
(423, '31', 'euro', 'cotisation', '', '2013-02-16 19:52:52', 478, 'cotisation', 'OFF2', '', '', '', '', NULL, '2001-02-26', NULL),
(424, '146', 'dollar', 'cheque', '', '2013-02-16 19:52:52', 479, 'cheque', 'OFF1', '', '', '', '', NULL, '2011-04-03', NULL);
INSERT INTO `dons` (`DON_ID`, `DON_MONTANT`, `DON_DEVISE`, `DON_MODE`, `DON_COMMENTAIRE`, `DON_DATEADDED`, `CON_ID`, `DON_TYPE`, `OFF_ID`, `DON_C_NUM`, `DON_C_COMPTE`, `DON_C_BANQ_EMISSION`, `DON_C_BANQ_DEPOT`, `DON_C_DATE_DEPOT`, `DON_DATE`, `DON_RECU_ID`) VALUES
(425, '134', 'dollar', 'cheque', '', '2013-02-16 19:52:52', 480, 'nature', 'PING_1', '', '', '', '', NULL, '2008-08-27', NULL),
(426, '129', 'euro', 'carte', '', '2013-02-16 19:52:52', 481, 'achat', 'OFF2', '', '', '', '', NULL, '2007-08-23', NULL),
(427, '117', 'dollar', 'carte', '', '2013-02-16 19:52:52', 482, 'don', 'OFF2', '', '', '', '', NULL, '1999-05-23', NULL),
(428, '26', 'dollar', 'carte', '', '2013-02-16 19:52:52', 483, 'don', 'OFF1', '', '', '', '', NULL, '2007-10-23', NULL),
(429, '95', 'dollar', 'cheque', '', '2013-02-16 19:52:52', 484, 'don', 'OFF2', '', '', '', '', NULL, '1997-05-05', NULL),
(430, '29', 'euro', 'cheque', '', '2013-02-16 19:52:52', 485, 'cheque', 'PING_1', '', '', '', '', NULL, '2003-01-15', NULL),
(431, '15', 'euro', 'cheque', '', '2013-02-16 19:52:52', 486, 'don', 'PING_1', '', '', '', '', NULL, '1997-09-07', NULL),
(432, '40', 'dollar', 'cotisation', '', '2013-02-16 19:52:52', 487, 'nature', 'PING_1', '', '', '', '', NULL, '2005-04-14', NULL),
(433, '60', 'euro', 'cheque', '', '2013-02-16 19:52:52', 488, 'cotisation', 'OFF1', '', '', '', '', NULL, '2008-11-05', NULL),
(434, '72', 'euro', 'cheque', '', '2013-02-16 19:52:52', 489, 'cheque', 'OFF1', '', '', '', '', NULL, '2006-10-09', NULL),
(435, '29', 'euro', 'cheque', '', '2013-02-16 19:52:52', 490, 'achat', 'OFF2', '', '', '', '', NULL, '2005-07-17', NULL),
(436, '33', 'dollar', 'carte', '', '2013-02-16 19:52:52', 491, 'nature', 'OFF2', '', '', '', '', NULL, '1998-05-24', NULL),
(437, '37', 'euro', 'carte', '', '2013-02-16 19:52:52', 492, 'achat', 'PING_1', '', '', '', '', NULL, '1999-02-28', NULL),
(438, '56', 'euro', 'carte', '', '2013-02-16 19:52:52', 493, 'achat', 'OFF2', '', '', '', '', NULL, '2007-10-07', NULL),
(439, '11', 'euro', 'cheque', '', '2013-02-16 19:52:52', 494, 'cotisation', 'OFF1', '', '', '', '', NULL, '1997-06-02', NULL),
(440, '87', 'euro', 'carte', '', '2013-02-16 19:52:52', 495, 'nature', 'OFF3', '', '', '', '', NULL, '2010-10-03', NULL),
(441, '134', 'dollar', 'cotisation', '', '2013-02-16 19:52:52', 496, 'achat', 'OFF1', '', '', '', '', NULL, '2010-11-11', NULL),
(442, '78', 'dollar', 'cotisation', '', '2013-02-16 19:52:52', 497, 'nature', 'OFF1', '', '', '', '', NULL, '1999-06-25', NULL),
(443, '61', 'dollar', 'carte', '', '2013-02-16 19:52:52', 498, 'cotisation', 'OFF2', '', '', '', '', NULL, '1999-07-04', NULL),
(444, '139', 'euro', 'cotisation', '', '2013-02-16 19:52:52', 499, 'don', 'OFF3', '', '', '', '', NULL, '2001-06-04', NULL),
(445, '39', 'euro', 'cotisation', '', '2013-02-16 19:52:52', 500, 'nature', 'OFF3', '', '', '', '', NULL, '2003-10-30', NULL),
(446, '47', 'dollar', 'cheque', '', '2013-02-16 19:52:52', 501, 'nature', 'PING_1', '', '', '', '', NULL, '2007-01-09', NULL),
(447, '131', 'dollar', 'cotisation', '', '2013-02-16 19:52:52', 502, 'nature', 'OFF3', '', '', '', '', NULL, '2001-01-30', NULL),
(448, '86', 'dollar', 'cotisation', '', '2013-02-16 19:52:52', 503, 'cotisation', 'OFF2', '', '', '', '', NULL, '2010-10-30', NULL),
(449, '93', 'dollar', 'cotisation', '', '2013-02-16 19:52:52', 504, 'achat', 'OFF2', '', '', '', '', NULL, '2000-02-24', NULL),
(450, '125', 'euro', 'carte', '', '2013-02-16 19:52:52', 505, 'cotisation', 'OFF1', '', '', '', '', NULL, '2004-04-02', NULL),
(451, '133', 'euro', 'carte', '', '2013-02-16 19:52:52', 506, 'cheque', 'OFF2', '', '', '', '', NULL, '2011-01-24', NULL),
(452, '70', 'euro', 'carte', '', '2013-02-16 19:52:52', 507, 'don', 'PING_1', '', '', '', '', NULL, '1998-06-20', NULL),
(453, '66', 'euro', 'cotisation', '', '2013-02-16 19:52:52', 508, 'don', 'OFF2', '', '', '', '', NULL, '2011-12-27', NULL),
(454, '34', 'dollar', 'carte', '', '2013-02-16 19:52:52', 509, 'achat', 'OFF2', '', '', '', '', NULL, '2001-06-25', NULL),
(455, '87', 'euro', 'carte', '', '2013-02-16 19:52:52', 510, 'nature', 'OFF1', '', '', '', '', NULL, '2007-10-24', NULL),
(456, '89', 'dollar', 'cotisation', '', '2013-02-16 19:52:52', 511, 'cheque', 'OFF1', '', '', '', '', NULL, '2006-01-20', NULL),
(457, '103', 'euro', 'cotisation', '', '2013-02-16 19:52:52', 512, 'nature', 'PING_1', '', '', '', '', NULL, '2010-03-22', NULL),
(458, '28', 'euro', 'cotisation', '', '2013-02-16 19:52:52', 513, 'don', 'OFF1', '', '', '', '', NULL, '2005-04-10', NULL),
(459, '146', 'euro', 'cheque', '', '2013-02-16 19:52:52', 514, 'cheque', 'OFF2', '', '', '', '', NULL, '1996-06-01', NULL),
(460, '97', 'euro', 'carte', '', '2013-02-16 19:52:52', 515, 'don', 'OFF1', '', '', '', '', NULL, '2008-04-28', NULL),
(461, '52', 'dollar', 'carte', '', '2013-02-16 19:52:52', 516, 'cotisation', 'OFF2', '', '', '', '', NULL, '2006-04-18', NULL),
(462, '61', 'euro', 'carte', '', '2013-02-16 19:52:52', 517, 'achat', 'PING_1', '', '', '', '', NULL, '2007-10-26', NULL),
(463, '140', 'dollar', 'cheque', '', '2013-02-16 19:52:52', 518, 'don', 'PING_1', '', '', '', '', NULL, '2001-10-11', NULL),
(464, '36', 'euro', 'cotisation', '', '2013-02-16 19:52:52', 519, 'cotisation', 'PING_1', '', '', '', '', NULL, '1996-10-27', NULL),
(465, '26', 'dollar', 'carte', '', '2013-02-16 19:52:52', 520, 'cotisation', 'OFF1', '', '', '', '', NULL, '2006-06-29', NULL),
(466, '44', 'euro', 'carte', '', '2013-02-16 19:52:52', 521, 'don', 'OFF2', '', '', '', '', NULL, '2000-03-04', NULL),
(467, '27', 'euro', 'cotisation', '', '2013-02-16 19:52:52', 522, 'nature', 'OFF3', '', '', '', '', NULL, '1999-04-03', NULL),
(468, '93', 'euro', 'cotisation', '', '2013-02-16 19:52:52', 523, 'nature', 'OFF2', '', '', '', '', NULL, '1996-08-30', NULL),
(469, '95', 'dollar', 'cotisation', '', '2013-02-16 19:52:52', 524, 'don', 'OFF1', '', '', '', '', NULL, '2004-06-28', NULL),
(470, '12', 'dollar', 'carte', '', '2013-02-16 19:52:52', 525, 'nature', 'OFF3', '', '', '', '', NULL, '2008-11-02', NULL),
(471, '141', 'dollar', 'cotisation', '', '2013-02-16 19:52:52', 526, 'achat', 'OFF2', '', '', '', '', NULL, '1998-08-09', NULL),
(472, '144', 'euro', 'cheque', '', '2013-02-16 19:52:52', 527, 'cotisation', 'PING_1', '', '', '', '', NULL, '1998-01-28', NULL),
(473, '37', 'dollar', 'carte', '', '2013-02-16 19:52:52', 528, 'achat', 'OFF3', '', '', '', '', NULL, '2006-12-19', NULL),
(474, '119', 'dollar', 'cheque', '', '2013-02-16 19:52:52', 529, 'cheque', 'OFF3', '', '', '', '', NULL, '2007-07-04', NULL),
(475, '104', 'dollar', 'cheque', '', '2013-02-16 19:52:52', 530, 'achat', 'OFF3', '', '', '', '', NULL, '2006-01-29', NULL),
(476, '48', 'euro', 'carte', '', '2013-02-16 19:52:52', 531, 'don', 'PING_1', '', '', '', '', NULL, '2011-10-28', NULL),
(477, '147', 'euro', 'cheque', '', '2013-02-16 19:52:52', 532, 'cotisation', 'OFF1', '', '', '', '', NULL, '2005-11-07', NULL),
(478, '72', 'euro', 'cotisation', '', '2013-02-16 19:52:52', 533, 'nature', 'OFF2', '', '', '', '', NULL, '2005-11-14', NULL),
(479, '62', 'euro', 'cotisation', '', '2013-02-16 19:52:52', 534, 'achat', 'OFF1', '', '', '', '', NULL, '1998-04-17', NULL),
(480, '47', 'euro', 'cheque', '', '2013-02-16 19:52:52', 535, 'cheque', 'PING_1', '', '', '', '', NULL, '2011-11-16', NULL),
(481, '144', 'euro', 'cotisation', '', '2013-02-16 19:52:52', 536, 'nature', 'OFF1', '', '', '', '', NULL, '2009-07-19', NULL),
(482, '99', 'euro', 'cotisation', '', '2013-02-16 19:52:52', 537, 'cheque', 'PING_1', '', '', '', '', NULL, '2009-06-04', NULL),
(483, '141', 'euro', 'cheque', '', '2013-02-16 19:52:52', 538, 'don', 'PING_1', '', '', '', '', NULL, '2000-05-08', NULL),
(484, '100', 'dollar', 'cotisation', '', '2013-02-16 19:52:52', 539, 'cheque', 'OFF2', '', '', '', '', NULL, '2006-07-06', NULL),
(485, '146', 'dollar', 'cotisation', '', '2013-02-16 19:52:52', 540, 'don', 'OFF1', '', '', '', '', NULL, '2010-10-13', NULL),
(486, '140', 'dollar', 'cheque', '', '2013-02-16 19:52:52', 541, 'nature', 'OFF1', '', '', '', '', NULL, '1996-01-29', NULL),
(487, '28', 'euro', 'cheque', '', '2013-02-16 19:52:52', 542, 'achat', 'PING_1', '', '', '', '', NULL, '2002-07-23', NULL),
(488, '111', 'dollar', 'carte', '', '2013-02-16 19:52:52', 543, 'cheque', 'PING_1', '', '', '', '', NULL, '2004-03-21', NULL),
(489, '88', 'euro', 'cheque', '', '2013-02-16 19:52:52', 544, 'cotisation', 'OFF3', '', '', '', '', NULL, '2000-05-14', NULL),
(490, '79', 'dollar', 'cheque', '', '2013-02-16 19:52:52', 545, 'cheque', 'OFF1', '', '', '', '', NULL, '2006-08-19', NULL),
(491, '71', 'euro', 'cheque', '', '2013-02-16 19:52:52', 546, 'cheque', 'OFF2', '', '', '', '', NULL, '1997-02-08', NULL),
(492, '125', 'euro', 'carte', '', '2013-02-16 19:52:52', 547, 'cotisation', 'OFF1', '', '', '', '', NULL, '1996-06-08', NULL),
(493, '38', 'dollar', 'cotisation', '', '2013-02-16 19:52:52', 548, 'nature', 'OFF2', '', '', '', '', NULL, '2002-07-09', NULL),
(494, '96', 'euro', 'cotisation', '', '2013-02-16 19:52:52', 549, 'nature', 'PING_1', '', '', '', '', NULL, '1999-10-09', NULL),
(495, '26', 'euro', 'cotisation', '', '2013-02-16 19:52:52', 550, 'cotisation', 'PING_1', '', '', '', '', NULL, '2008-07-27', NULL),
(496, '128', 'dollar', 'cotisation', '', '2013-02-16 19:52:52', 551, 'cheque', 'PING_1', '', '', '', '', NULL, '2007-05-08', NULL),
(497, '32', 'dollar', 'cotisation', '', '2013-02-16 19:52:52', 552, 'achat', 'OFF1', '', '', '', '', NULL, '2009-02-14', NULL),
(498, '36', 'dollar', 'cotisation', '', '2013-02-16 19:52:52', 553, 'cotisation', 'OFF2', '', '', '', '', NULL, '1999-07-06', NULL),
(499, '61', 'euro', 'cheque', '', '2013-02-16 19:52:52', 554, 'achat', 'OFF3', '', '', '', '', NULL, '1997-06-22', NULL),
(500, '101', 'euro', 'cheque', '', '2013-02-16 19:52:52', 555, 'nature', 'OFF3', '', '', '', '', NULL, '1998-07-20', NULL),
(501, '66', 'euro', 'carte', '', '2013-02-16 19:52:52', 556, 'achat', 'OFF2', '', '', '', '', NULL, '1997-06-03', NULL),
(502, '129', 'dollar', 'carte', '', '2013-02-16 19:52:52', 557, 'cotisation', 'PING_1', '', '', '', '', NULL, '1997-12-30', NULL),
(503, '40', 'dollar', 'cheque', '', '2013-02-16 19:52:52', 558, 'achat', 'PING_1', '', '', '', '', NULL, '2002-06-26', NULL),
(504, '148', 'euro', 'carte', '', '2013-02-16 19:52:52', 559, 'cotisation', 'OFF1', '', '', '', '', NULL, '2006-05-16', NULL),
(505, '120', 'euro', 'cotisation', '', '2013-02-16 19:52:52', 560, 'nature', 'PING_1', '', '', '', '', NULL, '2006-12-16', NULL),
(506, '56', 'euro', 'cotisation', '', '2013-02-16 19:52:52', 561, 'don', 'PING_1', '', '', '', '', NULL, '2002-01-23', NULL),
(507, '51', 'euro', 'carte', '', '2013-02-16 19:52:52', 562, 'cheque', 'OFF1', '', '', '', '', NULL, '2001-04-17', NULL),
(508, '54', 'dollar', 'cotisation', '', '2013-02-16 19:52:52', 563, 'achat', 'OFF2', '', '', '', '', NULL, '2010-10-06', NULL),
(509, '18', 'euro', 'cheque', '', '2013-02-16 19:52:52', 564, 'nature', 'OFF3', '', '', '', '', NULL, '1996-12-16', NULL),
(510, '134', 'euro', 'cotisation', '', '2013-02-16 19:52:52', 565, 'cheque', 'PING_1', '', '', '', '', NULL, '2006-09-23', NULL),
(511, '42', 'dollar', 'carte', '', '2013-02-16 19:52:52', 566, 'don', 'OFF3', '', '', '', '', NULL, '2000-04-05', NULL),
(512, '121', 'dollar', 'cheque', '', '2013-02-16 19:52:52', 567, 'nature', 'OFF2', '', '', '', '', NULL, '2001-11-10', NULL),
(513, '104', 'euro', 'cotisation', '', '2013-02-16 19:52:52', 568, 'nature', 'OFF3', '', '', '', '', NULL, '2006-05-07', NULL),
(514, '117', 'euro', 'carte', '', '2013-02-16 19:52:52', 569, 'cheque', 'OFF2', '', '', '', '', NULL, '2001-01-01', NULL),
(515, '77', 'euro', 'cotisation', '', '2013-02-16 19:52:52', 570, 'don', 'OFF3', '', '', '', '', NULL, '2008-05-21', NULL),
(516, '103', 'dollar', 'carte', '', '2013-02-16 19:52:52', 571, 'cotisation', 'OFF1', '', '', '', '', NULL, '2002-08-05', NULL),
(517, '138', 'euro', 'cotisation', '', '2013-02-16 19:52:52', 572, 'cotisation', 'PING_1', '', '', '', '', NULL, '1997-12-13', NULL),
(518, '143', 'euro', 'cheque', '', '2013-02-16 19:52:52', 573, 'achat', 'PING_1', '', '', '', '', NULL, '2011-12-20', NULL),
(519, '33', 'dollar', 'cotisation', '', '2013-02-16 19:52:52', 574, 'cotisation', 'PING_1', '', '', '', '', NULL, '2000-11-12', NULL),
(520, '114', 'dollar', 'cotisation', '', '2013-02-16 19:52:52', 575, 'don', 'OFF3', '', '', '', '', NULL, '2006-08-15', NULL),
(521, '137', 'dollar', 'cheque', '', '2013-02-16 19:52:52', 576, 'cheque', 'OFF2', '', '', '', '', NULL, '2009-08-07', NULL),
(522, '42', 'euro', 'cotisation', '', '2013-02-16 19:52:52', 577, 'nature', 'PING_1', '', '', '', '', NULL, '1996-03-30', NULL),
(523, '56', 'dollar', 'carte', '', '2013-02-16 19:52:52', 578, 'don', 'OFF1', '', '', '', '', NULL, '2002-11-16', NULL),
(524, '124', 'euro', 'cheque', '', '2013-02-16 19:52:52', 579, 'don', 'PING_1', '', '', '', '', NULL, '2005-12-18', NULL),
(525, '91', 'dollar', 'cheque', '', '2013-02-16 19:52:52', 580, 'cotisation', 'OFF2', '', '', '', '', NULL, '2002-06-09', NULL),
(526, '52', 'dollar', 'cheque', '', '2013-02-16 19:52:52', 581, 'achat', 'PING_1', '', '', '', '', NULL, '2011-10-03', NULL),
(527, '115', 'dollar', 'carte', '', '2013-02-16 19:52:52', 582, 'don', 'PING_1', '', '', '', '', NULL, '2004-05-31', NULL),
(528, '51', 'euro', 'cheque', '', '2013-02-16 19:52:52', 583, 'nature', 'OFF1', '', '', '', '', NULL, '2007-11-07', NULL),
(529, '102', 'euro', 'cotisation', '', '2013-02-16 19:52:52', 584, 'nature', 'OFF2', '', '', '', '', NULL, '2000-09-27', NULL),
(530, '80', 'dollar', 'carte', '', '2013-02-16 19:52:52', 585, 'cotisation', 'OFF3', '', '', '', '', NULL, '2001-08-05', NULL),
(531, '39', 'dollar', 'cotisation', '', '2013-02-16 19:52:52', 586, 'cotisation', 'PING_1', '', '', '', '', NULL, '1999-08-17', NULL),
(532, '105', 'dollar', 'cheque', '', '2013-02-16 19:52:52', 587, 'cotisation', 'PING_1', '', '', '', '', NULL, '2003-02-07', NULL),
(533, '104', 'dollar', 'cotisation', '', '2013-02-16 19:52:52', 588, 'don', 'OFF3', '', '', '', '', NULL, '2010-02-01', NULL),
(534, '33', 'euro', 'carte', '', '2013-02-16 19:52:52', 589, 'achat', 'OFF1', '', '', '', '', NULL, '2006-02-03', NULL),
(535, '10', 'dollar', 'cotisation', '', '2013-02-16 19:52:52', 590, 'cotisation', 'OFF1', '', '', '', '', NULL, '2011-01-22', NULL),
(536, '149', 'euro', 'cotisation', '', '2013-02-16 19:52:52', 591, 'nature', 'OFF2', '', '', '', '', NULL, '2003-04-16', NULL),
(537, '11', 'euro', 'cotisation', '', '2013-02-16 19:52:52', 592, 'achat', 'OFF2', '', '', '', '', NULL, '2010-05-27', NULL),
(538, '53', 'dollar', 'cotisation', '', '2013-02-16 19:52:52', 593, 'cheque', 'OFF2', '', '', '', '', NULL, '2002-07-05', NULL),
(539, '82', 'dollar', 'cotisation', '', '2013-02-16 19:52:52', 594, 'don', 'OFF3', '', '', '', '', NULL, '2000-07-07', NULL),
(540, '55', 'dollar', 'cheque', '', '2013-02-16 19:52:52', 595, 'cotisation', 'PING_1', '', '', '', '', NULL, '1997-02-23', NULL),
(541, '121', 'euro', 'carte', '', '2013-02-16 19:52:52', 596, 'don', 'OFF1', '', '', '', '', NULL, '2006-09-22', NULL),
(542, '123', 'euro', 'carte', '', '2013-02-16 19:52:52', 597, 'achat', 'OFF2', '', '', '', '', NULL, '1996-11-12', NULL),
(543, '110', 'euro', 'cotisation', '', '2013-02-16 19:52:52', 598, 'cheque', 'OFF2', '', '', '', '', NULL, '2005-03-17', NULL),
(544, '59', 'euro', 'cotisation', '', '2013-02-16 19:52:52', 599, 'don', 'PING_1', '', '', '', '', NULL, '2010-12-27', NULL),
(545, '20', 'dollar', 'cotisation', '', '2013-02-16 19:52:52', 600, 'achat', 'OFF2', '', '', '', '', NULL, '2007-10-26', NULL),
(546, '63', 'euro', 'carte', '', '2013-02-16 19:52:52', 601, 'cotisation', 'OFF1', '', '', '', '', NULL, '1998-12-05', NULL),
(547, '97', 'euro', 'cheque', '', '2013-02-16 19:52:52', 602, 'cotisation', 'OFF2', '', '', '', '', NULL, '2004-08-11', NULL),
(548, '109', 'euro', 'cotisation', '', '2013-02-16 19:52:52', 603, 'don', 'PING_1', '', '', '', '', NULL, '2002-01-08', NULL),
(549, '91', 'dollar', 'cheque', '', '2013-02-16 19:52:52', 604, 'nature', 'OFF3', '', '', '', '', NULL, '2005-02-05', NULL),
(550, '81', 'dollar', 'cheque', '', '2013-02-16 19:52:52', 605, 'nature', 'OFF3', '', '', '', '', NULL, '1998-04-24', NULL),
(551, '125', 'dollar', 'cotisation', '', '2013-02-16 19:52:52', 606, 'achat', 'OFF3', '', '', '', '', NULL, '2003-11-01', NULL),
(552, '129', 'dollar', 'cheque', '', '2013-02-16 19:52:52', 607, 'cheque', 'OFF3', '', '', '', '', NULL, '1996-01-16', NULL),
(553, '10', 'dollar', 'carte', '', '2013-02-16 19:52:52', 608, 'cotisation', 'OFF2', '', '', '', '', NULL, '2007-06-09', NULL),
(554, '89', 'dollar', 'cotisation', '', '2013-02-16 19:52:52', 609, 'don', 'PING_1', '', '', '', '', NULL, '2005-07-26', NULL),
(555, '141', 'euro', 'carte', '', '2013-02-16 19:52:52', 610, 'don', 'OFF1', '', '', '', '', NULL, '2011-12-30', NULL),
(556, '135', 'dollar', 'carte', '', '2013-02-16 19:52:52', 611, 'don', 'PING_1', '', '', '', '', NULL, '2002-02-14', NULL),
(557, '112', 'dollar', 'cheque', '', '2013-02-16 19:52:52', 612, 'don', 'OFF1', '', '', '', '', NULL, '2007-05-01', NULL),
(558, '83', 'dollar', 'cotisation', '', '2013-02-16 19:52:52', 613, 'cheque', 'PING_1', '', '', '', '', NULL, '2011-06-22', NULL),
(559, '37', 'dollar', 'cotisation', '', '2013-02-16 19:52:52', 614, 'nature', 'PING_1', '', '', '', '', NULL, '2004-10-16', NULL),
(560, '143', 'dollar', 'cotisation', '', '2013-02-16 19:52:52', 615, 'don', 'OFF1', '', '', '', '', NULL, '2010-09-16', NULL),
(561, '143', 'euro', 'carte', '', '2013-02-16 19:52:52', 616, 'cheque', 'OFF2', '', '', '', '', NULL, '2011-01-27', NULL),
(562, '75', 'dollar', 'cheque', '', '2013-02-16 19:52:52', 617, 'cheque', 'PING_1', '', '', '', '', NULL, '2008-05-23', NULL),
(563, '117', 'dollar', 'cotisation', '', '2013-02-16 19:52:52', 618, 'cheque', 'PING_1', '', '', '', '', NULL, '2005-06-25', NULL),
(564, '129', 'euro', 'cheque', '', '2013-02-16 19:52:52', 619, 'nature', 'OFF1', '', '', '', '', NULL, '1997-01-18', NULL),
(565, '118', 'euro', 'cotisation', '', '2013-02-16 19:52:52', 620, 'don', 'PING_1', '', '', '', '', NULL, '1996-02-21', NULL),
(566, '30', 'euro', 'cheque', '', '2013-02-16 19:52:52', 621, 'don', 'OFF2', '', '', '', '', NULL, '2003-11-27', NULL),
(567, '101', 'euro', 'cheque', '', '2013-02-16 19:52:52', 622, 'don', 'OFF2', '', '', '', '', NULL, '2008-03-13', NULL),
(568, '38', 'euro', 'carte', '', '2013-02-16 19:52:52', 623, 'don', 'PING_1', '', '', '', '', NULL, '2003-08-28', NULL),
(569, '13', 'dollar', 'cotisation', '', '2013-02-16 19:52:52', 624, 'cheque', 'OFF3', '', '', '', '', NULL, '2002-09-08', NULL),
(570, '10', 'euro', 'cotisation', '', '2013-02-16 19:52:52', 625, 'don', 'OFF3', '', '', '', '', NULL, '2005-08-21', NULL),
(571, '89', 'euro', 'carte', '', '2013-02-16 19:52:52', 626, 'nature', 'PING_1', '', '', '', '', NULL, '2003-02-22', NULL),
(572, '84', 'dollar', 'cotisation', '', '2013-02-16 19:52:52', 627, 'don', 'OFF2', '', '', '', '', NULL, '2003-10-25', NULL),
(573, '61', 'euro', 'cheque', '', '2013-02-16 19:52:52', 628, 'cheque', 'OFF3', '', '', '', '', NULL, '2004-02-13', NULL),
(574, '80', 'dollar', 'carte', '', '2013-02-16 19:52:52', 629, 'cheque', 'PING_1', '', '', '', '', NULL, '2006-02-21', NULL),
(575, '25', 'euro', 'cheque', '', '2013-02-16 19:52:52', 630, 'cotisation', 'PING_1', '', '', '', '', NULL, '1999-02-27', NULL),
(576, '32', 'dollar', 'carte', '', '2013-02-16 19:52:52', 631, 'nature', 'OFF3', '', '', '', '', NULL, '2007-08-25', NULL),
(577, '56', 'dollar', 'cheque', '', '2013-02-16 19:52:52', 632, 'cotisation', 'PING_1', '', '', '', '', NULL, '1996-08-25', NULL),
(578, '125', 'euro', 'cheque', '', '2013-02-16 19:52:52', 633, 'don', 'OFF3', '', '', '', '', NULL, '1998-02-15', NULL),
(579, '101', 'euro', 'cotisation', '', '2013-02-16 19:52:52', 634, 'cotisation', 'PING_1', '', '', '', '', NULL, '2004-08-18', NULL),
(580, '19', 'euro', 'cheque', '', '2013-02-16 19:52:52', 635, 'nature', 'OFF3', '', '', '', '', NULL, '2005-02-13', NULL),
(581, '35', 'euro', 'carte', '', '2013-02-16 19:52:52', 636, 'nature', 'OFF2', '', '', '', '', NULL, '2000-04-27', NULL),
(582, '143', 'dollar', 'cotisation', '', '2013-02-16 19:52:52', 637, 'nature', 'OFF2', '', '', '', '', NULL, '2005-11-11', NULL),
(583, '74', 'dollar', 'cotisation', '', '2013-02-16 19:52:52', 638, 'cotisation', 'OFF2', '', '', '', '', NULL, '2009-04-06', NULL),
(584, '40', 'euro', 'cotisation', '', '2013-02-16 19:52:52', 639, 'cotisation', 'OFF2', '', '', '', '', NULL, '2006-11-17', NULL),
(585, '10', 'euro', 'carte', '', '2013-02-16 19:52:52', 640, 'cheque', 'OFF1', '', '', '', '', NULL, '2009-01-03', NULL),
(586, '104', 'euro', 'carte', '', '2013-02-16 19:52:52', 641, 'don', 'PING_1', '', '', '', '', NULL, '2002-03-20', NULL),
(587, '78', 'dollar', 'cheque', '', '2013-02-16 19:52:52', 642, 'cotisation', 'OFF1', '', '', '', '', NULL, '2008-01-31', NULL),
(588, '58', 'dollar', 'cotisation', '', '2013-02-16 19:52:52', 643, 'achat', 'PING_1', '', '', '', '', NULL, '2002-12-26', NULL),
(589, '126', 'dollar', 'cheque', '', '2013-02-16 19:52:52', 644, 'don', 'OFF1', '', '', '', '', NULL, '1999-04-23', NULL),
(590, '107', 'dollar', 'cheque', '', '2013-02-16 19:52:52', 645, 'don', 'PING_1', '', '', '', '', NULL, '1999-06-24', NULL),
(591, '95', 'euro', 'cheque', '', '2013-02-16 19:52:52', 646, 'cheque', 'PING_1', '', '', '', '', NULL, '2007-03-16', NULL),
(592, '147', 'euro', 'cheque', '', '2013-02-16 19:52:52', 647, 'cheque', 'OFF1', '', '', '', '', NULL, '2001-08-12', NULL),
(593, '41', 'dollar', 'cheque', '', '2013-02-16 19:52:52', 648, 'cotisation', 'OFF3', '', '', '', '', NULL, '2010-04-10', NULL),
(594, '63', 'dollar', 'carte', '', '2013-02-16 19:52:52', 649, 'nature', 'PING_1', '', '', '', '', NULL, '2002-09-14', NULL),
(595, '63', 'dollar', 'cheque', '', '2013-02-16 19:52:52', 650, 'cotisation', 'OFF1', '', '', '', '', NULL, '1999-04-26', NULL),
(596, '66', 'euro', 'carte', '', '2013-02-16 19:52:52', 651, 'cheque', 'OFF2', '', '', '', '', NULL, '2011-08-09', NULL),
(597, '133', 'dollar', 'cheque', '', '2013-02-16 19:52:53', 652, 'nature', 'OFF1', '', '', '', '', NULL, '2001-06-27', NULL),
(598, '10', 'dollar', 'cheque', '', '2013-02-16 19:52:53', 653, 'cheque', 'OFF3', '', '', '', '', NULL, '2004-04-16', NULL),
(599, '56', 'euro', 'cheque', '', '2013-02-16 19:52:53', 654, 'don', 'OFF3', '', '', '', '', NULL, '2008-09-10', NULL),
(600, '126', 'euro', 'cheque', '', '2013-02-16 19:52:53', 655, 'cheque', 'OFF1', '', '', '', '', NULL, '2007-07-17', NULL),
(601, '28', 'dollar', 'carte', '', '2013-02-16 19:52:53', 656, 'don', 'PING_1', '', '', '', '', NULL, '1997-06-01', NULL),
(602, '99', 'dollar', 'carte', '', '2013-02-16 19:52:53', 657, 'cotisation', 'OFF1', '', '', '', '', NULL, '1997-02-12', NULL),
(603, '112', 'euro', 'cotisation', '', '2013-02-16 19:52:53', 658, 'cheque', 'OFF2', '', '', '', '', NULL, '2010-05-29', NULL),
(604, '49', 'euro', 'carte', '', '2013-02-16 19:52:53', 659, 'cotisation', 'OFF3', '', '', '', '', NULL, '0000-00-00', NULL),
(605, '16', 'euro', 'cotisation', '', '2013-02-16 19:52:53', 660, 'don', 'OFF1', '', '', '', '', NULL, '2007-11-20', NULL),
(606, '30', 'dollar', 'cotisation', '', '2013-02-16 19:52:53', 661, 'nature', 'OFF2', '', '', '', '', NULL, '2004-04-09', NULL),
(607, '93', 'dollar', 'cheque', '', '2013-02-16 19:52:53', 662, 'don', 'OFF2', '', '', '', '', NULL, '1996-06-11', NULL),
(608, '66', 'dollar', 'cotisation', '', '2013-02-16 19:52:53', 663, 'achat', 'OFF1', '', '', '', '', NULL, '2008-01-02', NULL),
(609, '112', 'euro', 'cheque', '', '2013-02-16 19:52:53', 664, 'cheque', 'OFF2', '', '', '', '', NULL, '2004-10-05', NULL),
(610, '39', 'dollar', 'carte', '', '2013-02-16 19:52:53', 665, 'nature', 'OFF2', '', '', '', '', NULL, '2003-01-06', NULL),
(611, '138', 'dollar', 'cotisation', '', '2013-02-16 19:52:53', 666, 'don', 'OFF3', '', '', '', '', NULL, '2008-08-25', NULL),
(612, '137', 'dollar', 'cotisation', '', '2013-02-16 19:52:53', 667, 'don', 'OFF1', '', '', '', '', NULL, '1997-11-03', NULL),
(613, '143', 'dollar', 'carte', '', '2013-02-16 19:52:53', 668, 'achat', 'OFF1', '', '', '', '', NULL, '1999-06-20', NULL),
(614, '66', 'euro', 'cheque', '', '2013-02-16 19:52:53', 669, 'don', 'OFF1', '', '', '', '', NULL, '2000-06-27', NULL),
(615, '50', 'dollar', 'carte', '', '2013-02-16 19:52:53', 670, 'nature', 'OFF1', '', '', '', '', NULL, '2004-04-09', NULL),
(616, '34', 'euro', 'cotisation', '', '2013-02-16 19:52:53', 671, 'cotisation', 'OFF1', '', '', '', '', NULL, '2005-04-22', NULL),
(617, '47', 'euro', 'carte', '', '2013-02-16 19:52:53', 672, 'cotisation', 'OFF1', '', '', '', '', NULL, '1999-08-04', NULL),
(618, '135', 'dollar', 'cheque', '', '2013-02-16 19:52:53', 673, 'don', 'OFF3', '', '', '', '', NULL, '2004-02-03', NULL),
(619, '47', 'dollar', 'cheque', '', '2013-02-16 19:52:53', 674, 'nature', 'PING_1', '', '', '', '', NULL, '2009-02-05', NULL),
(620, '65', 'dollar', 'cotisation', '', '2013-02-16 19:52:53', 675, 'cheque', 'PING_1', '', '', '', '', NULL, '2007-01-06', NULL),
(621, '31', 'dollar', 'carte', '', '2013-02-16 19:52:53', 676, 'nature', 'OFF1', '', '', '', '', NULL, '2011-07-15', NULL),
(622, '138', 'euro', 'cheque', '', '2013-02-16 19:52:53', 677, 'don', 'PING_1', '', '', '', '', NULL, '2007-10-23', NULL),
(623, '40', 'dollar', 'cotisation', '', '2013-02-16 19:52:53', 678, 'achat', 'PING_1', '', '', '', '', NULL, '1999-09-05', NULL),
(624, '95', 'euro', 'cheque', '', '2013-02-16 19:52:53', 679, 'achat', 'OFF2', '', '', '', '', NULL, '1996-10-23', NULL),
(625, '123', 'dollar', 'cotisation', '', '2013-02-16 19:52:53', 680, 'nature', 'OFF3', '', '', '', '', NULL, '1996-04-28', NULL),
(626, '67', 'dollar', 'carte', '', '2013-02-16 19:52:53', 681, 'nature', 'OFF1', '', '', '', '', NULL, '2000-10-21', NULL),
(627, '49', 'dollar', 'cotisation', '', '2013-02-16 19:52:53', 682, 'don', 'OFF2', '', '', '', '', NULL, '1997-09-30', NULL),
(628, '102', 'dollar', 'carte', '', '2013-02-16 19:52:53', 683, 'nature', 'OFF2', '', '', '', '', NULL, '1996-03-16', NULL),
(629, '55', 'euro', 'cotisation', '', '2013-02-16 19:52:53', 684, 'cheque', 'OFF2', '', '', '', '', NULL, '2010-02-05', NULL),
(630, '23', 'euro', 'carte', '', '2013-02-16 19:52:53', 685, 'nature', 'PING_1', '', '', '', '', NULL, '2009-05-04', NULL),
(631, '54', 'euro', 'cheque', '', '2013-02-16 19:52:53', 686, 'nature', 'PING_1', '', '', '', '', NULL, '1997-08-16', NULL),
(632, '35', 'euro', 'carte', '', '2013-02-16 19:52:53', 687, 'achat', 'OFF2', '', '', '', '', NULL, '0000-00-00', NULL),
(633, '79', 'euro', 'cheque', '', '2013-02-16 19:52:53', 688, 'cheque', 'OFF2', '', '', '', '', NULL, '1997-06-15', NULL),
(634, '80', 'euro', 'carte', '', '2013-02-16 19:52:53', 689, 'cheque', 'OFF2', '', '', '', '', NULL, '2008-12-07', NULL),
(635, '43', 'dollar', 'cheque', '', '2013-02-16 19:52:53', 690, 'nature', 'PING_1', '', '', '', '', NULL, '2005-07-06', NULL),
(636, '106', 'euro', 'carte', '', '2013-02-16 19:52:53', 691, 'nature', 'OFF1', '', '', '', '', NULL, '1997-02-21', NULL),
(637, '19', 'euro', 'carte', '', '2013-02-16 19:52:53', 692, 'don', 'OFF3', '', '', '', '', NULL, '1997-04-23', NULL),
(638, '19', 'dollar', 'cotisation', '', '2013-02-16 19:52:53', 693, 'don', 'PING_1', '', '', '', '', NULL, '2006-02-24', NULL),
(639, '72', 'euro', 'carte', '', '2013-02-16 19:52:53', 694, 'nature', 'PING_1', '', '', '', '', NULL, '1998-05-05', NULL),
(640, '76', 'euro', 'carte', '', '2013-02-16 19:52:53', 695, 'achat', 'OFF3', '', '', '', '', NULL, '1997-01-26', NULL),
(641, '79', 'euro', 'carte', '', '2013-02-16 19:52:53', 696, 'cheque', 'OFF1', '', '', '', '', NULL, '2001-07-10', NULL),
(642, '141', 'dollar', 'carte', '', '2013-02-16 19:52:53', 697, 'don', 'PING_1', '', '', '', '', NULL, '2011-12-11', NULL),
(643, '82', 'dollar', 'carte', '', '2013-02-16 19:52:53', 698, 'cheque', 'OFF2', '', '', '', '', NULL, '2000-08-25', NULL),
(644, '91', 'euro', 'cheque', '', '2013-02-16 19:52:53', 699, 'achat', 'PING_1', '', '', '', '', NULL, '2009-08-23', NULL),
(645, '20', 'euro', 'carte', '', '2013-02-16 19:52:53', 700, 'nature', 'PING_1', '', '', '', '', NULL, '2003-12-16', NULL),
(646, '28', 'dollar', 'carte', '', '2013-02-16 19:52:53', 701, 'achat', 'PING_1', '', '', '', '', NULL, '1999-01-08', NULL),
(647, '87', 'euro', 'carte', '', '2013-02-16 19:52:53', 702, 'cheque', 'PING_1', '', '', '', '', NULL, '2003-12-04', NULL),
(648, '145', 'euro', 'carte', '', '2013-02-16 19:52:53', 703, 'achat', 'PING_1', '', '', '', '', NULL, '2007-10-03', NULL),
(649, '144', 'dollar', 'carte', '', '2013-02-16 19:52:53', 704, 'cheque', 'PING_1', '', '', '', '', NULL, '2009-06-20', NULL),
(650, '74', 'euro', 'cheque', '', '2013-02-16 19:52:53', 705, 'cotisation', 'OFF3', '', '', '', '', NULL, '2009-02-02', NULL),
(651, '88', 'euro', 'carte', '', '2013-02-16 19:52:53', 706, 'cotisation', 'PING_1', '', '', '', '', NULL, '1998-10-22', NULL),
(652, '49', 'euro', 'cotisation', '', '2013-02-16 19:52:53', 707, 'cotisation', 'PING_1', '', '', '', '', NULL, '2000-11-08', NULL),
(653, '140', 'dollar', 'carte', '', '2013-02-16 19:52:53', 708, 'cotisation', 'OFF1', '', '', '', '', NULL, '1996-06-13', NULL),
(654, '86', 'euro', 'carte', '', '2013-02-16 19:52:53', 709, 'don', 'PING_1', '', '', '', '', NULL, '2003-03-13', NULL),
(655, '62', 'euro', 'carte', '', '2013-02-16 19:52:53', 710, 'achat', 'OFF1', '', '', '', '', NULL, '2010-02-20', NULL),
(656, '26', 'dollar', 'cheque', '', '2013-02-16 19:52:53', 711, 'cheque', 'OFF2', '', '', '', '', NULL, '2011-01-28', NULL),
(657, '133', 'euro', 'cheque', '', '2013-02-16 19:52:53', 712, 'achat', 'OFF3', '', '', '', '', NULL, '2003-07-31', NULL),
(658, '127', 'dollar', 'cotisation', '', '2013-02-16 19:52:53', 713, 'nature', 'OFF1', '', '', '', '', NULL, '2003-11-11', NULL),
(659, '107', 'euro', 'cheque', '', '2013-02-16 19:52:53', 714, 'cotisation', 'OFF2', '', '', '', '', NULL, '1999-07-27', NULL),
(660, '122', 'dollar', 'cheque', '', '2013-02-16 19:52:53', 715, 'nature', 'OFF3', '', '', '', '', NULL, '2002-02-16', NULL),
(661, '49', 'dollar', 'carte', '', '2013-02-16 19:52:53', 716, 'cheque', 'OFF3', '', '', '', '', NULL, '2008-10-23', NULL),
(662, '91', 'euro', 'carte', '', '2013-02-16 19:52:53', 717, 'don', 'OFF1', '', '', '', '', NULL, '2002-10-29', NULL),
(663, '137', 'euro', 'cheque', '', '2013-02-16 19:52:53', 718, 'don', 'OFF1', '', '', '', '', NULL, '2005-06-09', NULL),
(664, '76', 'euro', 'cotisation', '', '2013-02-16 19:52:53', 719, 'cotisation', 'OFF3', '', '', '', '', NULL, '2011-06-29', NULL),
(665, '82', 'euro', 'cheque', '', '2013-02-16 19:52:53', 720, 'don', 'OFF3', '', '', '', '', NULL, '2001-07-19', NULL),
(666, '125', 'dollar', 'cheque', '', '2013-02-16 19:52:53', 721, 'achat', 'PING_1', '', '', '', '', NULL, '2008-01-04', NULL),
(667, '54', 'euro', 'cheque', '', '2013-02-16 19:52:53', 722, 'cotisation', 'OFF1', '', '', '', '', NULL, '2004-10-09', NULL),
(668, '24', 'dollar', 'cotisation', '', '2013-02-16 19:52:53', 723, 'cotisation', 'OFF3', '', '', '', '', NULL, '2000-06-17', NULL),
(669, '111', 'euro', 'cheque', '', '2013-02-16 19:52:53', 724, 'don', 'OFF1', '', '', '', '', NULL, '2007-01-31', NULL),
(670, '73', 'euro', 'carte', '', '2013-02-16 19:52:53', 725, 'don', 'OFF2', '', '', '', '', NULL, '1996-08-02', NULL),
(671, '144', 'dollar', 'cotisation', '', '2013-02-16 19:52:53', 726, 'cotisation', 'OFF2', '', '', '', '', NULL, '2004-08-28', NULL),
(672, '86', 'dollar', 'cheque', '', '2013-02-16 19:52:53', 727, 'achat', 'OFF1', '', '', '', '', NULL, '2007-09-13', NULL),
(673, '139', 'dollar', 'cheque', '', '2013-02-16 19:52:53', 728, 'achat', 'OFF3', '', '', '', '', NULL, '2002-05-12', NULL),
(674, '27', 'dollar', 'carte', '', '2013-02-16 19:52:53', 729, 'don', 'OFF3', '', '', '', '', NULL, '2008-06-07', NULL),
(675, '122', 'dollar', 'carte', '', '2013-02-16 19:52:53', 730, 'cheque', 'PING_1', '', '', '', '', NULL, '1996-08-06', NULL),
(676, '46', 'euro', 'carte', '', '2013-02-16 19:52:53', 731, 'nature', 'OFF3', '', '', '', '', NULL, '2008-08-25', NULL),
(677, '140', 'dollar', 'cheque', '', '2013-02-16 19:52:53', 732, 'cotisation', 'OFF3', '', '', '', '', NULL, '2010-10-08', NULL),
(678, '71', 'dollar', 'cotisation', '', '2013-02-16 19:52:53', 733, 'nature', 'OFF3', '', '', '', '', NULL, '2002-08-02', NULL),
(679, '75', 'euro', 'cheque', '', '2013-02-16 19:52:53', 734, 'cheque', 'OFF3', '', '', '', '', NULL, '2005-05-10', NULL),
(680, '124', 'euro', 'cheque', '', '2013-02-16 19:52:53', 735, 'cheque', 'PING_1', '', '', '', '', NULL, '1997-07-22', NULL),
(681, '53', 'dollar', 'cotisation', '', '2013-02-16 19:52:53', 736, 'nature', 'OFF3', '', '', '', '', NULL, '2006-09-15', NULL),
(682, '93', 'dollar', 'cotisation', '', '2013-02-16 19:52:53', 737, 'cotisation', 'OFF2', '', '', '', '', NULL, '2003-02-28', NULL),
(683, '85', 'dollar', 'cotisation', '', '2013-02-16 19:52:53', 738, 'achat', 'PING_1', '', '', '', '', NULL, '2007-07-06', NULL),
(684, '48', 'euro', 'cheque', '', '2013-02-16 19:52:53', 739, 'nature', 'OFF3', '', '', '', '', NULL, '1996-09-22', NULL),
(685, '82', 'dollar', 'carte', '', '2013-02-16 19:52:53', 740, 'cheque', 'OFF1', '', '', '', '', NULL, '2000-01-18', NULL),
(686, '113', 'dollar', 'carte', '', '2013-02-16 19:52:53', 741, 'cheque', 'PING_1', '', '', '', '', NULL, '2003-11-12', NULL),
(687, '51', 'euro', 'cheque', '', '2013-02-16 19:52:53', 742, 'cheque', 'OFF1', '', '', '', '', NULL, '2010-03-26', NULL),
(688, '114', 'euro', 'cotisation', '', '2013-02-16 19:52:53', 743, 'cheque', 'OFF2', '', '', '', '', NULL, '1999-11-28', NULL),
(689, '111', 'euro', 'cheque', '', '2013-02-16 19:52:53', 744, 'cheque', 'PING_1', '', '', '', '', NULL, '1998-03-15', NULL),
(690, '135', 'dollar', 'cheque', '', '2013-02-16 19:52:53', 745, 'don', 'OFF2', '', '', '', '', NULL, '2009-03-25', NULL),
(691, '129', 'euro', 'carte', '', '2013-02-16 19:52:53', 746, 'cheque', 'OFF3', '', '', '', '', NULL, '2005-01-11', NULL),
(692, '26', 'euro', 'cotisation', '', '2013-02-16 19:52:53', 747, 'nature', 'PING_1', '', '', '', '', NULL, '1996-12-01', NULL),
(693, '16', 'euro', 'carte', '', '2013-02-16 19:52:53', 748, 'cotisation', 'PING_1', '', '', '', '', NULL, '2009-06-15', NULL),
(694, '116', 'dollar', 'carte', '', '2013-02-16 19:52:53', 749, 'cotisation', 'OFF2', '', '', '', '', NULL, '1999-07-14', NULL),
(695, '47', 'dollar', 'cheque', '', '2013-02-16 19:52:53', 750, 'achat', 'OFF2', '', '', '', '', NULL, '2002-04-26', NULL),
(696, '140', 'euro', 'cotisation', '', '2013-02-16 19:52:53', 751, 'don', 'OFF1', '', '', '', '', NULL, '1996-01-13', NULL),
(697, '53', 'dollar', 'carte', '', '2013-02-16 19:52:53', 752, 'achat', 'OFF1', '', '', '', '', NULL, '2009-11-18', NULL),
(698, '126', 'euro', 'cotisation', '', '2013-02-16 19:52:53', 753, 'nature', 'OFF1', '', '', '', '', NULL, '2011-11-09', NULL),
(699, '37', 'dollar', 'cheque', '', '2013-02-16 19:52:53', 754, 'cotisation', 'OFF3', '', '', '', '', NULL, '2007-05-10', NULL),
(700, '113', 'dollar', 'cheque', '', '2013-02-16 19:52:53', 755, 'nature', 'OFF1', '', '', '', '', NULL, '2006-10-04', NULL),
(701, '42', 'euro', 'cotisation', '', '2013-02-16 19:52:53', 756, 'don', 'OFF2', '', '', '', '', NULL, '2006-02-23', NULL),
(702, '90', 'euro', 'cheque', '', '2013-02-16 19:52:53', 757, 'nature', 'PING_1', '', '', '', '', NULL, '2006-06-09', NULL),
(703, '52', 'dollar', 'carte', '', '2013-02-16 19:52:53', 758, 'achat', 'PING_1', '', '', '', '', NULL, '1997-11-13', NULL),
(704, '127', 'euro', 'cotisation', '', '2013-02-16 19:52:53', 759, 'achat', 'PING_1', '', '', '', '', NULL, '2004-06-18', NULL),
(705, '43', 'dollar', 'cotisation', '', '2013-02-16 19:52:53', 760, 'achat', 'OFF1', '', '', '', '', NULL, '2007-02-25', NULL),
(706, '25', 'dollar', 'carte', '', '2013-02-16 19:52:53', 761, 'don', 'OFF1', '', '', '', '', NULL, '2008-09-02', NULL),
(707, '142', 'dollar', 'cotisation', '', '2013-02-16 19:52:53', 762, 'nature', 'OFF3', '', '', '', '', NULL, '1996-07-13', NULL),
(708, '48', 'dollar', 'cheque', '', '2013-02-16 19:52:53', 763, 'don', 'OFF2', '', '', '', '', NULL, '1996-05-04', NULL),
(709, '108', 'euro', 'cheque', '', '2013-02-16 19:52:53', 764, 'cheque', 'OFF2', '', '', '', '', NULL, '2005-04-04', NULL),
(710, '85', 'euro', 'carte', '', '2013-02-16 19:52:53', 765, 'cotisation', 'OFF2', '', '', '', '', NULL, '2009-12-11', NULL),
(711, '56', 'euro', 'cotisation', '', '2013-02-16 19:52:53', 766, 'cotisation', 'OFF3', '', '', '', '', NULL, '1996-01-29', NULL),
(712, '142', 'euro', 'cotisation', '', '2013-02-16 19:52:53', 767, 'don', 'OFF3', '', '', '', '', NULL, '2007-05-26', NULL),
(713, '102', 'euro', 'cotisation', '', '2013-02-16 19:52:53', 768, 'nature', 'OFF3', '', '', '', '', NULL, '2008-11-29', NULL),
(714, '84', 'dollar', 'cotisation', '', '2013-02-16 19:52:53', 769, 'don', 'OFF2', '', '', '', '', NULL, '2000-09-02', NULL),
(715, '70', 'euro', 'carte', '', '2013-02-16 19:52:53', 770, 'nature', 'OFF3', '', '', '', '', NULL, '2004-04-10', NULL),
(716, '95', 'dollar', 'cheque', '', '2013-02-16 19:52:53', 771, 'nature', 'OFF3', '', '', '', '', NULL, '1997-11-19', NULL),
(717, '11', 'dollar', 'cheque', '', '2013-02-16 19:52:53', 772, 'cotisation', 'OFF1', '', '', '', '', NULL, '2008-08-17', NULL),
(718, '129', 'dollar', 'cheque', '', '2013-02-16 19:52:53', 773, 'cotisation', 'PING_1', '', '', '', '', NULL, '2007-07-11', NULL),
(719, '33', 'dollar', 'carte', '', '2013-02-16 19:52:53', 774, 'don', 'OFF1', '', '', '', '', NULL, '1997-01-05', NULL),
(720, '118', 'dollar', 'carte', '', '2013-02-16 19:52:53', 775, 'cotisation', 'OFF2', '', '', '', '', NULL, '2006-10-17', NULL),
(721, '89', 'dollar', 'cotisation', '', '2013-02-16 19:52:53', 776, 'nature', 'PING_1', '', '', '', '', NULL, '1997-10-06', NULL),
(722, '131', 'dollar', 'cotisation', '', '2013-02-16 19:52:53', 777, 'nature', 'OFF2', '', '', '', '', NULL, '2004-08-29', NULL),
(723, '23', 'euro', 'carte', '', '2013-02-16 19:52:53', 778, 'achat', 'PING_1', '', '', '', '', NULL, '2000-07-15', NULL),
(724, '126', 'dollar', 'cotisation', '', '2013-02-16 19:52:53', 779, 'nature', 'OFF1', '', '', '', '', NULL, '2009-07-05', NULL),
(725, '134', 'dollar', 'cheque', '', '2013-02-16 19:52:53', 780, 'cheque', 'OFF1', '', '', '', '', NULL, '1998-10-26', NULL),
(726, '128', 'euro', 'carte', '', '2013-02-16 19:52:53', 781, 'cotisation', 'OFF3', '', '', '', '', NULL, '2000-09-17', NULL),
(727, '106', 'dollar', 'carte', '', '2013-02-16 19:52:53', 782, 'don', 'PING_1', '', '', '', '', NULL, '2002-03-16', NULL),
(728, '129', 'dollar', 'cheque', '', '2013-02-16 19:52:53', 783, 'cheque', 'OFF2', '', '', '', '', NULL, '2000-01-17', NULL),
(729, '40', 'dollar', 'cheque', '', '2013-02-16 19:52:53', 784, 'achat', 'OFF2', '', '', '', '', NULL, '2005-12-22', NULL),
(730, '123', 'euro', 'carte', '', '2013-02-16 19:52:53', 785, 'cheque', 'OFF3', '', '', '', '', NULL, '2002-01-31', NULL),
(731, '40', 'dollar', 'cotisation', '', '2013-02-16 19:52:53', 786, 'nature', 'OFF1', '', '', '', '', NULL, '1998-08-30', NULL),
(732, '134', 'dollar', 'carte', '', '2013-02-16 19:52:53', 787, 'achat', 'OFF2', '', '', '', '', NULL, '2001-06-18', NULL),
(733, '125', 'euro', 'cotisation', '', '2013-02-16 19:52:53', 788, 'achat', 'PING_1', '', '', '', '', NULL, '2008-11-23', NULL),
(734, '104', 'dollar', 'carte', '', '2013-02-16 19:52:53', 789, 'cotisation', 'OFF2', '', '', '', '', NULL, '2004-01-08', NULL),
(735, '123', 'euro', 'cotisation', '', '2013-02-16 19:52:53', 790, 'nature', 'OFF2', '', '', '', '', NULL, '2011-07-03', NULL),
(736, '101', 'dollar', 'carte', '', '2013-02-16 19:52:53', 791, 'cotisation', 'OFF2', '', '', '', '', NULL, '2005-06-09', NULL),
(737, '111', 'euro', 'carte', '', '2013-02-16 19:52:53', 792, 'nature', 'PING_1', '', '', '', '', NULL, '2000-04-26', NULL),
(738, '27', 'dollar', 'cheque', '', '2013-02-16 19:52:53', 793, 'cotisation', 'PING_1', '', '', '', '', NULL, '1996-08-29', NULL),
(739, '50', 'euro', 'carte', '', '2013-02-16 19:52:53', 794, 'cheque', 'OFF2', '', '', '', '', NULL, '2000-11-15', NULL),
(740, '122', 'dollar', 'cotisation', '', '2013-02-16 19:52:53', 795, 'cheque', 'OFF1', '', '', '', '', NULL, '2004-02-03', NULL),
(741, '97', 'dollar', 'carte', '', '2013-02-16 19:52:53', 796, 'nature', 'PING_1', '', '', '', '', NULL, '2005-02-20', NULL),
(742, '104', 'euro', 'cotisation', '', '2013-02-16 19:52:53', 797, 'nature', 'OFF1', '', '', '', '', NULL, '2004-11-05', NULL),
(743, '61', 'euro', 'carte', '', '2013-02-16 19:52:53', 798, 'nature', 'OFF2', '', '', '', '', NULL, '2006-01-10', NULL),
(744, '101', 'euro', 'cotisation', '', '2013-02-16 19:52:53', 799, 'cotisation', 'OFF2', '', '', '', '', NULL, '2005-02-27', NULL),
(745, '35', 'euro', 'cheque', '', '2013-02-16 19:52:53', 800, 'nature', 'OFF2', '', '', '', '', NULL, '1998-10-29', NULL),
(746, '95', 'euro', 'carte', '', '2013-02-16 19:52:53', 801, 'cotisation', 'OFF1', '', '', '', '', NULL, '2002-05-19', NULL),
(747, '92', 'euro', 'cheque', '', '2013-02-16 19:52:53', 802, 'nature', 'OFF3', '', '', '', '', NULL, '2005-01-12', NULL),
(748, '90', 'dollar', 'carte', '', '2013-02-16 19:52:53', 803, 'achat', 'OFF3', '', '', '', '', NULL, '2002-09-05', NULL),
(749, '116', 'dollar', 'carte', '', '2013-02-16 19:52:53', 804, 'cheque', 'OFF1', '', '', '', '', NULL, '2004-03-10', NULL),
(750, '16', 'dollar', 'cheque', '', '2013-02-16 19:52:53', 805, 'nature', 'PING_1', '', '', '', '', NULL, '1999-11-14', NULL),
(751, '54', 'euro', 'cotisation', '', '2013-02-16 19:52:53', 806, 'cheque', 'OFF1', '', '', '', '', NULL, '2005-06-20', NULL),
(752, '69', 'euro', 'carte', '', '2013-02-16 19:52:53', 807, 'cheque', 'OFF3', '', '', '', '', NULL, '2001-04-18', NULL),
(753, '106', 'dollar', 'cotisation', '', '2013-02-16 19:52:53', 808, 'cheque', 'OFF1', '', '', '', '', NULL, '2000-10-09', NULL),
(754, '147', 'euro', 'carte', '', '2013-02-16 19:52:53', 809, 'achat', 'OFF3', '', '', '', '', NULL, '2002-01-10', NULL),
(755, '93', 'euro', 'carte', '', '2013-02-16 19:52:53', 810, 'achat', 'PING_1', '', '', '', '', NULL, '1998-05-14', NULL),
(756, '35', 'dollar', 'cotisation', '', '2013-02-16 19:52:53', 811, 'nature', 'OFF1', '', '', '', '', NULL, '2011-10-15', NULL),
(757, '148', 'euro', 'cotisation', '', '2013-02-16 19:52:53', 812, 'don', 'OFF1', '', '', '', '', NULL, '2008-02-28', NULL),
(758, '20', 'euro', 'cotisation', '', '2013-02-16 19:52:53', 813, 'nature', 'PING_1', '', '', '', '', NULL, '2005-10-04', NULL),
(759, '72', 'dollar', 'cheque', '', '2013-02-16 19:52:53', 814, 'achat', 'OFF1', '', '', '', '', NULL, '2007-09-12', NULL),
(760, '74', 'dollar', 'cheque', '', '2013-02-16 19:52:53', 815, 'cotisation', 'OFF3', '', '', '', '', NULL, '2008-04-26', NULL),
(761, '74', 'euro', 'cheque', '', '2013-02-16 19:52:53', 816, 'nature', 'OFF3', '', '', '', '', NULL, '2004-01-16', NULL),
(762, '148', 'dollar', 'cheque', '', '2013-02-16 19:52:53', 817, 'don', 'PING_1', '', '', '', '', NULL, '1998-02-28', NULL),
(763, '96', 'euro', 'carte', '', '2013-02-16 19:52:53', 818, 'don', 'OFF2', '', '', '', '', NULL, '2009-03-11', NULL),
(764, '111', 'euro', 'carte', '', '2013-02-16 19:52:53', 819, 'don', 'PING_1', '', '', '', '', NULL, '2000-10-24', NULL),
(765, '121', 'euro', 'carte', '', '2013-02-16 19:52:53', 820, 'cotisation', 'OFF2', '', '', '', '', NULL, '1998-12-12', NULL),
(766, '13', 'dollar', 'carte', '', '2013-02-16 19:52:53', 821, 'cheque', 'PING_1', '', '', '', '', NULL, '2006-07-14', NULL),
(767, '103', 'dollar', 'carte', '', '2013-02-16 19:52:53', 822, 'achat', 'OFF1', '', '', '', '', NULL, '1996-02-20', NULL),
(768, '39', 'euro', 'cotisation', '', '2013-02-16 19:52:53', 823, 'don', 'PING_1', '', '', '', '', NULL, '2010-07-07', NULL),
(769, '87', 'euro', 'cheque', '', '2013-02-16 19:52:53', 824, 'cotisation', 'OFF2', '', '', '', '', NULL, '1997-01-10', NULL),
(770, '65', 'dollar', 'cotisation', '', '2013-02-16 19:52:53', 825, 'achat', 'OFF2', '', '', '', '', NULL, '2005-11-08', NULL),
(771, '10', 'euro', 'cheque', '', '2013-02-16 19:52:53', 826, 'don', 'PING_1', '', '', '', '', NULL, '2008-03-12', NULL),
(772, '20', 'euro', 'cotisation', '', '2013-02-16 19:52:53', 827, 'cotisation', 'OFF3', '', '', '', '', NULL, '1999-07-24', NULL),
(773, '145', 'euro', 'cotisation', '', '2013-02-16 19:52:53', 828, 'cheque', 'OFF3', '', '', '', '', NULL, '2008-12-20', NULL),
(774, '26', 'dollar', 'carte', '', '2013-02-16 19:52:53', 829, 'nature', 'PING_1', '', '', '', '', NULL, '2003-02-14', NULL),
(775, '129', 'dollar', 'cheque', '', '2013-02-16 19:52:53', 830, 'don', 'OFF1', '', '', '', '', NULL, '2005-05-20', NULL),
(776, '40', 'euro', 'cheque', '', '2013-02-16 19:52:53', 831, 'cheque', 'OFF1', '', '', '', '', NULL, '2008-07-14', NULL),
(777, '31', 'dollar', 'cotisation', '', '2013-02-16 19:52:53', 832, 'achat', 'OFF2', '', '', '', '', NULL, '2008-08-27', NULL),
(778, '10', 'dollar', 'cotisation', '', '2013-02-16 19:52:53', 833, 'don', 'OFF1', '', '', '', '', NULL, '2007-05-26', NULL),
(779, '41', 'dollar', 'cheque', '', '2013-02-16 19:52:53', 834, 'don', 'OFF2', '', '', '', '', NULL, '2010-10-07', NULL),
(780, '57', 'dollar', 'cotisation', '', '2013-02-16 19:52:53', 835, 'achat', 'OFF3', '', '', '', '', NULL, '2010-03-12', NULL),
(781, '10', 'dollar', 'cheque', '', '2013-02-16 19:52:53', 836, 'cheque', 'OFF1', '', '', '', '', NULL, '2005-06-12', NULL),
(782, '95', 'euro', 'cotisation', '', '2013-02-16 19:52:53', 837, 'nature', 'PING_1', '', '', '', '', NULL, '2010-03-23', NULL),
(783, '140', 'dollar', 'cotisation', '', '2013-02-16 19:52:53', 838, 'don', 'OFF1', '', '', '', '', NULL, '2001-07-08', NULL),
(784, '149', 'dollar', 'carte', '', '2013-02-16 19:52:53', 839, 'nature', 'OFF3', '', '', '', '', NULL, '2000-02-20', NULL),
(785, '56', 'euro', 'cheque', '', '2013-02-16 19:52:53', 840, 'cheque', 'OFF1', '', '', '', '', NULL, '2006-10-07', NULL),
(786, '75', 'euro', 'cheque', '', '2013-02-16 19:52:53', 841, 'cotisation', 'OFF3', '', '', '', '', NULL, '2005-01-20', NULL),
(787, '99', 'dollar', 'cotisation', '', '2013-02-16 19:52:53', 842, 'don', 'OFF1', '', '', '', '', NULL, '2000-02-07', NULL),
(788, '79', 'euro', 'cotisation', '', '2013-02-16 19:52:53', 843, 'cotisation', 'OFF2', '', '', '', '', NULL, '2001-01-16', NULL),
(789, '99', 'dollar', 'cheque', '', '2013-02-16 19:52:53', 844, 'cheque', 'OFF2', '', '', '', '', NULL, '2005-11-04', NULL),
(790, '121', 'dollar', 'cotisation', '', '2013-02-16 19:52:53', 845, 'cotisation', 'OFF1', '', '', '', '', NULL, '1998-07-10', NULL),
(791, '111', 'dollar', 'cheque', '', '2013-02-16 19:52:53', 846, 'don', 'OFF2', '', '', '', '', NULL, '2000-11-05', NULL),
(792, '147', 'dollar', 'cotisation', '', '2013-02-16 19:52:53', 847, 'don', 'OFF1', '', '', '', '', NULL, '2004-08-06', NULL),
(793, '41', 'euro', 'cheque', '', '2013-02-16 19:52:53', 848, 'achat', 'OFF1', '', '', '', '', NULL, '2008-05-23', NULL),
(794, '101', 'euro', 'cheque', '', '2013-02-16 19:52:53', 849, 'nature', 'OFF2', '', '', '', '', NULL, '1997-04-19', NULL),
(795, '87', 'dollar', 'cheque', '', '2013-02-16 19:52:53', 850, 'cheque', 'PING_1', '', '', '', '', NULL, '2008-01-08', NULL),
(796, '84', 'euro', 'cotisation', '', '2013-02-16 19:52:53', 851, 'nature', 'OFF2', '', '', '', '', NULL, '2002-02-08', NULL),
(797, '68', 'euro', 'carte', '', '2013-02-16 19:52:53', 852, 'achat', 'PING_1', '', '', '', '', NULL, '2008-09-29', NULL),
(798, '131', 'dollar', 'cheque', '', '2013-02-16 19:52:53', 853, 'cotisation', 'OFF2', '', '', '', '', NULL, '1996-05-29', NULL),
(799, '30', 'euro', 'cheque', '', '2013-02-16 19:52:53', 854, 'don', 'OFF3', '', '', '', '', NULL, '2002-05-06', NULL),
(800, '120', 'dollar', 'cotisation', '', '2013-02-16 19:52:53', 855, 'achat', 'OFF3', '', '', '', '', NULL, '2003-07-08', NULL),
(801, '11', 'dollar', 'carte', '', '2013-02-16 19:52:53', 856, 'cotisation', 'OFF1', '', '', '', '', NULL, '1997-07-20', NULL),
(802, '39', 'dollar', 'carte', '', '2013-02-16 19:52:53', 857, 'cheque', 'OFF1', '', '', '', '', NULL, '2001-01-31', NULL),
(803, '70', 'euro', 'carte', '', '2013-02-16 19:52:53', 858, 'nature', 'OFF3', '', '', '', '', NULL, '2004-11-09', NULL),
(804, '70', 'dollar', 'carte', '', '2013-02-16 19:52:53', 859, 'achat', 'OFF2', '', '', '', '', NULL, '1999-08-10', NULL),
(805, '145', 'dollar', 'carte', '', '2013-02-16 19:52:53', 860, 'cheque', 'OFF2', '', '', '', '', NULL, '1999-10-12', NULL),
(806, '33', 'euro', 'carte', '', '2013-02-16 19:52:53', 861, 'nature', 'OFF3', '', '', '', '', NULL, '2006-01-07', NULL),
(807, '14', 'dollar', 'carte', '', '2013-02-16 19:52:53', 862, 'achat', 'PING_1', '', '', '', '', NULL, '2007-10-22', NULL),
(808, '122', 'euro', 'carte', '', '2013-02-16 19:52:53', 863, 'achat', 'OFF1', '', '', '', '', NULL, '1998-01-07', NULL),
(809, '124', 'dollar', 'carte', '', '2013-02-16 19:52:53', 864, 'don', 'OFF1', '', '', '', '', NULL, '2006-11-27', NULL),
(810, '141', 'euro', 'cheque', '', '2013-02-16 19:52:53', 865, 'achat', 'PING_1', '', '', '', '', NULL, '2001-12-12', NULL),
(811, '90', 'euro', 'cheque', '', '2013-02-16 19:52:53', 866, 'achat', 'OFF2', '', '', '', '', NULL, '2003-02-20', NULL),
(812, '45', 'euro', 'cheque', '', '2013-02-16 19:52:53', 867, 'nature', 'OFF2', '', '', '', '', NULL, '2007-09-15', NULL),
(813, '11', 'dollar', 'carte', '', '2013-02-16 19:52:53', 868, 'don', 'OFF1', '', '', '', '', NULL, '2009-09-24', NULL),
(814, '127', 'euro', 'cotisation', '', '2013-02-16 19:52:53', 869, 'cheque', 'PING_1', '', '', '', '', NULL, '2010-11-14', NULL),
(815, '58', 'dollar', 'carte', '', '2013-02-16 19:52:53', 870, 'don', 'OFF1', '', '', '', '', NULL, '2000-08-13', NULL),
(816, '101', 'euro', 'cheque', '', '2013-02-16 19:52:53', 871, 'cotisation', 'OFF3', '', '', '', '', NULL, '2003-09-06', NULL),
(817, '110', 'euro', 'cotisation', '', '2013-02-16 19:52:53', 872, 'nature', 'OFF1', '', '', '', '', NULL, '2001-09-01', NULL),
(818, '95', 'euro', 'carte', '', '2013-02-16 19:52:53', 873, 'cotisation', 'PING_1', '', '', '', '', NULL, '2011-10-03', NULL),
(819, '66', 'dollar', 'cheque', '', '2013-02-16 19:52:53', 874, 'achat', 'OFF2', '', '', '', '', NULL, '2006-12-04', NULL),
(820, '143', 'dollar', 'cheque', '', '2013-02-16 19:52:53', 875, 'cotisation', 'OFF3', '', '', '', '', NULL, '2010-04-30', NULL),
(821, '17', 'euro', 'cheque', '', '2013-02-16 19:52:53', 876, 'cotisation', 'OFF3', '', '', '', '', NULL, '2006-03-03', NULL),
(822, '33', 'euro', 'carte', '', '2013-02-16 19:52:53', 877, 'cheque', 'OFF2', '', '', '', '', NULL, '2011-04-17', NULL),
(823, '130', 'euro', 'cotisation', '', '2013-02-16 19:52:53', 878, 'cheque', 'OFF3', '', '', '', '', NULL, '0000-00-00', NULL),
(824, '115', 'dollar', 'cheque', '', '2013-02-16 19:52:53', 879, 'cotisation', 'OFF2', '', '', '', '', NULL, '2004-07-12', NULL),
(825, '128', 'dollar', 'cotisation', '', '2013-02-16 19:52:53', 880, 'nature', 'OFF2', '', '', '', '', NULL, '2000-02-19', NULL);
INSERT INTO `dons` (`DON_ID`, `DON_MONTANT`, `DON_DEVISE`, `DON_MODE`, `DON_COMMENTAIRE`, `DON_DATEADDED`, `CON_ID`, `DON_TYPE`, `OFF_ID`, `DON_C_NUM`, `DON_C_COMPTE`, `DON_C_BANQ_EMISSION`, `DON_C_BANQ_DEPOT`, `DON_C_DATE_DEPOT`, `DON_DATE`, `DON_RECU_ID`) VALUES
(826, '146', 'dollar', 'cheque', '', '2013-02-16 19:52:53', 881, 'cheque', 'OFF3', '', '', '', '', NULL, '2001-06-04', NULL),
(827, '54', 'euro', 'cheque', '', '2013-02-16 19:52:53', 882, 'cotisation', 'OFF1', '', '', '', '', NULL, '2011-12-05', NULL),
(828, '86', 'euro', 'cotisation', '', '2013-02-16 19:52:53', 883, 'nature', 'PING_1', '', '', '', '', NULL, '2009-01-28', NULL),
(829, '123', 'euro', 'cotisation', '', '2013-02-16 19:52:53', 884, 'cotisation', 'OFF2', '', '', '', '', NULL, '2007-10-14', NULL),
(830, '76', 'euro', 'cheque', '', '2013-02-16 19:52:53', 885, 'achat', 'PING_1', '', '', '', '', NULL, '2006-03-25', NULL),
(831, '78', 'euro', 'carte', '', '2013-02-16 19:52:53', 886, 'nature', 'OFF1', '', '', '', '', NULL, '2011-09-25', NULL),
(832, '98', 'euro', 'carte', '', '2013-02-16 19:52:53', 887, 'nature', 'OFF1', '', '', '', '', NULL, '2000-08-01', NULL),
(833, '62', 'dollar', 'carte', '', '2013-02-16 19:52:53', 888, 'cheque', 'OFF3', '', '', '', '', NULL, '2002-12-22', NULL),
(834, '121', 'dollar', 'cotisation', '', '2013-02-16 19:52:53', 889, 'achat', 'OFF3', '', '', '', '', NULL, '2002-08-09', NULL),
(835, '106', 'euro', 'cotisation', '', '2013-02-16 19:52:53', 890, 'cheque', 'OFF1', '', '', '', '', NULL, '2004-11-11', NULL),
(836, '17', 'dollar', 'cotisation', '', '2013-02-16 19:52:53', 891, 'nature', 'OFF1', '', '', '', '', NULL, '2003-09-22', NULL),
(837, '138', 'euro', 'carte', '', '2013-02-16 19:52:53', 892, 'nature', 'OFF1', '', '', '', '', NULL, '2010-08-11', NULL),
(838, '139', 'euro', 'carte', '', '2013-02-16 19:52:53', 893, 'cotisation', 'OFF2', '', '', '', '', NULL, '1996-12-01', NULL),
(839, '34', 'dollar', 'cotisation', '', '2013-02-16 19:52:53', 894, 'achat', 'OFF3', '', '', '', '', NULL, '1998-02-19', NULL),
(840, '117', 'dollar', 'cheque', '', '2013-02-16 19:52:53', 895, 'don', 'PING_1', '', '', '', '', NULL, '2008-06-22', NULL),
(841, '73', 'euro', 'carte', '', '2013-02-16 19:52:53', 896, 'cheque', 'PING_1', '', '', '', '', NULL, '2008-09-04', NULL),
(842, '116', 'dollar', 'carte', '', '2013-02-16 19:52:53', 897, 'cotisation', 'PING_1', '', '', '', '', NULL, '1998-12-27', NULL),
(843, '131', 'dollar', 'carte', '', '2013-02-16 19:52:53', 898, 'don', 'OFF2', '', '', '', '', NULL, '2000-11-10', NULL),
(844, '76', 'euro', 'cheque', '', '2013-02-16 19:52:53', 899, 'nature', 'OFF2', '', '', '', '', NULL, '2008-07-17', NULL),
(845, '144', 'dollar', 'carte', '', '2013-02-16 19:52:53', 900, 'nature', 'PING_1', '', '', '', '', NULL, '2001-04-22', NULL),
(846, '134', 'euro', 'cotisation', '', '2013-02-16 19:52:53', 901, 'cotisation', 'PING_1', '', '', '', '', NULL, '1998-12-17', NULL),
(847, '111', 'euro', 'cotisation', '', '2013-02-16 19:52:53', 902, 'don', 'OFF1', '', '', '', '', NULL, '2004-10-19', NULL),
(848, '104', 'dollar', 'cheque', '', '2013-02-16 19:52:53', 903, 'cheque', 'OFF3', '', '', '', '', NULL, '2011-03-13', NULL),
(849, '28', 'dollar', 'carte', '', '2013-02-16 19:52:53', 904, 'cheque', 'OFF2', '', '', '', '', NULL, '2000-01-13', NULL),
(850, '107', 'euro', 'cotisation', '', '2013-02-16 19:52:53', 905, 'don', 'PING_1', '', '', '', '', NULL, '2005-03-01', NULL),
(851, '48', 'dollar', 'cheque', '', '2013-02-16 19:52:53', 906, 'cheque', 'OFF2', '', '', '', '', NULL, '2000-06-01', NULL),
(852, '119', 'dollar', 'carte', '', '2013-02-16 19:52:53', 907, 'don', 'PING_1', '', '', '', '', NULL, '2008-03-14', NULL),
(853, '83', 'dollar', 'carte', '', '2013-02-16 19:52:53', 908, 'don', 'PING_1', '', '', '', '', NULL, '1996-11-16', NULL),
(854, '78', 'euro', 'cotisation', '', '2013-02-16 19:52:53', 909, 'don', 'OFF3', '', '', '', '', NULL, '2011-09-20', NULL),
(855, '12', 'euro', 'cheque', '', '2013-02-16 19:52:53', 910, 'cheque', 'PING_1', '', '', '', '', NULL, '1997-08-24', NULL),
(856, '136', 'dollar', 'carte', '', '2013-02-16 19:52:53', 911, 'cotisation', 'OFF3', '', '', '', '', NULL, '2008-10-15', NULL),
(857, '87', 'dollar', 'carte', '', '2013-02-16 19:52:53', 912, 'don', 'OFF3', '', '', '', '', NULL, '1996-06-16', NULL),
(858, '51', 'euro', 'cheque', '', '2013-02-16 19:52:53', 913, 'don', 'OFF1', '', '', '', '', NULL, '2008-07-21', NULL),
(859, '37', 'euro', 'carte', '', '2013-02-16 19:52:53', 914, 'don', 'OFF3', '', '', '', '', NULL, '2002-11-14', NULL),
(860, '15', 'dollar', 'cheque', '', '2013-02-16 19:52:53', 915, 'nature', 'OFF2', '', '', '', '', NULL, '0000-00-00', NULL),
(861, '63', 'euro', 'cheque', '', '2013-02-16 19:52:53', 916, 'don', 'PING_1', '', '', '', '', NULL, '2009-11-16', NULL),
(862, '14', 'euro', 'cheque', '', '2013-02-16 19:52:53', 917, 'achat', 'OFF2', '', '', '', '', NULL, '2004-01-09', NULL),
(863, '145', 'dollar', 'cotisation', '', '2013-02-16 19:52:53', 918, 'don', 'OFF3', '', '', '', '', NULL, '2009-04-30', NULL),
(864, '144', 'dollar', 'carte', '', '2013-02-16 19:52:53', 919, 'don', 'OFF3', '', '', '', '', NULL, '2002-12-18', NULL),
(865, '134', 'euro', 'cheque', '', '2013-02-16 19:52:53', 920, 'achat', 'OFF1', '', '', '', '', NULL, '2011-10-23', NULL),
(866, '63', 'euro', 'cheque', '', '2013-02-16 19:52:53', 921, 'cotisation', 'OFF2', '', '', '', '', NULL, '2006-03-13', NULL),
(867, '26', 'dollar', 'cheque', '', '2013-02-16 19:52:53', 922, 'cheque', 'PING_1', '', '', '', '', NULL, '2008-02-11', NULL),
(868, '39', 'euro', 'cotisation', '', '2013-02-16 19:52:53', 923, 'don', 'PING_1', '', '', '', '', NULL, '2010-06-14', NULL),
(869, '14', 'dollar', 'cotisation', '', '2013-02-16 19:52:53', 924, 'don', 'PING_1', '', '', '', '', NULL, '2010-02-27', NULL),
(870, '122', 'dollar', 'carte', '', '2013-02-16 19:52:53', 925, 'achat', 'OFF1', '', '', '', '', NULL, '2007-11-03', NULL),
(871, '75', 'dollar', 'cheque', '', '2013-02-16 19:52:53', 926, 'nature', 'OFF2', '', '', '', '', NULL, '0000-00-00', NULL),
(872, '48', 'dollar', 'carte', '', '2013-02-16 19:52:53', 927, 'nature', 'OFF3', '', '', '', '', NULL, '2006-08-26', NULL),
(873, '50', 'euro', 'cotisation', '', '2013-02-16 19:52:53', 928, 'nature', 'PING_1', '', '', '', '', NULL, '1997-12-04', NULL),
(874, '99', 'euro', 'cotisation', '', '2013-02-16 19:52:53', 929, 'cotisation', 'OFF3', '', '', '', '', NULL, '1999-04-08', NULL),
(875, '64', 'dollar', 'carte', '', '2013-02-16 19:52:53', 930, 'cheque', 'OFF1', '', '', '', '', NULL, '2001-12-06', NULL),
(876, '51', 'euro', 'carte', '', '2013-02-16 19:52:53', 931, 'cheque', 'OFF2', '', '', '', '', NULL, '1997-01-22', NULL),
(877, '30', 'dollar', 'cheque', '', '2013-02-16 19:52:53', 932, 'cotisation', 'PING_1', '', '', '', '', NULL, '1998-11-28', NULL),
(878, '10', 'dollar', 'cheque', '', '2013-02-16 19:52:53', 933, 'cheque', 'PING_1', '', '', '', '', NULL, '2006-04-19', NULL),
(879, '53', 'dollar', 'cheque', '', '2013-02-16 19:52:53', 934, 'don', 'OFF2', '', '', '', '', NULL, '2011-03-05', NULL),
(880, '60', 'dollar', 'cheque', '', '2013-02-16 19:52:53', 935, 'achat', 'PING_1', '', '', '', '', NULL, '2006-02-11', NULL),
(881, '122', 'dollar', 'cheque', '', '2013-02-16 19:52:53', 936, 'achat', 'OFF2', '', '', '', '', NULL, '2003-04-27', NULL),
(882, '135', 'euro', 'cheque', '', '2013-02-16 19:52:53', 937, 'achat', 'OFF1', '', '', '', '', NULL, '2004-03-11', NULL),
(883, '62', 'dollar', 'cheque', '', '2013-02-16 19:52:53', 938, 'cheque', 'OFF3', '', '', '', '', NULL, '1998-08-13', NULL),
(884, '55', 'euro', 'carte', '', '2013-02-16 19:52:53', 939, 'cotisation', 'PING_1', '', '', '', '', NULL, '2010-06-14', NULL),
(885, '58', 'euro', 'cotisation', '', '2013-02-16 19:52:53', 940, 'cheque', 'OFF1', '', '', '', '', NULL, '2005-07-15', NULL),
(886, '146', 'dollar', 'carte', '', '2013-02-16 19:52:53', 941, 'cheque', 'PING_1', '', '', '', '', NULL, '2000-10-26', NULL),
(887, '79', 'euro', 'carte', '', '2013-02-16 19:52:53', 942, 'nature', 'OFF1', '', '', '', '', NULL, '0000-00-00', NULL),
(888, '125', 'dollar', 'carte', '', '2013-02-16 19:52:53', 943, 'cheque', 'PING_1', '', '', '', '', NULL, '2001-06-25', NULL),
(889, '90', 'euro', 'cotisation', '', '2013-02-16 19:52:53', 944, 'don', 'OFF1', '', '', '', '', NULL, '1996-11-30', NULL),
(890, '128', 'dollar', 'cotisation', '', '2013-02-16 19:52:53', 945, 'don', 'OFF2', '', '', '', '', NULL, '2004-01-29', NULL),
(891, '68', 'dollar', 'cheque', '', '2013-02-16 19:52:53', 946, 'nature', 'OFF1', '', '', '', '', NULL, '1997-10-06', NULL),
(892, '44', 'dollar', 'cotisation', '', '2013-02-16 19:52:53', 947, 'cotisation', 'OFF3', '', '', '', '', NULL, '2002-09-08', NULL),
(893, '42', 'euro', 'cotisation', '', '2013-02-16 19:52:53', 948, 'cotisation', 'OFF2', '', '', '', '', NULL, '1999-04-28', NULL),
(894, '131', 'euro', 'cotisation', '', '2013-02-16 19:52:53', 949, 'don', 'PING_1', '', '', '', '', NULL, '2006-07-12', NULL),
(895, '125', 'euro', 'cheque', '', '2013-02-16 19:52:53', 950, 'cotisation', 'OFF1', '', '', '', '', NULL, '2011-07-29', NULL),
(896, '18', 'dollar', 'carte', '', '2013-02-16 19:52:53', 951, 'don', 'OFF1', '', '', '', '', NULL, '2007-12-16', NULL),
(897, '118', 'euro', 'cheque', '', '2013-02-16 19:52:53', 952, 'cheque', 'PING_1', '', '', '', '', NULL, '2008-07-08', NULL),
(898, '45', 'euro', 'cheque', '', '2013-02-16 19:52:53', 953, 'achat', 'PING_1', '', '', '', '', NULL, '1999-05-11', NULL),
(899, '10', 'dollar', 'cotisation', '', '2013-02-16 19:52:53', 954, 'nature', 'OFF3', '', '', '', '', NULL, '2000-06-12', NULL),
(900, '29', 'dollar', 'carte', '', '2013-02-16 19:52:53', 955, 'achat', 'OFF2', '', '', '', '', NULL, '2006-03-28', NULL),
(901, '86', 'euro', 'cheque', '', '2013-02-16 19:52:53', 956, 'achat', 'OFF3', '', '', '', '', NULL, '1997-04-23', NULL),
(902, '144', 'euro', 'carte', '', '2013-02-16 19:52:53', 957, 'don', 'PING_1', '', '', '', '', NULL, '2006-11-01', NULL),
(903, '36', 'euro', 'cheque', '', '2013-02-16 19:52:53', 958, 'don', 'OFF1', '', '', '', '', NULL, '2007-03-05', NULL),
(904, '87', 'dollar', 'cheque', '', '2013-02-16 19:52:53', 959, 'don', 'OFF3', '', '', '', '', NULL, '2008-09-24', NULL),
(905, '87', 'dollar', 'carte', '', '2013-02-16 19:52:53', 960, 'achat', 'OFF3', '', '', '', '', NULL, '2007-07-13', NULL),
(906, '130', 'dollar', 'cheque', '', '2013-02-16 19:52:53', 961, 'nature', 'OFF3', '', '', '', '', NULL, '2005-04-23', NULL),
(907, '61', 'euro', 'cheque', '', '2013-02-16 19:52:53', 962, 'achat', 'OFF1', '', '', '', '', NULL, '2007-09-15', NULL),
(908, '10', 'dollar', 'carte', '', '2013-02-16 19:52:53', 963, 'nature', 'OFF2', '', '', '', '', NULL, '2005-11-03', NULL),
(909, '119', 'dollar', 'cheque', '', '2013-02-16 19:52:53', 964, 'don', 'PING_1', '', '', '', '', NULL, '1998-02-08', NULL),
(910, '89', 'dollar', 'carte', '', '2013-02-16 19:52:53', 965, 'don', 'PING_1', '', '', '', '', NULL, '2002-12-04', NULL),
(911, '70', 'euro', 'carte', '', '2013-02-16 19:52:53', 966, 'cheque', 'OFF2', '', '', '', '', NULL, '2007-08-17', NULL),
(912, '140', 'euro', 'cheque', '', '2013-02-16 19:52:53', 967, 'cotisation', 'PING_1', '', '', '', '', NULL, '2005-08-07', NULL),
(913, '144', 'euro', 'carte', '', '2013-02-16 19:52:53', 968, 'cheque', 'OFF3', '', '', '', '', NULL, '2010-12-06', NULL),
(914, '79', 'euro', 'cotisation', '', '2013-02-16 19:52:53', 969, 'achat', 'OFF1', '', '', '', '', NULL, '2006-04-13', NULL),
(915, '16', 'euro', 'cotisation', '', '2013-02-16 19:52:53', 970, 'cheque', 'PING_1', '', '', '', '', NULL, '2000-02-28', NULL),
(916, '116', 'euro', 'carte', '', '2013-02-16 19:52:53', 971, 'cheque', 'OFF1', '', '', '', '', NULL, '1999-09-27', NULL),
(917, '104', 'dollar', 'cotisation', '', '2013-02-16 19:52:53', 972, 'cotisation', 'OFF2', '', '', '', '', NULL, '2002-07-04', NULL),
(918, '131', 'dollar', 'carte', '', '2013-02-16 19:52:53', 973, 'cheque', 'OFF1', '', '', '', '', NULL, '2009-12-30', NULL),
(919, '81', 'euro', 'cotisation', '', '2013-02-16 19:52:53', 974, 'cotisation', 'OFF2', '', '', '', '', NULL, '2010-08-04', NULL),
(920, '97', 'dollar', 'cheque', '', '2013-02-16 19:52:53', 975, 'cotisation', 'OFF2', '', '', '', '', NULL, '1997-05-30', NULL),
(921, '37', 'euro', 'cheque', '', '2013-02-16 19:52:53', 976, 'cotisation', 'OFF2', '', '', '', '', NULL, '2000-11-09', NULL),
(922, '121', 'euro', 'cheque', '', '2013-02-16 19:52:53', 977, 'cotisation', 'PING_1', '', '', '', '', NULL, '2003-03-14', NULL),
(923, '47', 'euro', 'carte', '', '2013-02-16 19:52:53', 978, 'cheque', 'OFF2', '', '', '', '', NULL, '1997-05-03', NULL),
(924, '73', 'euro', 'carte', '', '2013-02-16 19:52:53', 979, 'cheque', 'OFF1', '', '', '', '', NULL, '2005-01-24', NULL),
(925, '117', 'euro', 'cheque', '', '2013-02-16 19:52:53', 980, 'achat', 'PING_1', '', '', '', '', NULL, '2010-09-17', NULL),
(926, '33', 'dollar', 'cotisation', '', '2013-02-16 19:52:53', 981, 'nature', 'OFF2', '', '', '', '', NULL, '1996-06-08', NULL),
(927, '49', 'dollar', 'cotisation', '', '2013-02-16 19:52:53', 982, 'achat', 'OFF3', '', '', '', '', NULL, '2000-03-21', NULL),
(928, '23', 'euro', 'carte', '', '2013-02-16 19:52:53', 983, 'cheque', 'PING_1', '', '', '', '', NULL, '2000-09-29', NULL),
(929, '54', 'dollar', 'cotisation', '', '2013-02-16 19:52:53', 984, 'cotisation', 'OFF2', '', '', '', '', NULL, '2009-01-24', NULL),
(930, '98', 'euro', 'cotisation', '', '2013-02-16 19:52:53', 985, 'don', 'OFF3', '', '', '', '', NULL, '2011-08-29', NULL),
(931, '74', 'dollar', 'carte', '', '2013-02-16 19:52:53', 986, 'cheque', 'OFF1', '', '', '', '', NULL, '1996-06-15', NULL),
(932, '27', 'dollar', 'carte', '', '2013-02-16 19:52:53', 987, 'nature', 'OFF1', '', '', '', '', NULL, '2006-04-08', NULL),
(933, '107', 'dollar', 'cheque', '', '2013-02-16 19:52:53', 988, 'cheque', 'OFF2', '', '', '', '', NULL, '2004-02-15', NULL),
(934, '107', 'euro', 'cheque', '', '2013-02-16 19:52:53', 989, 'achat', 'OFF3', '', '', '', '', NULL, '2009-10-12', NULL),
(935, '88', 'euro', 'carte', '', '2013-02-16 19:52:53', 990, 'cheque', 'OFF1', '', '', '', '', NULL, '2010-07-25', NULL),
(936, '141', 'dollar', 'cotisation', '', '2013-02-16 19:52:53', 991, 'cheque', 'OFF2', '', '', '', '', NULL, '1998-11-04', NULL),
(937, '84', 'dollar', 'cotisation', '', '2013-02-16 19:52:53', 992, 'achat', 'OFF2', '', '', '', '', NULL, '2005-01-20', NULL),
(938, '101', 'euro', 'cheque', '', '2013-02-16 19:52:53', 993, 'achat', 'OFF2', '', '', '', '', NULL, '1998-07-07', NULL),
(939, '22', 'dollar', 'carte', '', '2013-02-16 19:52:53', 994, 'achat', 'OFF1', '', '', '', '', NULL, '2000-06-05', NULL),
(940, '117', 'dollar', 'cotisation', '', '2013-02-16 19:52:53', 995, 'cotisation', 'OFF1', '', '', '', '', NULL, '2002-05-26', NULL),
(941, '32', 'dollar', 'carte', '', '2013-02-16 19:52:53', 996, 'don', 'PING_1', '', '', '', '', NULL, '2002-05-20', NULL),
(942, '109', 'dollar', 'carte', '', '2013-02-16 19:52:53', 997, 'nature', 'PING_1', '', '', '', '', NULL, '2002-12-20', NULL),
(943, '56', 'euro', 'cotisation', '', '2013-02-16 19:52:53', 998, 'achat', 'OFF2', '', '', '', '', NULL, '2006-06-11', NULL),
(944, '96', 'dollar', 'carte', '', '2013-02-16 19:52:53', 999, 'cotisation', 'PING_1', '', '', '', '', NULL, '2008-03-09', NULL),
(945, '133', 'euro', 'carte', '', '2013-02-16 19:52:53', 1000, 'nature', 'OFF3', '', '', '', '', NULL, '2005-11-15', NULL),
(946, '111', 'euro', 'carte', '', '2013-02-16 19:52:53', 1001, 'achat', 'OFF2', '', '', '', '', NULL, '1997-09-27', NULL),
(947, '74', 'euro', 'cotisation', '', '2013-02-16 19:52:53', 1002, 'achat', 'PING_1', '', '', '', '', NULL, '2006-03-09', NULL),
(948, '60', 'dollar', 'cheque', '', '2013-02-16 19:52:53', 1003, 'cotisation', 'OFF2', '', '', '', '', NULL, '2009-12-29', NULL),
(949, '114', 'euro', 'carte', '', '2013-02-16 19:52:53', 1004, 'don', 'OFF3', '', '', '', '', NULL, '2004-03-20', NULL),
(950, '71', 'euro', 'cotisation', '', '2013-02-16 19:52:53', 1005, 'nature', 'OFF2', '', '', '', '', NULL, '2006-09-08', NULL),
(951, '60', 'dollar', 'cheque', '', '2013-02-16 19:52:53', 1006, 'don', 'PING_1', '', '', '', '', NULL, '2006-03-22', NULL),
(952, '94', 'dollar', 'cotisation', '', '2013-02-16 19:52:53', 1007, 'cotisation', 'OFF3', '', '', '', '', NULL, '1997-05-24', NULL),
(953, '91', 'dollar', 'cotisation', '', '2013-02-16 19:52:53', 1008, 'cotisation', 'PING_1', '', '', '', '', NULL, '2007-04-09', NULL),
(954, '78', 'euro', 'carte', '', '2013-02-16 19:52:53', 1009, 'cheque', 'OFF1', '', '', '', '', NULL, '2007-09-12', NULL),
(955, '138', 'dollar', 'carte', '', '2013-02-16 19:52:53', 1010, 'cheque', 'PING_1', '', '', '', '', NULL, '2000-07-22', NULL),
(956, '135', 'euro', 'carte', '', '2013-02-16 19:52:53', 1011, 'cotisation', 'OFF3', '', '', '', '', NULL, '1996-09-23', NULL),
(957, '25', 'euro', 'carte', '', '2013-02-16 19:52:53', 1012, 'nature', 'OFF2', '', '', '', '', NULL, '2008-10-23', NULL),
(958, '38', 'dollar', 'cheque', '', '2013-02-16 19:52:53', 1013, 'cotisation', 'PING_1', '', '', '', '', NULL, '2006-04-21', NULL),
(959, '96', 'dollar', 'cotisation', '', '2013-02-16 19:52:53', 1014, 'cheque', 'OFF2', '', '', '', '', NULL, '2010-10-30', NULL),
(960, '77', 'dollar', 'carte', '', '2013-02-16 19:52:53', 1015, 'achat', 'OFF2', '', '', '', '', NULL, '1997-09-12', NULL),
(961, '114', 'dollar', 'carte', '', '2013-02-16 19:52:53', 1016, 'don', 'OFF1', '', '', '', '', NULL, '1997-07-05', NULL),
(962, '116', 'euro', 'carte', '', '2013-02-16 19:52:53', 1017, 'cotisation', 'OFF2', '', '', '', '', NULL, '1996-07-08', NULL),
(963, '134', 'dollar', 'cheque', '', '2013-02-16 19:52:53', 1018, 'cotisation', 'PING_1', '', '', '', '', NULL, '1997-10-05', NULL),
(964, '65', 'euro', 'cotisation', '', '2013-02-16 19:52:53', 1019, 'achat', 'PING_1', '', '', '', '', NULL, '2010-09-13', NULL),
(965, '123', 'euro', 'carte', '', '2013-02-16 19:52:53', 1020, 'don', 'OFF1', '', '', '', '', NULL, '2000-04-11', NULL),
(966, '41', 'dollar', 'cotisation', '', '2013-02-16 19:52:53', 1021, 'cotisation', 'OFF2', '', '', '', '', NULL, '2000-09-16', NULL),
(967, '141', 'euro', 'cheque', '', '2013-02-16 19:52:53', 1022, 'don', 'PING_1', '', '', '', '', NULL, '2000-03-02', NULL),
(968, '104', 'dollar', 'cotisation', '', '2013-02-16 19:52:53', 1023, 'achat', 'OFF1', '', '', '', '', NULL, '2009-12-11', NULL),
(969, '72', 'euro', 'cheque', '', '2013-02-16 19:52:53', 1024, 'don', 'OFF2', '', '', '', '', NULL, '2007-12-09', NULL),
(970, '52', 'euro', 'cotisation', '', '2013-02-16 19:52:53', 1025, 'nature', 'OFF2', '', '', '', '', NULL, '1996-07-13', NULL),
(971, '119', 'euro', 'cotisation', '', '2013-02-16 19:52:53', 1026, 'achat', 'PING_1', '', '', '', '', NULL, '1997-02-22', NULL),
(972, '133', 'euro', 'cotisation', '', '2013-02-16 19:52:53', 1027, 'nature', 'OFF1', '', '', '', '', NULL, '2003-03-02', NULL),
(973, '90', 'dollar', 'cheque', '', '2013-02-16 19:52:53', 1028, 'achat', 'PING_1', '', '', '', '', NULL, '2011-04-15', NULL),
(974, '108', 'euro', 'carte', '', '2013-02-16 19:52:53', 1029, 'nature', 'PING_1', '', '', '', '', NULL, '2006-08-13', NULL),
(975, '33', 'dollar', 'carte', '', '2013-02-16 19:52:53', 1030, 'cotisation', 'OFF2', '', '', '', '', NULL, '2010-03-26', NULL),
(976, '107', 'euro', 'cheque', '', '2013-02-16 19:52:53', 1031, 'nature', 'PING_1', '', '', '', '', NULL, '1999-09-23', NULL),
(977, '131', 'dollar', 'cheque', '', '2013-02-16 19:52:53', 1032, 'cotisation', 'OFF3', '', '', '', '', NULL, '2003-11-28', NULL),
(978, '131', 'euro', 'carte', '', '2013-02-16 19:52:53', 1033, 'don', 'OFF2', '', '', '', '', NULL, '2007-01-10', NULL),
(979, '136', 'euro', 'carte', '', '2013-02-16 19:52:53', 1034, 'cheque', 'OFF1', '', '', '', '', NULL, '2000-09-14', NULL),
(980, '60', 'euro', 'cotisation', '', '2013-02-16 19:52:53', 1035, 'achat', 'OFF3', '', '', '', '', NULL, '2007-03-26', NULL),
(981, '137', 'dollar', 'cheque', '', '2013-02-16 19:52:53', 1036, 'cotisation', 'PING_1', '', '', '', '', NULL, '2009-11-03', NULL),
(982, '148', 'dollar', 'cheque', '', '2013-02-16 19:52:53', 1037, 'achat', 'OFF3', '', '', '', '', NULL, '2007-06-21', NULL),
(983, '47', 'dollar', 'cotisation', '', '2013-02-16 19:52:53', 1038, 'cotisation', 'OFF1', '', '', '', '', NULL, '2007-09-26', NULL),
(984, '23', 'euro', 'cotisation', '', '2013-02-16 19:52:53', 1039, 'nature', 'PING_1', '', '', '', '', NULL, '2001-04-24', NULL),
(985, '22', 'dollar', 'cheque', '', '2013-02-16 19:52:53', 1040, 'cotisation', 'OFF1', '', '', '', '', NULL, '2003-04-11', NULL),
(986, '31', 'dollar', 'cotisation', '', '2013-02-16 19:52:53', 1041, 'cheque', 'OFF3', '', '', '', '', NULL, '1998-06-17', NULL),
(987, '101', 'dollar', 'cotisation', '', '2013-02-16 19:52:53', 1042, 'nature', 'OFF2', '', '', '', '', NULL, '2007-02-09', NULL),
(988, '120', 'euro', 'cheque', '', '2013-02-16 19:52:53', 1043, 'cotisation', 'OFF1', '', '', '', '', NULL, '2006-09-08', NULL),
(989, '150', NULL, 'carte', '', '2013-02-17 16:03:40', 68, 'don', 'OFF1', '', '', '', '', NULL, '2013-02-17', NULL),
(990, '150', NULL, 'cheque', '', '2013-02-17 16:09:11', 68, 'don', 'OFF1', '8576753', '757278578', 'LCL', '', NULL, '2013-02-17', NULL),
(991, '150', NULL, 'espece', '', '2013-02-17 17:27:07', 66, 'don', 'OFF1', '', '', '', '', NULL, '2013-02-17', NULL),
(992, '150', NULL, 'virement', '', '2013-02-17 19:24:31', 66, 'don', 'OFF3', '', '', '', '', NULL, '2013-02-17', NULL),
(993, '150', NULL, 'espece', '', '2013-02-17 19:24:38', 66, 'don', 'OFF3', '', '', '', '', NULL, '2013-02-17', NULL),
(995, '150', NULL, 'carte', '', '2013-02-17 20:12:12', 1046, 'don', 'aucune', '', '', '', '', NULL, '2013-02-17', NULL),
(996, '50', NULL, 'carte', '', '2013-02-17 20:13:07', 1045, 'don', 'aucune', '', '', '', '', NULL, '2013-02-17', NULL),
(997, '150', NULL, 'carte', '', '2013-02-18 10:51:13', 60, 'don', 'aucune', '', '', '', '', NULL, '2013-02-18', 997),
(998, '45', NULL, 'carte', '', '2013-02-18 17:10:48', 66, 'don', 'aucune', '', '', '', '', NULL, '2013-02-18', NULL),
(999, '45', NULL, 'carte', '', '2013-02-18 17:10:56', 66, 'don', 'OFF1', '', '', '', '', NULL, '2013-02-18', NULL),
(1000, '45', NULL, 'carte', '', '2013-02-18 17:10:57', 66, 'don', 'OFF1', '', '', '', '', NULL, '2013-02-18', NULL),
(1001, '45', NULL, 'carte', '', '2013-02-18 17:10:58', 66, 'don', 'OFF1', '', '', '', '', NULL, '2013-02-18', NULL),
(1002, '150', NULL, 'carte', '', '2013-02-26 10:47:58', 68, 'don', 'OFF1', '', '', '', '', NULL, '2013-02-26', NULL),
(1003, '150', NULL, 'carte', '', '2013-02-26 10:49:57', 68, 'don', 'OFF1', '', '', '', '', NULL, '2013-02-26', NULL),
(1004, '150', NULL, 'cheque', '', '2013-03-14 13:43:14', 68, 'don', 'OFF3', '', '', '', '', NULL, '2013-03-14', NULL),
(1005, '150', NULL, 'carte', '', '2013-04-04 13:50:40', 60, 'don', 'aucune', '', '', '', '', NULL, '2013-04-04', 1030),
(1006, '120', NULL, 'carte', '', '2013-04-04 13:50:53', 60, 'don', 'aucune', '', '', '', '', NULL, '2013-04-04', 1030),
(1007, '120', NULL, 'carte', '', '2013-04-07 23:57:31', 1044, 'engagement', 'aucune', '', '', '', '', NULL, '2013-04-07', NULL),
(1014, '100', NULL, 'carte', '', '2013-04-09 10:48:05', 1044, 'engagement', 'aucune', '', '', '', '', NULL, '2013-04-09', NULL),
(1015, '100', NULL, 'cheque', 'Premier versement', '2013-04-09 10:50:36', 1044, 'don', 'aucune', '250', '5646985656898', 'LCL', '', NULL, '2013-04-09', NULL),
(1016, '100', NULL, 'cheque', '', '2013-04-09 10:52:02', 60, 'don', 'aucune', '150', '56425875785757', 'LCL', '', NULL, '2013-04-09', 1030),
(1017, '100', NULL, 'carte', '', '2014-02-03 11:23:01', 60, 'don', 'aucune', '', '', '', '', NULL, '2014-02-03', 1023),
(1018, '100', NULL, 'carte', '', '2014-02-03 11:23:43', 60, 'don', 'aucune', '', '', '', '', NULL, '2014-02-03', 1023),
(1019, '100', NULL, 'carte', '', '2014-02-03 11:23:48', 60, 'don', 'aucune', '', '', '', '', NULL, '2014-02-03', 1023),
(1021, '100', NULL, 'carte', '', '2014-02-03 11:24:43', 60, 'don', 'aucune', '', '', '', '', NULL, '2014-02-03', 1023),
(1022, '150', NULL, 'espece', '', '2014-02-03 11:28:27', 60, 'promesse', 'aucune', '', '', '', '', NULL, '2014-02-03', 1023),
(1023, '150', NULL, 'espece', '', '2014-02-03 11:31:54', 60, 'promesse', 'aucune', '', '', '', '', NULL, '2014-02-03', 1023),
(1024, '150', NULL, 'espece', '', '2014-02-03 11:32:08', 60, 'promesse', 'aucune', '', '', '', '', NULL, '2014-02-03', 1027),
(1025, '1500', NULL, 'carte', '', '2014-02-03 11:38:45', 60, 'cotisation', 'aucune', '', '', '', '', NULL, '2014-02-03', 1027),
(1026, '24', NULL, 'carte', '', '2014-02-03 14:42:30', 77, 'achat', 'aucune', '', '', '', '', NULL, '2014-01-19', NULL),
(1027, '500', NULL, 'carte', '', '2014-02-04 09:16:16', 60, 'achat', 'OFF1', '', '', '', '', NULL, '1992-01-21', 1027),
(1028, '200', NULL, 'cheque', '', '2014-04-01 11:18:03', 65, '0', 'OFF1', '12367890', '123456789098321', 'LCL', 'SoGé', '2014-01-21', '2014-04-01', NULL),
(1029, '200', NULL, 'cheque', '', '2014-04-01 11:18:41', 65, '0', 'OFF1', '12367890', '123456789098321', 'LCL', 'SoGé', '2014-01-21', '2014-04-01', NULL),
(1030, '200', NULL, 'cheque', '', '2014-04-01 12:03:42', 60, 'don', 'OFF3', '12890', '127890921', 'LCL', 'CLC', '2014-01-21', '2014-04-01', 1030),
(1033, '200', NULL, 'cheque', '', '2014-04-05 16:11:32', 60, 'don', 'off4', '12347890', '134789097654321', 'LCL', 'LCL', '2014-04-08', '2014-04-05', 1033),
(1036, '200', NULL, 'carte', '', '2014-04-07 14:08:06', 77, 'don', 'aucune', '', '', '', '', NULL, '2014-04-07', NULL),
(1037, '2000', NULL, 'carte', '', '2014-04-07 15:02:21', 77, 'don', 'aucune', '', '', '', '', NULL, '2014-04-07', NULL),
(1038, '2000', NULL, 'carte', '', '2014-04-07 15:03:10', 77, 'don', 'aucune', '', '', '', '', NULL, '2014-04-07', NULL),
(1039, '2000', NULL, 'carte', '', '2014-04-07 15:05:08', 77, 'don', 'aucune', '', '', '', '', NULL, '2014-04-07', NULL),
(1040, '2000', NULL, 'carte', '', '2014-04-07 15:05:18', 77, 'don', 'aucune', '', '', '', '', NULL, '2014-04-07', NULL),
(1041, '2000', NULL, 'carte', '', '2014-04-07 15:05:43', 77, 'don', 'aucune', '', '', '', '', NULL, '2014-04-07', NULL),
(1042, '100', NULL, 'carte', '', '2014-04-07 19:03:11', 60, 'don', 'OFF1', '', '', '', '', NULL, '2014-04-07', 1044),
(1043, '100', NULL, 'carte', '', '2014-04-07 19:05:57', 60, 'don', 'OFF1', '', '', '', '', NULL, '2014-04-07', 1044),
(1044, '100', NULL, 'carte', '', '2014-04-07 19:51:04', 60, 'don', 'OFF1', '', '', '', '', NULL, '2014-04-07', 1044),
(1045, '100', NULL, 'carte', '', '2014-04-07 19:57:01', 61, 'don', 'OFF1', '', '', '', '', NULL, '2014-04-07', 1045),
(1046, '100', NULL, 'carte', '', '2014-04-07 19:57:53', 61, 'don', 'OFF1', '', '', '', '', NULL, '2014-04-07', 1046),
(1047, '100', NULL, 'carte', '', '2014-04-08 10:37:48', 60, 'don', 'aucune', '', '', '', '', NULL, '2014-04-08', 1048),
(1048, '100', NULL, 'carte', '', '2014-04-08 13:23:04', 60, 'don', 'OFF1', '', '', '', '', NULL, '2014-04-08', 1048),
(1049, '250', NULL, 'cheque', '', '2014-04-11 09:58:47', 62, 'don', 'OFF1', '1234567890', '1234567890', 'LCL', 'LCL', '2014-04-11', '2014-04-11', 1049),
(1050, '168', NULL, 'carte', '', '2014-06-10 19:29:37', 78, 'don', 'aucune', '', '', '', '', NULL, '2014-06-10', 1051),
(1051, '237', NULL, 'carte', '', '2014-06-10 19:30:12', 78, 'don', 'aucune', '', '', '', '', NULL, '2014-06-10', 1051);

-- --------------------------------------------------------

--
-- Structure de la table `flechages`
--

CREATE TABLE IF NOT EXISTS `flechages` (
  `FLECH_ID` int(11) NOT NULL AUTO_INCREMENT,
  `DON_ID` int(11) NOT NULL,
  `FLECH_MONTANT` decimal(10,0) NOT NULL,
  `FLECH_TYPE` varchar(100) NOT NULL,
  PRIMARY KEY (`FLECH_ID`),
  KEY `DON_ID` (`DON_ID`)
) ENGINE=InnoDB  DEFAULT CHARSET=latin1 AUTO_INCREMENT=40 ;

--
-- Contenu de la table `flechages`
--

INSERT INTO `flechages` (`FLECH_ID`, `DON_ID`, `FLECH_MONTANT`, `FLECH_TYPE`) VALUES
(7, 65, '8', 'cotisation'),
(8, 65, '92', 'donation'),
(9, 77, '100', 'donation'),
(10, 1028, '8', 'cotisation'),
(11, 1028, '192', 'donation'),
(12, 1029, '8', 'cotisation'),
(13, 1029, '192', 'donation'),
(14, 1030, '8', 'cotisation'),
(15, 1030, '192', 'donation'),
(16, 1033, '200', 'donation'),
(17, 1036, '200', 'donation'),
(18, 1041, '2000', 'donation'),
(19, 1042, '8', 'cotisation'),
(20, 1042, '10', 'projet'),
(21, 1042, '97', 'donation'),
(22, 1043, '8', 'donation'),
(23, 1043, '87', 'offre'),
(24, 1043, '20', 'projet'),
(25, 1044, '100', 'donation'),
(26, 1044, '92', 'donation'),
(27, 1045, '8', 'cotisation'),
(28, 1045, '95', 'donation'),
(29, 1046, '100', 'donation'),
(30, 1047, '50', 'donation'),
(31, 1047, '50', 'donation'),
(32, 1048, '46', 'donation'),
(33, 1048, '54', 'offre'),
(34, 1049, '8', 'cotisation'),
(35, 1049, '200', 'projet'),
(36, 1049, '42', 'donation'),
(37, 1050, '8', 'cotisation'),
(38, 1050, '160', 'donation'),
(39, 1051, '237', 'donation');

-- --------------------------------------------------------

--
-- Structure de la table `historique`
--

CREATE TABLE IF NOT EXISTS `historique` (
  `hist_id` int(16) NOT NULL AUTO_INCREMENT,
  `hist_tabl_id` int(8) NOT NULL,
  `hist_tabl_pkey` int(16) NOT NULL,
  `hist_field_id` int(8) NOT NULL,
  `hist_field_value` text CHARACTER SET utf8,
  `hist_modif_type` int(8) NOT NULL,
  `hist_datetime` datetime NOT NULL,
  PRIMARY KEY (`hist_id`),
  KEY `hist_tabl_pmk` (`hist_tabl_pkey`)
) ENGINE=InnoDB  DEFAULT CHARSET=latin1 AUTO_INCREMENT=12 ;

--
-- Contenu de la table `historique`
--

INSERT INTO `historique` (`hist_id`, `hist_tabl_id`, `hist_tabl_pkey`, `hist_field_id`, `hist_field_value`, `hist_modif_type`, `hist_datetime`) VALUES
(1, 3, 60, 18, 'Donateur', 0, '2014-04-11 10:04:23'),
(2, 3, 60, 22, '2006-04-23', 0, '2014-04-11 10:04:23'),
(3, 3, 60, 32, 'Creteil', 0, '2014-04-11 10:04:23'),
(4, 3, 60, 33, 'France', 0, '2014-04-11 10:04:23'),
(5, 3, 60, 33, 'canada', 1, '2014-04-11 10:05:04'),
(6, 3, 60, 32, 'villejuif', 1, '2014-04-11 10:05:04'),
(7, 3, 60, 22, '0000-00-00', 1, '2014-04-11 10:05:04'),
(8, 3, 60, 18, 'donateur', 1, '2014-04-11 10:05:04'),
(9, 3, 60, 18, 'Donateur', 1, '2014-06-10 19:27:55'),
(10, 3, 60, 22, '2006-04-23', 1, '2014-06-10 19:27:55'),
(11, 3, 60, 33, 'France', 1, '2014-06-10 19:27:55');

-- --------------------------------------------------------

--
-- Structure de la table `infos_comp`
--

CREATE TABLE IF NOT EXISTS `infos_comp` (
  `IC_ID` varchar(12) NOT NULL,
  `IC_LABEL` varchar(255) NOT NULL,
  `IC_TYPE` text NOT NULL,
  PRIMARY KEY (`IC_ID`)
) ENGINE=InnoDB DEFAULT CHARSET=latin1;

--
-- Contenu de la table `infos_comp`
--

INSERT INTO `infos_comp` (`IC_ID`, `IC_LABEL`, `IC_TYPE`) VALUES
('IC_4', 'situation familiale', 'liste:marie,en couple,celibataire'),
('IC_5', 'Allergie', 'texte'),
('IC_6', 'Groupe sanguin', 'liste:O,A,B,AB'),
('IC_7', 'Rhesus', 'liste:Positif,Negatif'),
('IC_8', 'Aime le caramel', 'checkbox'),
('IC_9', 'Frequence dentiste', 'liste:au moins 1 fois par an, au moins 1 fois tous les 2 ans, moins');

-- --------------------------------------------------------

--
-- Structure de la table `lettre`
--

CREATE TABLE IF NOT EXISTS `lettre` (
  `LET_ID` int(11) NOT NULL AUTO_INCREMENT,
  `LET_TYPE_ID` int(2) NOT NULL,
  `LET_NAME` varchar(11) NOT NULL,
  `LET_CONTENT` text NOT NULL,
  PRIMARY KEY (`LET_ID`),
  UNIQUE KEY `LET_ID` (`LET_ID`),
  KEY `LET_TYPE_ID` (`LET_TYPE_ID`)
) ENGINE=InnoDB  DEFAULT CHARSET=latin1 AUTO_INCREMENT=34 ;

--
-- Contenu de la table `lettre`
--

INSERT INTO `lettre` (`LET_ID`, `LET_TYPE_ID`, `LET_NAME`, `LET_CONTENT`) VALUES
(3, 6, 'lettre1', '<p  center;"><span  underline; font-size: large;">testssssssssss</span></p>'),
(23, 6, 'lettreT', '<p style="text-align: center;"><span style="text-decoration: underline; font-family: arial,helvetica,sans-serif; font-size: large;"><strong>dsfsefg&eacute;&agrave;&agrave;AAA</strong></span></p>\r\n<p style="text-align: center;">&nbsp;</p>\r\n<p style="text-align: center;">&nbsp;</p>\r\n<p style="text-align: left;"><span style="text-decoration: underline; font-family: arial,helvetica,sans-serif; font-size: large;"><strong>prout !!!!!!!!!!! :)<span style="font-family: andale mono,times;">sfdvsfvfdsv</span></strong></span></p>\r\n<p style="text-align: left;">&nbsp;</p>\r\n<p style="text-align: left;">&nbsp;</p>\r\n<p style="text-align: left;"><span style="text-decoration: underline; font-family: arial,helvetica,sans-serif; font-size: large;"><strong><span style="font-family: andale mono,times;">$civilite_contact$ $nom_contact$ put de la fesse.</span></strong></span></p>\r\n<p style="text-align: left;">&nbsp;</p>\r\n<p style="text-align: left;"><em><span style="font-family: arial,helvetica,sans-serif; font-size: large;"><span style="font-family: andale mono,times; color: #48d52a;">$prenom_contact$</span></span></em></p>\r\n<p style="text-align: left;">&nbsp;</p>\r\n<p style="text-align: center;"><span style="font-family: arial,helvetica,sans-serif; font-size: large;"><span style="font-family: andale mono,times; color: #48d52a;">$adresse_contact$</span></span></p>'),
(26, 6, 'lettre2', '<p style="text-align: center;"><strong style="color: #46bd41;">zqdgqg</strong></p>'),
(27, 7, 'Anti_carie', '<address><span style="font-size: small;">Association La mie de pain</span></address><address><span style="font-size: small;">64 avenue de l&rsquo;Amiti&eacute;</span></address><address><span style="font-size: small;">98765 Solidaire </span></address>\r\n<p style="text-align: right;"><span style="font-size: small;">&nbsp;&nbsp;&nbsp;&nbsp;&nbsp;&nbsp;&nbsp;&nbsp;&nbsp;&nbsp;&nbsp;&nbsp;&nbsp;&nbsp;&nbsp;&nbsp;&nbsp;&nbsp;&nbsp;&nbsp;&nbsp;&nbsp;&nbsp;&nbsp;&nbsp;&nbsp;&nbsp;&nbsp;&nbsp;&nbsp;&nbsp;&nbsp;&nbsp;&nbsp;&nbsp;&nbsp;&nbsp;&nbsp;&nbsp;&nbsp;&nbsp;&nbsp;&nbsp;&nbsp;&nbsp;&nbsp;&nbsp;&nbsp;&nbsp;&nbsp;&nbsp;&nbsp;&nbsp;&nbsp;&nbsp;&nbsp;&nbsp;&nbsp;&nbsp;&nbsp;&nbsp;&nbsp;&nbsp;&nbsp;&nbsp;&nbsp;&nbsp;&nbsp;&nbsp;&nbsp;&nbsp;&nbsp;&nbsp;&nbsp;&nbsp;&nbsp;&nbsp;&nbsp;&nbsp;&nbsp;&nbsp;&nbsp;&nbsp;&nbsp;&nbsp;&nbsp;&nbsp;&nbsp;&nbsp;&nbsp;&nbsp;&nbsp;&nbsp;&nbsp;&nbsp;&nbsp;&nbsp;&nbsp;&nbsp;&nbsp;&nbsp;&nbsp;&nbsp;&nbsp;&nbsp;&nbsp;&nbsp;&nbsp;&nbsp;&nbsp;&nbsp;&nbsp;&nbsp;&nbsp;&nbsp; <em>$adresse_contact$</em></span></p>\r\n<p><span style="font-size: small;">&nbsp;</span></p>\r\n<p style="color: #5049b5;" align="center"><span style="text-decoration: underline; font-size: large; font-family: book antiqua,palatino;">Nouvelle campagne 2013</span></p>\r\n<p style="color: #5049b5;"><span style="font-size: large;">&nbsp;</span></p>\r\n<p><span style="font-size: small;"><strong>$civilite_contact$ $nom_contact$,</strong></span></p>\r\n<p><span style="font-size: small;">&nbsp;</span></p>\r\n<p><span style="font-size: small;">&nbsp;&nbsp;&nbsp;&nbsp;&nbsp;&nbsp;&nbsp;&nbsp;&nbsp;&nbsp;&nbsp; Nous vous informons que la campagne de pr&eacute;vention dentaire 2013 a commenc&eacute;.</span></p>\r\n<p><span style="font-size: small;">Nous vous invitons d&egrave;s &agrave; pr&eacute;sent &agrave; nous envoyer vos dons, qui seront, nous vous le rappelons, d&eacute;fiscalis&eacute;s &agrave; hauteur de 66% du montant sur vos imp&ocirc;ts.</span></p>\r\n<p><span style="font-size: small;">&nbsp;</span></p>\r\n<p><span style="font-size: small;">Nous vous remercions par avance de votre solidarit&eacute;.</span></p>\r\n<p><span style="font-size: small;">&nbsp;</span></p>\r\n<p><span style="font-size: small;">&nbsp;</span></p>\r\n<p><span style="font-size: small;">Nos amiti&eacute;s les plus sinc&egrave;res,</span></p>\r\n<p><span style="font-size: small;">&nbsp;</span></p>\r\n<p><span style="font-size: small;">Solidairement,</span></p>\r\n<p align="right"><span style="font-size: small;">&nbsp;&nbsp;&nbsp;&nbsp;&nbsp;&nbsp;&nbsp;&nbsp;&nbsp;&nbsp;&nbsp;&nbsp;&nbsp;&nbsp;&nbsp;&nbsp;&nbsp;&nbsp;&nbsp;&nbsp;&nbsp;&nbsp;&nbsp;&nbsp;&nbsp;&nbsp;&nbsp;&nbsp;&nbsp;&nbsp;&nbsp;&nbsp;&nbsp;&nbsp;&nbsp;&nbsp;&nbsp;&nbsp;&nbsp;&nbsp;&nbsp;&nbsp;&nbsp;&nbsp;&nbsp;&nbsp;&nbsp;&nbsp;&nbsp;&nbsp;&nbsp;&nbsp;&nbsp;&nbsp;&nbsp;&nbsp;&nbsp;&nbsp;&nbsp;&nbsp;&nbsp;&nbsp;&nbsp;&nbsp;&nbsp;&nbsp;&nbsp;&nbsp;&nbsp;&nbsp;&nbsp;&nbsp;&nbsp;&nbsp;&nbsp;&nbsp;&nbsp;&nbsp;&nbsp;&nbsp;&nbsp;&nbsp;&nbsp;&nbsp;&nbsp;&nbsp;&nbsp;&nbsp;&nbsp;&nbsp;&nbsp;&nbsp;&nbsp;&nbsp;&nbsp;&nbsp;&nbsp;&nbsp;&nbsp;&nbsp;&nbsp;&nbsp;&nbsp;&nbsp;&nbsp;&nbsp;&nbsp;&nbsp;&nbsp;&nbsp;&nbsp;&nbsp;&nbsp;&nbsp;&nbsp;&nbsp;&nbsp;&nbsp;&nbsp;&nbsp;&nbsp;&nbsp;&nbsp;&nbsp;&nbsp;&nbsp;&nbsp;&nbsp; </span></p>\r\n<p align="right"><span style="font-size: small;">Herv&eacute; Henri,</span></p>\r\n<p align="right"><span style="font-size: small;"><em>Pr&eacute;sident de La mie de pain</em></span></p>\r\n<p><span style="font-size: small;">&nbsp;</span></p>\r\n<p style="text-align: right;"><span style="font-size: small;">&nbsp;&nbsp;&nbsp;&nbsp;&nbsp;&nbsp;&nbsp;&nbsp;&nbsp;&nbsp;&nbsp;&nbsp;&nbsp;&nbsp;&nbsp;&nbsp;&nbsp;&nbsp;&nbsp;&nbsp;&nbsp;&nbsp;&nbsp;&nbsp;&nbsp;&nbsp;&nbsp;&nbsp;&nbsp;&nbsp;&nbsp;&nbsp;&nbsp;&nbsp;&nbsp;&nbsp;&nbsp;&nbsp;&nbsp;&nbsp;&nbsp;&nbsp;&nbsp;&nbsp;&nbsp;&nbsp;&nbsp;&nbsp;&nbsp;&nbsp;&nbsp;&nbsp;&nbsp;&nbsp;&nbsp;&nbsp;&nbsp;&nbsp;&nbsp;&nbsp;&nbsp;&nbsp;&nbsp;&nbsp;&nbsp;&nbsp;&nbsp;&nbsp;&nbsp;&nbsp;&nbsp;&nbsp;&nbsp;&nbsp;&nbsp;&nbsp;&nbsp;&nbsp;&nbsp;&nbsp;&nbsp;&nbsp;&nbsp;&nbsp;&nbsp;&nbsp;&nbsp;&nbsp;&nbsp;&nbsp;&nbsp;&nbsp;&nbsp;&nbsp;&nbsp;&nbsp;&nbsp;&nbsp;&nbsp;&nbsp;&nbsp;&nbsp;&nbsp;&nbsp;&nbsp;&nbsp;&nbsp;&nbsp;&nbsp;&nbsp;&nbsp;&nbsp;&nbsp;&nbsp;&nbsp;&nbsp;&nbsp;&nbsp;&nbsp;&nbsp;&nbsp;&nbsp;&nbsp;&nbsp;&nbsp;&nbsp; Signature</span></p>'),
(32, 8, 'New_contact', '<address><span style="font-size: small;">Association La mie de pain</span></address><address><span style="font-size: small;">64 avenue de l&rsquo;Amiti&eacute;</span></address><address><span style="font-size: small;">98765 Solidaire </span></address>\r\n<p style="text-align: right;"><span style="font-size: small;">&nbsp;&nbsp;&nbsp;&nbsp;&nbsp;&nbsp;&nbsp;&nbsp;&nbsp;&nbsp;&nbsp;&nbsp;&nbsp;&nbsp;&nbsp;&nbsp;&nbsp;&nbsp;&nbsp;&nbsp;&nbsp;&nbsp;&nbsp;&nbsp;&nbsp;&nbsp;&nbsp;&nbsp;&nbsp;&nbsp;&nbsp;&nbsp;&nbsp;&nbsp;&nbsp;&nbsp;&nbsp;&nbsp;&nbsp;&nbsp;&nbsp;&nbsp;&nbsp;&nbsp;&nbsp;&nbsp;&nbsp;&nbsp;&nbsp;&nbsp;&nbsp;&nbsp;&nbsp;&nbsp;&nbsp;&nbsp;&nbsp;&nbsp;&nbsp;&nbsp;&nbsp;&nbsp;&nbsp;&nbsp;&nbsp;&nbsp;&nbsp;&nbsp;&nbsp;&nbsp;&nbsp;&nbsp;&nbsp;&nbsp;&nbsp;&nbsp;&nbsp;&nbsp;&nbsp;&nbsp;&nbsp;&nbsp;&nbsp;&nbsp;&nbsp;&nbsp;&nbsp;&nbsp;&nbsp;&nbsp;&nbsp;&nbsp;&nbsp;&nbsp;&nbsp;&nbsp;&nbsp;&nbsp;&nbsp;&nbsp;&nbsp;&nbsp;&nbsp;&nbsp;&nbsp;&nbsp;&nbsp;&nbsp;&nbsp;&nbsp;&nbsp;&nbsp;&nbsp;&nbsp;&nbsp; <em>$adresse_contact$</em></span></p>\r\n<p><span style="font-size: small;">&nbsp;</span></p>\r\n<p style="color: #5049b5;" align="center"><span style="text-decoration: underline; font-size: large; font-family: book antiqua,palatino;">La mie de pain vous remercie<br /></span></p>\r\n<p style="color: #5049b5;"><span style="font-size: large;">&nbsp;</span></p>\r\n<p><span style="font-size: small;"><strong>$civilite_contact$ $nom_contact$,</strong></span></p>\r\n<p><span style="font-size: small;">&nbsp;</span></p>\r\n<p><span style="font-size: small;">Nous avons bien re&ccedil;u votre don et vous nous en remercions. </span></p>\r\n<p><span style="font-size: small;">Vous ne tarderez pas recevoir un re&ccedil;u fiscal &agrave; l''adresse que vous nous avez indiqu&eacute;e.<br /></span></p>\r\n<p><span style="font-size: small;">Merci de nous avoir rejoint dans ce combat de tous les jours. N''h&eacute;sitez pas &agrave; nous contacter pour compl&eacute;ter vos informations personnels.</span></p>\r\n<p><span style="font-size: small;">&nbsp;</span></p>\r\n<p><span style="font-size: small;">&nbsp;</span></p>\r\n<p><span style="font-size: small;">Nos amiti&eacute;s les plus sinc&egrave;res,</span></p>\r\n<p><span style="font-size: small;">&nbsp;</span></p>\r\n<p><span style="font-size: small;">Solidairement,</span></p>\r\n<p align="right"><span style="font-size: small;">&nbsp;&nbsp;&nbsp;&nbsp;&nbsp;&nbsp;&nbsp;&nbsp;&nbsp;&nbsp;&nbsp;&nbsp;&nbsp;&nbsp;&nbsp;&nbsp;&nbsp;&nbsp;&nbsp;&nbsp;&nbsp;&nbsp;&nbsp;&nbsp;&nbsp;&nbsp;&nbsp;&nbsp;&nbsp;&nbsp;&nbsp;&nbsp;&nbsp;&nbsp;&nbsp;&nbsp;&nbsp;&nbsp;&nbsp;&nbsp;&nbsp;&nbsp;&nbsp;&nbsp;&nbsp;&nbsp;&nbsp;&nbsp;&nbsp;&nbsp;&nbsp;&nbsp;&nbsp;&nbsp;&nbsp;&nbsp;&nbsp;&nbsp;&nbsp;&nbsp;&nbsp;&nbsp;&nbsp;&nbsp;&nbsp;&nbsp;&nbsp;&nbsp;&nbsp;&nbsp;&nbsp;&nbsp;&nbsp;&nbsp;&nbsp;&nbsp;&nbsp;&nbsp;&nbsp;&nbsp;&nbsp;&nbsp;&nbsp;&nbsp;&nbsp;&nbsp;&nbsp;&nbsp;&nbsp;&nbsp;&nbsp;&nbsp;&nbsp;&nbsp;&nbsp;&nbsp;&nbsp;&nbsp;&nbsp;&nbsp;&nbsp;&nbsp;&nbsp;&nbsp;&nbsp;&nbsp;&nbsp;&nbsp;&nbsp;&nbsp;&nbsp;&nbsp;&nbsp;&nbsp;&nbsp;&nbsp;&nbsp;&nbsp;&nbsp;&nbsp;&nbsp;&nbsp;&nbsp;&nbsp;&nbsp;&nbsp;&nbsp;&nbsp; </span></p>\r\n<p align="right"><span style="font-size: small;">Herv&eacute; Henri,</span></p>\r\n<p align="right"><span style="font-size: small;"><em>Pr&eacute;sident de La mie de pain</em></span></p>\r\n<p><span style="font-size: small;">&nbsp;</span></p>\r\n<p style="text-align: right;"><span style="font-size: small;">&nbsp;&nbsp;&nbsp;&nbsp;&nbsp;&nbsp;&nbsp;&nbsp;&nbsp;&nbsp;&nbsp;&nbsp;&nbsp;&nbsp;&nbsp;&nbsp;&nbsp;&nbsp;&nbsp;&nbsp;&nbsp;&nbsp;&nbsp;&nbsp;&nbsp;&nbsp;&nbsp;&nbsp;&nbsp;&nbsp;&nbsp;&nbsp;&nbsp;&nbsp;&nbsp;&nbsp;&nbsp;&nbsp;&nbsp;&nbsp;&nbsp;&nbsp;&nbsp;&nbsp;&nbsp;&nbsp;&nbsp;&nbsp;&nbsp;&nbsp;&nbsp;&nbsp;&nbsp;&nbsp;&nbsp;&nbsp;&nbsp;&nbsp;&nbsp;&nbsp;&nbsp;&nbsp;&nbsp;&nbsp;&nbsp;&nbsp;&nbsp;&nbsp;&nbsp;&nbsp;&nbsp;&nbsp;&nbsp;&nbsp;&nbsp;&nbsp;&nbsp;&nbsp;&nbsp;&nbsp;&nbsp;&nbsp;&nbsp;&nbsp;&nbsp;&nbsp;&nbsp;&nbsp;&nbsp;&nbsp;&nbsp;&nbsp;&nbsp;&nbsp;&nbsp;&nbsp;&nbsp;&nbsp;&nbsp;&nbsp;&nbsp;&nbsp;&nbsp;&nbsp;&nbsp;&nbsp;&nbsp;&nbsp;&nbsp;&nbsp;&nbsp;&nbsp;&nbsp;&nbsp;&nbsp;&nbsp;&nbsp;&nbsp;&nbsp;&nbsp;&nbsp;&nbsp;&nbsp;&nbsp;&nbsp;&nbsp; Signature</span></p>'),
(33, 7, 'Sidaction', '<p>Bonjour,</p>\n<p>&nbsp;</p>\n<p>Vous avez particip&eacute; au Sidaction, c''est gentil.</p>\n<p>Merci, $$nom$$</p>');

-- --------------------------------------------------------

--
-- Structure de la table `liste_ville`
--

CREATE TABLE IF NOT EXISTS `liste_ville` (
  `CP` varchar(5) NOT NULL,
  `libelle` varchar(255) CHARACTER SET latin1 NOT NULL
) ENGINE=MyISAM DEFAULT CHARSET=utf8 ROW_FORMAT=DYNAMIC;

--
-- Contenu de la table `liste_ville`
--

INSERT INTO `liste_ville` (`CP`, `libelle`) VALUES
('01400', 'ABERGEMENT CLEMENCIAT (L'')'),
('01640', 'ABERGEMENT DE VAREY (L'')'),
('01090', 'AMAREINS FRANCHELEINS'),
('01501', 'AMBERIEU EN BUGEY'),
('01330', 'AMBERIEUX EN DOMBES'),
('01300', 'AMBLEON'),
('01502', 'AMBRONAY'),
('01509', 'AMBUTRIX'),
('01300', 'ANDERT ET CONDON'),
('01350', 'ANGLEFORT'),
('01100', 'APREMONT'),
('01110', 'ARANC'),
('01230', 'ARANDAS'),
('01100', 'ARBENT'),
('01300', 'ARBIGNIEU'),
('01190', 'ARBIGNY'),
('01230', 'ARGIS'),
('01510', 'ARMIX'),
('01480', 'ARS SUR FORMANS'),
('01510', 'ARTEMARE'),
('01570', 'ASNIERES SUR SAONE'),
('01340', 'ATTIGNAT'),
('01380', 'BAGE LA VILLE'),
('01380', 'BAGE LE CHATEL'),
('01360', 'BALAN'),
('01990', 'BANEINS'),
('01270', 'BEAUPONT'),
('01480', 'BEAUREGARD'),
('01360', 'BELIGNEUX'),
('01200', 'BELLEGARDE SUR VALSERINE'),
('01300', 'BELLEY'),
('01130', 'BELLEYDOUX'),
('01100', 'BELLIGNAT'),
('01260', 'BELMONT LUTHEZIEU'),
('01470', 'BENONCES'),
('01370', 'BENY'),
('01350', 'BEON'),
('01340', 'BEREZIAT'),
('01503', 'BETTANT'),
('01290', 'BEY'),
('01700', 'BEYNOST'),
('01200', 'BILLIAT'),
('01330', 'BIRIEUX'),
('01290', 'BIZIAT'),
('01150', 'BLYES'),
('01250', 'BOHAS MEYRIAT RIGNAT'),
('01120', 'BOISSE (LA)'),
('01190', 'BOISSEY'),
('01380', 'BOISSEY'),
('01450', 'BOLOZON'),
('01330', 'BOULIGNEUX'),
('01000', 'BOURG EN BRESSE'),
('01800', 'BOURG SAINT CHRISTOPHE'),
('01640', 'BOYEUX SAINT JEROME'),
('01190', 'BOZ'),
('01300', 'BREGNIER CORDON'),
('01260', 'BRENAZ'),
('01110', 'BRENOD'),
('01300', 'BRENS'),
('01360', 'BRESSOLLES'),
('01460', 'BRION'),
('01470', 'BRIORD'),
('01310', 'BUELLAS'),
('01510', 'BURBANCHE (LA)'),
('01360', 'CAMP DE LA VALBONNE'),
('01430', 'CEIGNES'),
('01450', 'CERDON'),
('01240', 'CERTINES'),
('01170', 'CESSY'),
('01250', 'CEYZERIAT'),
('01350', 'CEYZERIEU'),
('01320', 'CHALAMONT'),
('01480', 'CHALEINS'),
('01230', 'CHALEY'),
('01450', 'CHALLES'),
('01630', 'CHALLEX'),
('01260', 'CHAMPAGNE EN VALROMEY'),
('01110', 'CHAMPDOR'),
('01410', 'CHAMPFROMIER'),
('01420', 'CHANAY'),
('01590', 'CHANCIA'),
('01990', 'CHANEINS'),
('01400', 'CHANOZ CHATENAY'),
('01240', 'CHAPELLE DU CHATELARD (LA)'),
('01130', 'CHARIX'),
('01800', 'CHARNOZ SUR AIN'),
('01504', 'CHATEAU GAILLARD'),
('01320', 'CHATENAY'),
('01200', 'CHATILLON EN MICHAILLE'),
('01320', 'CHATILLON LA PALUD'),
('01400', 'CHATILLON SUR CHALARONNE'),
('01190', 'CHAVANNES SUR REYSSOUZE'),
('01250', 'CHAVANNES SUR SURAN'),
('01660', 'CHAVEYRIAT'),
('01510', 'CHAVORNAY'),
('01300', 'CHAZEY BONS'),
('01150', 'CHAZEY SUR AIN'),
('01510', 'CHEIGNIEU LA BALME'),
('01430', 'CHEVILLARD'),
('01190', 'CHEVROUX'),
('01170', 'CHEVRY'),
('01200', 'CHEZERY FORENS'),
('01410', 'CHEZERY FORENS'),
('01390', 'CIVRIEUX'),
('01250', 'CIZE'),
('01230', 'CLEYZIEU'),
('01270', 'COLIGNY'),
('01550', 'COLLONGES'),
('01300', 'COLOMIEU'),
('01230', 'CONAND'),
('01430', 'CONDAMINE'),
('01400', 'CONDEISSIAT'),
('01200', 'CONFORT'),
('01310', 'CONFRANCON'),
('01300', 'CONTREVOZ'),
('01300', 'CONZIEU'),
('01420', 'CORBONOD'),
('01110', 'CORCELLES'),
('01110', 'CORLIER'),
('01110', 'CORMARANCHE EN BUGEY'),
('01290', 'CORMORANCHE SUR SAONE'),
('01560', 'CORMOZ'),
('01250', 'CORVEISSIAT'),
('01370', 'COURMANGOUX'),
('01560', 'COURTES'),
('01320', 'CRANS'),
('01340', 'CRAS SUR REYSSOUZE'),
('01350', 'CRESSIN ROCHEFORT'),
('01290', 'CROTTET'),
('01750', 'CROTTET'),
('01170', 'CROZET'),
('01290', 'CRUZILLES LES MEPILLAT'),
('01350', 'CULOZ'),
('01560', 'CURCIAT DONGALON'),
('01310', 'CURTAFOND'),
('01300', 'CUZIEU'),
('01120', 'DAGNEUX'),
('01220', 'DIVONNE LES BAINS'),
('01380', 'DOMMARTIN'),
('01400', 'DOMPIERRE SUR CHALARONNE'),
('01240', 'DOMPIERRE SUR VEYLE'),
('01270', 'DOMSURE'),
('01590', 'DORTAN'),
('01505', 'DOUVRES'),
('01250', 'DROM'),
('01160', 'DRUILLAT'),
('01130', 'ECHALLON'),
('01170', 'ECHENEVEX'),
('01200', 'ELOISE'),
('01340', 'ETREZ'),
('01230', 'EVOSGES'),
('01800', 'FARAMANS'),
('01480', 'FAREINS'),
('01550', 'FARGES'),
('01570', 'FEILLENS'),
('01210', 'FERNEY VOLTAIRE'),
('01350', 'FLAXIEU'),
('01340', 'FOISSIAT'),
('01090', 'FRANCHELEINS'),
('01480', 'FRANS'),
('01140', 'GARNERANS'),
('01090', 'GENOUILLEUX'),
('01100', 'GEOVREISSET'),
('01460', 'GEOVREISSIAT'),
('01250', 'GERMAGNAT'),
('01170', 'GEX'),
('01130', 'GIRON'),
('01190', 'GORREVOD'),
('01260', 'GRAND ABERGEMENT (LE)'),
('01250', 'GRAND CORENT'),
('01290', 'GRIEGES'),
('01220', 'GRILLY'),
('01100', 'GROISSIAT'),
('01680', 'GROSLEE'),
('01090', 'GUEREINS'),
('01250', 'HAUTECOURT ROMANECHE'),
('01110', 'HAUTEVILLE LOMPNES'),
('01110', 'HOSTIAS'),
('01260', 'HOTONNES'),
('01140', 'ILLIAT'),
('01200', 'INJOUX GENISSIAT'),
('01680', 'INNIMOND'),
('01430', 'IZENAVE'),
('01580', 'IZERNORE'),
('01300', 'IZIEU'),
('01480', 'JASSANS RIOTTIER'),
('01250', 'JASSERON'),
('01340', 'JAYAT'),
('01250', 'JOURNANS'),
('01800', 'JOYEUX'),
('01640', 'JUJURIEUX'),
('01450', 'LABALME'),
('01150', 'LAGNIEU'),
('01290', 'LAIZ'),
('01410', 'LAJOUX'),
('01130', 'LALLEYRIAT'),
('01200', 'LANCRANS'),
('01430', 'LANTENAY'),
('01330', 'LAPEYROUSE'),
('01590', 'LAVANCIA EPERCY'),
('01350', 'LAVOURS'),
('01200', 'LEAZ'),
('01410', 'LELEX'),
('01240', 'LENT'),
('01560', 'LESCHEROUX'),
('01150', 'LEYMENT'),
('01450', 'LEYSSARD'),
('01420', 'LHOPITAL'),
('01680', 'LHUIS'),
('01260', 'LOCHIEU'),
('01680', 'LOMPNAZ'),
('01260', 'LOMPNIEU'),
('01360', 'LOYETTES'),
('01090', 'LURCY'),
('01300', 'MAGNIEU'),
('01430', 'MAILLAT'),
('01340', 'MALAFRETAZ'),
('01560', 'MANTENAY MONTLIN'),
('01570', 'MANZIAT'),
('01851', 'MARBOZ'),
('01680', 'MARCHAMP'),
('01300', 'MARIGNIEU'),
('01240', 'MARLIEUX'),
('01340', 'MARSONNAS'),
('01100', 'MARTIGNAT'),
('01600', 'MASSIEUX'),
('01300', 'MASSIGNIEU DE RIVES'),
('01580', 'MATAFELON GRANGES'),
('01370', 'MEILLONNAS'),
('01450', 'MERIGNAT'),
('01480', 'MESSIMY SUR SAONE'),
('01800', 'MEXIMIEUX'),
('01660', 'MEZERIAT'),
('01170', 'MIJOUX'),
('01410', 'MIJOUX'),
('01390', 'MIONNAY'),
('01700', 'MIRIBEL'),
('01600', 'MISERIEUX'),
('01140', 'MOGNENEINS'),
('01250', 'MONTAGNAT'),
('01470', 'MONTAGNIEU'),
('01200', 'MONTANGES'),
('01090', 'MONTCEAUX'),
('01310', 'MONTCET'),
('01800', 'MONTELLIER (LE)'),
('01390', 'MONTHIEUX'),
('01120', 'MONTLUEL'),
('01090', 'MONTMERLE SUR SAONE'),
('01310', 'MONTRACOL'),
('01460', 'MONTREAL LA CLUSE'),
('01340', 'MONTREVEL EN BRESSE'),
('01300', 'MURS ET GELIGNIEUX'),
('01130', 'NANTUA'),
('01460', 'NANTUA'),
('01300', 'NATTAGES'),
('01400', 'NEUVILLE LES DAMES'),
('01160', 'NEUVILLE SUR AIN'),
('01130', 'NEYROLLES (LES)'),
('01700', 'NEYRON'),
('01120', 'NIEVROZ'),
('01230', 'NIVOLLET MONTGRIFFON'),
('01460', 'NURIEUX VOLOGNAT'),
('01230', 'ONCIEU'),
('01510', 'ORDONNAZ'),
('01210', 'ORNEX'),
('01430', 'OUTRIAZ'),
('01100', 'OYONNAX'),
('01190', 'OZAN'),
('01600', 'PARCIEUX'),
('01300', 'PARVES'),
('01630', 'PERON'),
('01960', 'PERONNAS'),
('01800', 'PEROUGES'),
('01540', 'PERREX'),
('01260', 'PETIT ABERGEMENT (LE)'),
('01430', 'PEYRIAT'),
('01300', 'PEYRIEU'),
('01140', 'PEYZIEUX SUR SAONE'),
('01270', 'PIRAJOUX'),
('01120', 'PIZAY'),
('01130', 'PLAGNE'),
('01330', 'PLANTAY (LE)'),
('01130', 'POIZAT (LE)'),
('01310', 'POLLIAT'),
('01350', 'POLLIEU'),
('01450', 'PONCIN'),
('01160', 'PONT D''AIN'),
('01190', 'PONT DE VAUX'),
('01290', 'PONT DE VEYLE'),
('01460', 'PORT'),
('01550', 'POUGNY'),
('01250', 'POUILLAT'),
('01300', 'PREMEYZEL'),
('01110', 'PREMILLIEU'),
('01510', 'PREMILLIEU'),
('01370', 'PRESSIAT'),
('01280', 'PREVESSIN MOENS'),
('01160', 'PRIAY'),
('01510', 'PUGIEU'),
('01250', 'RAMASSE'),
('01390', 'RANCE'),
('01990', 'RELEVANT'),
('01750', 'REPLONGES'),
('01250', 'REVONNAS'),
('01600', 'REYRIEUX'),
('01190', 'REYSSOUZE'),
('01800', 'RIGNIEUX LE FRANC'),
('01400', 'ROMANS'),
('01510', 'ROSSILLON'),
('01260', 'RUFFIEU'),
('01450', 'SAINT ALBAN'),
('01380', 'SAINT ANDRE DE BAGE'),
('01390', 'SAINT ANDRE DE CORCY'),
('01290', 'SAINT ANDRE D''HUIRIAT'),
('01240', 'SAINT ANDRE LE BOUCHOUX'),
('01960', 'SAINT ANDRE SUR VIEUX JONC'),
('01190', 'SAINT BENIGNE'),
('01300', 'SAINT BENOIT'),
('01600', 'SAINT BERNARD'),
('01300', 'SAINT BOIS'),
('01300', 'SAINT CHAMP'),
('01120', 'SAINTE CROIX'),
('01380', 'SAINT CYR SUR MENTHON'),
('01506', 'SAINT DENIS EN BUGEY'),
('01000', 'SAINT DENIS LES BOURG'),
('01340', 'SAINT DIDIER D''AUSSIAT'),
('01600', 'SAINT DIDIER DE FORMANS'),
('01140', 'SAINT DIDIER SUR CHALARONNE'),
('01800', 'SAINT ELOI'),
('01370', 'SAINT ETIENNE DU BOIS'),
('01140', 'SAINT ETIENNE SUR CHALARONNE'),
('01190', 'SAINT ETIENNE SUR REYSSOUZE'),
('01600', 'SAINTE EUPHEMIE'),
('01630', 'SAINT GENIS POUILLY'),
('01380', 'SAINT GENIS SUR MENTHON'),
('01400', 'SAINT GEORGES SUR RENON'),
('01130', 'SAINT GERMAIN DE JOUX'),
('01300', 'SAINT GERMAIN LES PAROISSES'),
('01240', 'SAINT GERMAIN SUR RENON'),
('01630', 'SAINT JEAN DE GONVILLE'),
('01800', 'SAINT JEAN DE NIOST'),
('01390', 'SAINT JEAN DE THURIGNEUX'),
('01640', 'SAINT JEAN LE VIEUX'),
('01560', 'SAINT JEAN SUR REYSSOUZE'),
('01290', 'SAINT JEAN SUR VEYLE'),
('01150', 'SAINTE JULIE'),
('01560', 'SAINT JULIEN SUR REYSSOUZE'),
('01540', 'SAINT JULIEN SUR VEYLE'),
('01250', 'SAINT JUST'),
('01750', 'SAINT LAURENT SUR SAONE'),
('01390', 'SAINT MARCEL'),
('01510', 'SAINT MARTIN DE BAVEL'),
('01430', 'SAINT MARTIN DU FRESNE'),
('01160', 'SAINT MARTIN DU MONT'),
('01310', 'SAINT MARTIN LE CHATEL'),
('01700', 'SAINT MAURICE DE BEYNOST'),
('01800', 'SAINT MAURICE DE GOURDANS'),
('01507', 'SAINT MAURICE DE REMENS'),
('01560', 'SAINT NIZIER LE BOUCHOUX'),
('01320', 'SAINT NIZIER LE DESERT'),
('01330', 'SAINTE OLIVE'),
('01240', 'SAINT PAUL DE VARAX?on'),
('01230', 'SAINT RAMBERT EN BUGEY'),
('01310', 'SAINT REMY'),
('01150', 'SAINT SORLIN EN BUGEY'),
('01340', 'SAINT SULPICE'),
('01560', 'SAINT TRIVIER DE COURTES'),
('01990', 'SAINT TRIVIER SUR MOIGNANS'),
('01150', 'SAINT VULBAS'),
('01270', 'SALAVRE'),
('01580', 'SAMOGNAT'),
('01400', 'SANDRANS'),
('01150', 'SAULT BRENAZ'),
('01220', 'SAUVERNY'),
('01480', 'SAVIGNEUX'),
('01170', 'SEGNY'),
('01470', 'SEILLONNAZ'),
('01630', 'SERGY'),
('01190', 'SERMOYER'),
('01470', 'SERRIERES DE BRIORD'),
('01450', 'SERRIERES SUR AIN'),
('01960', 'SERVAS'),
('01560', 'SERVIGNAT'),
('01420', 'SEYSSEL'),
('01250', 'SIMANDRE SUR SURAN'),
('01260', 'SONGIEU'),
('01580', 'SONTHONNAX LA MONTAGNE'),
('01150', 'SOUCLIN'),
('01400', 'SULIGNAT'),
('01420', 'SURJOUX'),
('01260', 'SUTRIEU'),
('01510', 'TALISSIEU'),
('01230', 'TENAY'),
('01110', 'THEZILLIEU'),
('01120', 'THIL'),
('01710', 'THOIRY'),
('01140', 'THOISSEY'),
('01230', 'TORCIEU'),
('01250', 'TOSSIAT'),
('01600', 'TOUSSIEUX'),
('01390', 'TRAMOYES'),
('01160', 'TRANCLIERE (LA)'),
('01370', 'TREFFORT CUISIAT'),
('01600', 'TREVOUX'),
('01140', 'VALEINS'),
('01660', 'VANDEINS'),
('01160', 'VARAMBON'),
('01150', 'VAUX EN BUGEY'),
('01270', 'VERJON'),
('01560', 'VERNOUX'),
('01330', 'VERSAILLEUX'),
('01210', 'VERSONNEX'),
('01170', 'VESANCY'),
('01560', 'VESCOURS'),
('01570', 'VESINES'),
('01260', 'VIEU'),
('01430', 'VIEU D''IZENAVE'),
('01330', 'VILLARS LES DOMBES'),
('01150', 'VILLEBOIS'),
('01270', 'VILLEMOTIER'),
('01480', 'VILLENEUVE'),
('01250', 'VILLEREVERSURE'),
('01200', 'VILLES'),
('01320', 'VILLETTE SUR AIN'),
('01800', 'VILLIEU LOYES MOLLON'),
('01440', 'VIRIAT'),
('01510', 'VIRIEU LE GRAND'),
('01260', 'VIRIEU LE PETIT'),
('01300', 'VIRIGNIN'),
('01350', 'VONGNES'),
('01540', 'VONNAS'),
('02300', 'ABBECOURT'),
('02800', 'ACHERY'),
('02200', 'ACY'),
('02340', 'AGNICOURT ET SECHELLES'),
('02190', 'AGUILCOURT'),
('02110', 'AISONVILLE ET BERNOVILLE'),
('02820', 'AIZELLES'),
('02370', 'AIZY JOUY'),
('02240', 'ALAINCOURT'),
('02320', 'ALLEMANT'),
('02290', 'AMBLENY'),
('02200', 'AMBRIEF'),
('02190', 'AMIFONTAINE'),
('02700', 'AMIGNY ROUY'),
('02600', 'ANCIENVILLE'),
('02800', 'ANDELAIN'),
('02800', 'ANGUILCOURT LE SART'),
('02320', 'ANIZY LE CHATEAU'),
('02480', 'ANNOIS'),
('02500', 'ANY MARTIN RIEUX'),
('02360', 'ARCHON'),
('02130', 'ARCY SAINTE RESTITUE'),
('02210', 'ARMENTIERES SUR OURCQ'),
('02860', 'ARRANCY'),
('02480', 'ARTEMPS'),
('02330', 'ARTONGES'),
('02270', 'ASSIS SUR SERRE'),
('02840', 'ATHIES SOUS LAON'),
('02490', 'ATTILLY'),
('02420', 'AUBENCHEUL AUX BOIS'),
('02500', 'AUBENTON'),
('02590', 'AUBIGNY AUX KAISNES'),
('02820', 'AUBIGNY EN LAONNOIS'),
('02300', 'AUDIGNICOURT'),
('02120', 'AUDIGNY'),
('02220', 'AUGY'),
('02000', 'AULNOIS SOUS LAON'),
('02360', 'AUTELS (LES)'),
('02250', 'AUTREMENCOURT'),
('02580', 'AUTREPPES'),
('02300', 'AUTREVILLE'),
('02400', 'AZY SUR MARNE'),
('02290', 'BAGNEUX'),
('02140', 'BANCIGNY'),
('02000', 'BARENTON BUGNY'),
('02000', 'BARENTON CEL'),
('02270', 'BARENTON SUR SERRE'),
('02700', 'BARISIS'),
('02170', 'BARZY EN THIERACHE'),
('02850', 'BARZY SUR MARNE'),
('02380', 'BASSOLES AULERS'),
('02330', 'BAULNE EN BRIE'),
('02220', 'BAZOCHES SUR VESLE'),
('02500', 'BEAUME'),
('02300', 'BEAUMONT EN BEINE'),
('02110', 'BEAUREVOIR'),
('02160', 'BEAURIEUX'),
('02800', 'BEAUTOR'),
('02590', 'BEAUVOIS EN VERMANDOIS'),
('02110', 'BECQUIGNY'),
('02400', 'BELLEAU'),
('02420', 'BELLENGLISE'),
('02200', 'BELLEU'),
('02420', 'BELLICOURT'),
('02440', 'BENAY'),
('02450', 'BERGUES SUR SAMBRE'),
('02250', 'BERLANCOURT'),
('02340', 'BERLISE'),
('02120', 'BERNOT'),
('02290', 'BERNY RIVIERE'),
('02820', 'BERRIEUX'),
('02190', 'BERRY AU BAC'),
('02800', 'BERTAUCOURT EPOURDON'),
('02240', 'BERTHENICOURT'),
('02190', 'BERTRICOURT'),
('02200', 'BERZY LE SEC'),
('02300', 'BESME'),
('02500', 'BESMONT'),
('02870', 'BESNY ET LOISY'),
('02300', 'BETHANCOURT EN VAUX'),
('02210', 'BEUGNEUX'),
('02130', 'BEUVARDES'),
('02310', 'BEZU LE GUERY'),
('02400', 'BEZU SAINT GERMAIN'),
('02300', 'BICHANCOURT'),
('02290', 'BIEUXY'),
('02860', 'BIEVRES'),
('02200', 'BILLY SUR AISNE'),
('02210', 'BILLY SUR OURCQ'),
('02160', 'BLANZY LES FISMES'),
('02300', 'BLERANCOURT'),
('02400', 'BLESMES'),
('02110', 'BOHAIN EN VERMANDOIS'),
('02270', 'BOIS LES PARGNY'),
('02350', 'BONCOURT'),
('02400', 'BONNEIL'),
('02400', 'BONNESVALYN'),
('02420', 'BONY'),
('02250', 'BOSMONT SUR SERRE'),
('02860', 'BOUCONVILLE VAUCLAIR'),
('02450', 'BOUE'),
('02160', 'BOUFFIGNEREUX'),
('02400', 'BOURESCHES'),
('02160', 'BOURG ET COMIN'),
('02300', 'BOURGUIGNON SOUS COUCY'),
('02000', 'BOURGUIGNON SOUS MONTBAVIN'),
('02140', 'BOUTEILLE (LA)'),
('02220', 'BRAINE'),
('02320', 'BRANCOURT EN LAONNOIS'),
('02110', 'BRANCOURT LE GRAND'),
('02400', 'BRASLES'),
('02480', 'BRAY SAINT CHRISTOPHE'),
('02880', 'BRAYE'),
('02000', 'BRAYE EN LAONNOIS'),
('02140', 'BRAYE EN THIERACHE'),
('02210', 'BRECY'),
('02220', 'BRENELLE'),
('02210', 'BRENY'),
('02870', 'BRIE'),
('02240', 'BRISSAY CHOIGNY'),
('02240', 'BRISSY HAMEGICOURT'),
('02810', 'BRUMETZ'),
('02360', 'BRUNEHAMEL'),
('02860', 'BRUYERES ET MONTBERAULT'),
('02130', 'BRUYERES SUR FERE'),
('02220', 'BRUYS'),
('02500', 'BUCILLY'),
('02880', 'BUCY LE LONG'),
('02870', 'BUCY LES CERNY'),
('02350', 'BUCY LES PIERREPONT'),
('02500', 'BUIRE'),
('02620', 'BUIRONFOSSE'),
('02140', 'BURELLES'),
('02810', 'BUSSIARES'),
('02200', 'BUZANCY'),
('02300', 'CAILLOUEL CREPIGNY'),
('02300', 'CAMELIN'),
('02260', 'CAPELLE (LA)'),
('02680', 'CASTRES'),
('02420', 'CATELET (LE)'),
('02490', 'CAULAINCOURT'),
('02300', 'CAUMONT'),
('02540', 'CELLE SOUS MONTMIRAIL (LA)'),
('02330', 'CELLES LES CONDE'),
('02370', 'CELLES SUR AISNE'),
('02240', 'CERIZY'),
('02860', 'CERNY EN LAONNOIS'),
('02870', 'CERNY LES BUCY'),
('02220', 'CERSEUIL'),
('02320', 'CESSIERES'),
('02200', 'CHACRISE'),
('02000', 'CHAILLEVOIS'),
('02270', 'CHALANDRY'),
('02000', 'CHAMBRY'),
('02860', 'CHAMOUILLE'),
('02670', 'CHAMPS'),
('02340', 'CHAOURSE'),
('02330', 'CHAPELLE MONTHODON (LA)'),
('02570', 'CHAPELLE SUR CHEZY (LA)'),
('02310', 'CHARLY SUR MARNE'),
('02850', 'CHARMEL (LE)'),
('02800', 'CHARMES'),
('02400', 'CHARTEVES'),
('02370', 'CHASSEMY'),
('02400', 'CHATEAU THIERRY'),
('02270', 'CHATILLON LES SONS'),
('02240', 'CHATILLON SUR OISE'),
('02160', 'CHAUDARDES'),
('02200', 'CHAUDUN'),
('02300', 'CHAUNY'),
('02000', 'CHAVIGNON'),
('02880', 'CHAVIGNY'),
('02370', 'CHAVONNE'),
('02860', 'CHERET'),
('02860', 'CHERMIZY AILLES'),
('02220', 'CHERY CHARTREUVE'),
('02000', 'CHERY LES POUILLY'),
('02360', 'CHERY LES ROZOY'),
('02250', 'CHEVENNES'),
('02000', 'CHEVREGNY'),
('02270', 'CHEVRESIS MONCEAU'),
('02810', 'CHEZY EN ORXOIS'),
('02570', 'CHEZY SUR MARNE'),
('02400', 'CHIERRY'),
('02120', 'CHIGNY'),
('02350', 'CHIVRES EN LAONNOIS'),
('02880', 'CHIVRES VAL'),
('02000', 'CHIVY LES ETOUVELLES'),
('02210', 'CHOUY'),
('02130', 'CIERGES'),
('02250', 'CILLY'),
('02220', 'CIRY SALSOGNE'),
('02000', 'CLACY ET THIERRET'),
('02260', 'CLAIRFONTAINE'),
('02880', 'CLAMECY'),
('02440', 'CLASTRES'),
('02340', 'CLERMONT LES FERMES'),
('02600', 'COEUVRES ET VALSERY'),
('02210', 'COINCY'),
('02360', 'COINGT'),
('02860', 'COLLIGIS CRANDELAIN'),
('02120', 'COLONFAY'),
('02300', 'COMMENCHON'),
('02160', 'CONCEVREUX'),
('02330', 'CONDE EN BRIE'),
('02370', 'CONDE SUR AISNE'),
('02190', 'CONDE SUR SUIPPE'),
('02700', 'CONDREN'),
('02330', 'CONNIGIS'),
('02680', 'CONTESCOURT'),
('02820', 'CORBENY'),
('02600', 'CORCY'),
('02380', 'COUCY LA VILLE'),
('02380', 'COUCY LE CHATEAU AUFFRIQUE'),
('02840', 'COUCY LES EPPES'),
('02130', 'COULONGES COHAN'),
('02310', 'COUPRU'),
('02800', 'COURBES'),
('02330', 'COURBOIN'),
('02220', 'COURCELLES SUR VESLES'),
('02810', 'COURCHAMPS'),
('02200', 'COURMELLES'),
('02130', 'COURMONT'),
('02850', 'COURTEMONT VARENNES'),
('02820', 'COURTRIZY ET FUSSIGNY'),
('02220', 'COUVRELLES'),
('02270', 'COUVRON ET AUMENCOURT'),
('02600', 'COYOLLES'),
('02130', 'CRAMAILLE'),
('02160', 'CRAONNE'),
('02160', 'CRAONNELLE'),
('02380', 'CRECY AU MONT'),
('02270', 'CRECY SUR SERRE'),
('02870', 'CREPY'),
('02650', 'CREZANCY'),
('02110', 'CROIX FONSOMMES'),
('02210', 'CROIX SUR OURCQ (LA)'),
('02310', 'CROUTTES SUR MARNE'),
('02880', 'CROUY'),
('02120', 'CRUPILLY'),
('02880', 'CUFFIES'),
('02480', 'CUGNY'),
('02210', 'CUGNY LES CROUTTES'),
('02350', 'CUIRIEUX'),
('02220', 'CUIRY HOUSSE'),
('02160', 'CUIRY LES CHAUDARDES'),
('02360', 'CUIRY LES IVIERS'),
('02160', 'CUISSY ET GENY'),
('02200', 'CUISY EN ALMONT'),
('02600', 'CUTRY'),
('02220', 'CYS LA COMMUNE'),
('02140', 'DAGNY LAMBERCY'),
('02680', 'DALLON'),
('02470', 'DAMMARD'),
('02600', 'DAMPLEUX'),
('02800', 'DANIZY'),
('02270', 'DERCY'),
('02700', 'DEUILLET'),
('02220', 'DHUIZEL'),
('02340', 'DIZY LE GROS'),
('02360', 'DOHIS'),
('02360', 'DOLIGNON'),
('02600', 'DOMMIERS'),
('02310', 'DOMPTIN'),
('02450', 'DORENGT'),
('02590', 'DOUCHY'),
('02130', 'DRAVEGNY'),
('02210', 'DROIZY'),
('02480', 'DURY'),
('02350', 'EBOULEAU'),
('02500', 'EFFRY'),
('02260', 'ENGLANCOURT'),
('02290', 'EPAGNY'),
('02500', 'EPARCY'),
('02400', 'EPAUX BEZU'),
('02400', 'EPIEDS'),
('02540', 'EPINE AUX BOIS (L'')'),
('02840', 'EPPES'),
('02250', 'ERLON'),
('02260', 'ERLOY'),
('02170', 'ESQUEHERIES'),
('02690', 'ESSIGNY LE GRAND'),
('02100', 'ESSIGNY LE PETIT'),
('02570', 'ESSISES'),
('02400', 'ESSOMES SUR MARNE'),
('02420', 'ESTREES'),
('02400', 'ETAMPES SUR MARNE'),
('02110', 'ETAVES ET BOCQUIAUX'),
('02000', 'ETOUVELLES'),
('02580', 'ETREAUPONT'),
('02590', 'ETREILLERS'),
('02400', 'ETREPILLY'),
('02510', 'ETREUX'),
('02190', 'EVERGNICOURT'),
('02320', 'FAUCOUCOURT'),
('02600', 'FAVEROLLES'),
('02100', 'FAYET'),
('02800', 'FERE (LA)'),
('02130', 'FERE EN TARDENOIS'),
('02270', 'FERTE CHEVRESIS (LA)'),
('02460', 'FERTE MILON (LA)'),
('02450', 'FESMY LE SART'),
('02840', 'FESTIEUX'),
('02110', 'FIEULAINE'),
('02000', 'FILAIN'),
('02260', 'FLAMENGRIE (LA)'),
('02120', 'FLAVIGNY LE GRAND ET BEAURAIN'),
('02520', 'FLAVY LE MARTEL'),
('02600', 'FLEURY'),
('02590', 'FLUQUIERES'),
('02670', 'FOLEMBRAY'),
('02110', 'FONSOMMES'),
('02680', 'FONTAINE LES CLERCS'),
('02140', 'FONTAINE LES VERVINS'),
('02110', 'FONTAINE NOTRE DAME'),
('02110', 'FONTAINE UTERTE'),
('02170', 'FONTENELLE'),
('02540', 'FONTENELLE EN BRIE'),
('02290', 'FONTENOY'),
('02590', 'FORESTE'),
('02650', 'FOSSOY'),
('02870', 'FOURDRAIN'),
('02760', 'FRANCILLY SELENCY'),
('02140', 'FRANQUEVILLE'),
('02380', 'FRESNES'),
('02130', 'FRESNES EN TARDENOIS'),
('02230', 'FRESNOY LE GRAND'),
('02800', 'FRESSANCOURT'),
('02700', 'FRIERES FAILLOUEL'),
('02260', 'FROIDESTREES'),
('02270', 'FROIDMONT COHARTILLE'),
('02810', 'GANDELU'),
('02430', 'GAUCHY'),
('02140', 'GERCY'),
('02260', 'GERGNY'),
('02590', 'GERMAINE'),
('02160', 'GERNICOURT'),
('02440', 'GIBERCOURT'),
('02350', 'GIZY'),
('02400', 'GLAND'),
('02160', 'GLENNES'),
('02820', 'GOUDELANCOURT LES BERRIEUX'),
('02350', 'GOUDELANCOURT LES PIERREPONT'),
('02130', 'GOUSSANCOURT'),
('02420', 'GOUY'),
('02210', 'GRAND ROZOY'),
('02120', 'GRAND VERLY'),
('02350', 'GRANDLUP ET FAY'),
('02360', 'GRANDRIEUX'),
('02100', 'GRICOURT'),
('02210', 'GRISOLLES'),
('02140', 'GRONARD'),
('02110', 'GROUGIS'),
('02680', 'GRUGIES'),
('02190', 'GUIGNICOURT'),
('02120', 'GUISE'),
('02300', 'GUIVRY'),
('02300', 'GUNY'),
('02160', 'GUYENCOURT'),
('02510', 'HANNAPPES'),
('02480', 'HAPPENCOURT'),
('02600', 'HARAMONT'),
('02140', 'HARCIGNY'),
('02420', 'HARGICOURT'),
('02100', 'HARLY'),
('02210', 'HARTENNES ET TAUX'),
('02140', 'HARY'),
('02810', 'HAUTEVESNES'),
('02120', 'HAUTEVILLE'),
('02140', 'HAUTION'),
('02500', 'HERIE (LA)'),
('02120', 'HERIE LA VIEVILLE (LE)'),
('02440', 'HINACOURT'),
('02500', 'HIRSON'),
('02760', 'HOLNON'),
('02720', 'HOMBLIERES'),
('02140', 'HOURY'),
('02250', 'HOUSSET'),
('02510', 'IRON'),
('02240', 'ITANCOURT'),
('02360', 'IVIERS'),
('02850', 'JAULGONNE'),
('02490', 'JEANCOURT'),
('02140', 'JEANTES'),
('02420', 'JONCOURT'),
('02220', 'JOUAIGNES'),
('02380', 'JUMENCOURT'),
('02160', 'JUMIGNY'),
('02480', 'JUSSY'),
('02880', 'JUVIGNY'),
('02190', 'JUVINCOURT ET DAMARY'),
('02880', 'LAFFAUX'),
('02140', 'LAIGNY'),
('02590', 'LANCHY'),
('02120', 'LANDIFAY ET BERTAIGNEMONT'),
('02140', 'LANDOUZY LA COUR'),
('02140', 'LANDOUZY LA VILLE'),
('02380', 'LANDRICOURT'),
('02000', 'LANISCOURT'),
('02000', 'LAON'),
('02150', 'LAPPION'),
('02600', 'LARGNY SUR AUTOMNE'),
('02210', 'LATILLY'),
('02210', 'LAUNOY'),
('02860', 'LAVAL EN LAONNOIS'),
('02450', 'LAVAQUERESSE'),
('02600', 'LAVERSINE'),
('02420', 'LEHAUCOURT'),
('02140', 'LEME'),
('02420', 'LEMPIRE'),
('02260', 'LERZY'),
('02170', 'LESCHELLES'),
('02100', 'LESDINS'),
('02220', 'LESGES'),
('02120', 'LESQUIELLES SAINT GERMAIN'),
('02380', 'LEUILLY SOUS COUCY'),
('02880', 'LEURY'),
('02500', 'LEUZE'),
('02420', 'LEVERGIES'),
('02220', 'LHUYS'),
('02810', 'LICY CLIGNON'),
('02860', 'LIERVAL'),
('02350', 'LIESSE NOTRE DAME'),
('02700', 'LIEZ'),
('02220', 'LIME'),
('02340', 'LISLET'),
('02320', 'LIZY'),
('02500', 'LOGNY LES AUBENTON'),
('02600', 'LONGPONT'),
('02160', 'LONGUEVAL BARBONVAL'),
('02190', 'LOR'),
('02600', 'LOUATRE'),
('02130', 'LOUPEIGNE'),
('02400', 'LUCY LE BOCAGE'),
('02140', 'LUGNY'),
('02500', 'LUZOIR'),
('02440', 'LY FONTAINE'),
('02220', 'MAAST ET VIOLAINE'),
('02350', 'MACHECOURT'),
('02470', 'MACOGNY'),
('02120', 'MACQUIGNY'),
('02420', 'MAGNY LA FOSSE'),
('02490', 'MAISSEMY'),
('02160', 'MAIZY'),
('02190', 'MALMAISON (LA)'),
('02120', 'MALZY'),
('02300', 'MANICAMP'),
('02350', 'MARCHAIS'),
('02540', 'MARCHAIS EN BRIE'),
('02720', 'MARCY'),
('02250', 'MARCY SOUS MARLE'),
('02300', 'MAREST DAMPCOURT'),
('02130', 'MAREUIL EN DOLE'),
('02140', 'MARFONTAINE'),
('02880', 'MARGIVAL'),
('02810', 'MARIGNY EN ORXOIS'),
('02470', 'MARIZY SAINT MARD'),
('02470', 'MARIZY SAINTE GENEVIEVE'),
('02250', 'MARLE'),
('02120', 'MARLY GOMONT'),
('02500', 'MARTIGNY'),
('02860', 'MARTIGNY COURPIERRE'),
('02820', 'MAUREGNY EN HAYE'),
('02800', 'MAYOT'),
('02700', 'MENNESSIS'),
('02190', 'MENNEVILLE'),
('02630', 'MENNEVRET'),
('02200', 'MERCIN ET VAUX'),
('02000', 'MERLIEUX ET FOUQUEROLLES'),
('02160', 'MERVAL'),
('02270', 'MESBRECOURT RICHECOURT'),
('02720', 'MESNIL SAINT LAURENT'),
('02160', 'MEURIVAL'),
('02240', 'MEZIERES SUR OISE'),
('02650', 'MEZY MOULINS'),
('02200', 'MISSY AUX BOIS'),
('02350', 'MISSY LES PIERREPONT'),
('02880', 'MISSY SUR AISNE'),
('02110', 'MOLAIN'),
('02000', 'MOLINCHART'),
('02000', 'MONAMPTEUIL'),
('02270', 'MONCEAU LE NEUF ET FAUCOUZY'),
('02840', 'MONCEAU LE WAAST'),
('02270', 'MONCEAU LES LEUPS'),
('02120', 'MONCEAU SUR OISE'),
('02500', 'MONDREPUIS'),
('02470', 'MONNES'),
('02000', 'MONS EN LAONNOIS'),
('02390', 'MONT D''ORIGNY'),
('02220', 'MONT NOTRE DAME'),
('02360', 'MONT SAINT JEAN'),
('02220', 'MONT SAINT MARTIN'),
('02400', 'MONT SAINT PERE'),
('02820', 'MONTAIGU'),
('02000', 'MONTBAVIN'),
('02110', 'MONTBREHAIN'),
('02860', 'MONTCHALONS'),
('02340', 'MONTCORNET'),
('02440', 'MONTESCOURT LIZEROLLES'),
('02540', 'MONTFAUCON'),
('02600', 'MONTGOBERT'),
('02210', 'MONTGRU SAINT HILAIRE'),
('02860', 'MONTHENAULT'),
('02400', 'MONTHIERS'),
('02330', 'MONTHUREL'),
('02110', 'MONTIGNY EN ARROUAISE'),
('02810', 'MONTIGNY L''ALLIER'),
('02250', 'MONTIGNY LE FRANC'),
('02290', 'MONTIGNY LENGRAIN'),
('02330', 'MONTIGNY LES CONDE'),
('02250', 'MONTIGNY SOUS MARLE'),
('02270', 'MONTIGNY SUR CRECY'),
('02330', 'MONTLEVON'),
('02340', 'MONTLOUE'),
('02310', 'MONTREUIL AUX LIONS'),
('02100', 'MORCOURT'),
('02360', 'MORGNY EN THIERACHE'),
('02290', 'MORSAIN'),
('02600', 'MORTEFONTAINE'),
('02270', 'MORTIERS'),
('02160', 'MOULINS'),
('02160', 'MOUSSY VERNEUIL'),
('02610', 'MOY DE L''AISNE'),
('02210', 'MURET ET CROUTTES'),
('02160', 'MUSCOURT'),
('02140', 'NAMPCELLES LA COUR'),
('02200', 'NAMPTEUIL SOUS MURET'),
('02880', 'NANTEUIL LA FOSSE'),
('02210', 'NANTEUIL NOTRE DAME'),
('02420', 'NAUROY'),
('02400', 'NESLES LA MONTAGNE'),
('02190', 'NEUFCHATEL SUR AISNE'),
('02300', 'NEUFLIEUX'),
('02470', 'NEUILLY SAINT FRONT'),
('02500', 'NEUVE MAISON'),
('02250', 'NEUVILLE BOSMONT (LA)'),
('02300', 'NEUVILLE EN BEINE (LA)'),
('02250', 'NEUVILLE HOUSSET (LA)'),
('02450', 'NEUVILLE LES DORENGT (LA)'),
('02100', 'NEUVILLE SAINT AMAND'),
('02860', 'NEUVILLE SUR AILETTE'),
('02880', 'NEUVILLE SUR MARGIVAL'),
('02390', 'NEUVILLETTE'),
('02150', 'NIZY LE COMTE'),
('02310', 'NOGENT L''ARTAUD'),
('02400', 'NOGENTEL'),
('02340', 'NOIRCOURT'),
('02600', 'NOROY SUR OURCQ'),
('02170', 'NOUVION EN THIERACHE (LE)'),
('02270', 'NOUVION ET CATILLON'),
('02800', 'NOUVION LE COMTE'),
('02860', 'NOUVION LE VINEUX'),
('02290', 'NOUVRON VINGRE'),
('02120', 'NOYALES'),
('02200', 'NOYANT ET ACONIN'),
('02160', 'OEUILLY'),
('02300', 'OGNES'),
('02500', 'OHIS'),
('02600', 'OIGNY EN VALOIS'),
('02450', 'OISY'),
('02480', 'OLLEZY'),
('02100', 'OMISSY'),
('02190', 'ORAINVILLE'),
('02860', 'ORGEVAL'),
('02550', 'ORIGNY EN THIERACHE'),
('02390', 'ORIGNY SAINTE BENOITE'),
('02290', 'OSLY COURTIL'),
('02370', 'OSTEL'),
('02160', 'OULCHES LA VALLEE FOULON'),
('02210', 'OULCHY LA VILLE'),
('02210', 'OULCHY LE CHATEAU'),
('02220', 'PAARS'),
('02160', 'PAISSY'),
('02860', 'PANCY COURTECON'),
('02260', 'PAPLEUX'),
('02210', 'PARCY ET TIGNY'),
('02360', 'PARFONDEVAL'),
('02840', 'PARFONDRU'),
('02160', 'PARGNAN'),
('02000', 'PARGNY FILAIN'),
('02330', 'PARGNY LA DHUYS'),
('02270', 'PARGNY LES BOIS'),
('02240', 'PARPEVILLE'),
('02200', 'PASLY'),
('02470', 'PASSY EN VALOIS'),
('02850', 'PASSY SUR MARNE'),
('02310', 'PAVANT'),
('02160', 'PERLES'),
('02200', 'PERNANT'),
('02630', 'PETIT VERLY'),
('02300', 'PIERREMANDE'),
('02350', 'PIERREPONT'),
('02190', 'PIGNICOURT'),
('02320', 'PINON'),
('02480', 'PITHON'),
('02240', 'PLEINE SELVE'),
('02210', 'PLESSIER HULEU (LE)'),
('02200', 'PLOISY'),
('02140', 'PLOMION'),
('02860', 'PLOYART ET VAURSEINE'),
('02200', 'POMMIERS'),
('02160', 'PONT ARCY'),
('02380', 'PONT SAINT MARD'),
('02160', 'PONTAVERT'),
('02490', 'PONTRU'),
('02490', 'PONTRUET'),
('02270', 'POUILLY SUR SERRE'),
('02110', 'PREMONT'),
('02320', 'PREMONTRE'),
('02370', 'PRESLES ET BOVES'),
('02860', 'PRESLES ET THIERNY'),
('02470', 'PRIEZ'),
('02140', 'PRISCES'),
('02120', 'PROISY'),
('02120', 'PROIX'),
('02190', 'PROUVAIS'),
('02190', 'PROVISEUX ET PLESNOY'),
('02600', 'PUISEUX EN RETZ'),
('02120', 'PUISIEUX ET CLANLIEU'),
('02300', 'QUIERZY'),
('02380', 'QUINCY BASSE'),
('02220', 'QUINCY SOUS LE MONT'),
('02360', 'RAILLIMONT'),
('02110', 'RAMICOURT'),
('02240', 'REGNY'),
('02100', 'REMAUCOURT'),
('02270', 'REMIES'),
('02440', 'REMIGNY'),
('02240', 'RENANSART'),
('02340', 'RENNEVAL'),
('02360', 'RESIGNY'),
('02290', 'RESSONS LE LONG'),
('02600', 'RETHEUIL'),
('02850', 'REUILLY SAUVIGNY'),
('02160', 'REVILLON'),
('02110', 'RIBEAUVILLE'),
('02240', 'RIBEMONT'),
('02210', 'ROCOURT SAINT MARTIN'),
('02260', 'ROCQUIGNY'),
('02800', 'ROGECOURT'),
('02140', 'ROGNY'),
('02310', 'ROMENY SUR MARNE'),
('02120', 'ROMERY'),
('02130', 'RONCHERES'),
('02160', 'ROUCY'),
('02140', 'ROUGERIES'),
('02590', 'ROUPY'),
('02100', 'ROUVROY'),
('02360', 'ROUVROY SUR SERRE'),
('02000', 'ROYAUCOURT ET CHAILVET'),
('02210', 'ROZET SAINT ALBIN'),
('02200', 'ROZIERES SUR CRISE'),
('02540', 'ROZOY BELLEVALLE'),
('02360', 'ROZOY SUR SERRE'),
('02200', 'SACONIN ET BREUIL'),
('02120', 'SAINS RICHAUMONT'),
('02330', 'SAINT AGNAN'),
('02260', 'SAINT ALGIS'),
('02300', 'SAINT AUBIN'),
('02290', 'SAINT BANDRY'),
('02290', 'SAINT CHRISTOPHE A BERRY'),
('02360', 'SAINT CLEMENT'),
('02820', 'SAINTE CROIX'),
('02820', 'SAINT ERME OUTRE ET RAMECOURT'),
('02330', 'SAINT EUGENE'),
('02340', 'SAINTE GENEVIEVE'),
('02810', 'SAINT GENGOULPH'),
('02410', 'SAINT GOBAIN'),
('02140', 'SAINT GOBERT'),
('02220', 'SAINT MARD'),
('02110', 'SAINT MARTIN RIVIERE'),
('02830', 'SAINT MICHEL'),
('02410', 'SAINT NICOLAS AUX BOIS'),
('02300', 'SAINT PAUL AUX BOIS'),
('02600', 'SAINT PIERRE AIGLE'),
('02140', 'SAINT PIERRE LES FRANQUEVILLE'),
('02250', 'SAINT PIERREMONT'),
('02350', 'SAINTE PREUVE'),
('02100', 'SAINT QUENTIN'),
('02210', 'SAINT REMY BLANZY'),
('02640', 'SAINT SIMON'),
('02220', 'SAINT THIBAUT'),
('02820', 'SAINT THOMAS'),
('02840', 'SAMOUSSY'),
('02880', 'SANCY LES CHEMINOTS'),
('02130', 'SAPONAY'),
('02310', 'SAULCHERY'),
('02590', 'SAVY'),
('02110', 'SEBONCOURT'),
('02300', 'SELENS'),
('02150', 'SELVE (LA)'),
('02200', 'SEPTMONTS'),
('02410', 'SEPTVAUX'),
('02420', 'SEQUEHART'),
('02110', 'SERAIN'),
('02790', 'SERAUCOURT LE GRAND'),
('02220', 'SERCHES'),
('02130', 'SERGY'),
('02130', 'SERINGES ET NESLES'),
('02220', 'SERMOISE'),
('02700', 'SERVAIS'),
('02160', 'SERVAL'),
('02240', 'SERY LES MEZIERES'),
('02460', 'SILLY LA POTERIE'),
('02300', 'SINCENY'),
('02150', 'SISSONNE'),
('02240', 'SISSY'),
('02200', 'SOISSONS'),
('02340', 'SOIZE'),
('02470', 'SOMMELANS'),
('02260', 'SOMMERON'),
('02480', 'SOMMETTE EAUCOURT'),
('02270', 'SONS ET RONCHERES'),
('02580', 'SORBAIS'),
('02600', 'SOUCY'),
('02160', 'SOUPIR'),
('02140', 'SOURD (LE)'),
('02240', 'SURFONTAINE'),
('02320', 'SUZY'),
('02600', 'TAILLEFONTAINE'),
('02220', 'TANNIERES'),
('02290', 'TARTIERS'),
('02250', 'TAVAUX ET PONTSERICOURT'),
('02700', 'TERGNIER'),
('02880', 'TERNY SORNY'),
('02140', 'THENAILLES'),
('02390', 'THENELLES'),
('02250', 'THIERNU'),
('02340', 'THUEL (LE)'),
('02810', 'TORCY EN VALOIS'),
('02250', 'TOULIS ET ATTENCOURT'),
('02800', 'TRAVECY'),
('02490', 'TREFCON'),
('02850', 'TRELOU SUR MARNE'),
('02460', 'TROESNES'),
('02300', 'TROSLY LOIRE'),
('02860', 'TRUCY'),
('02640', 'TUGNY ET PONT'),
('02120', 'TUPIGNY'),
('02300', 'UGNY LE GAY'),
('02000', 'URCEL'),
('02690', 'URVILLERS'),
('02120', 'VADENCOURT'),
('02370', 'VAILLY SUR AISNE'),
('02140', 'VALLEE AU BLE (LA)'),
('02110', 'VALLEE MULATRE (LA)'),
('02190', 'VARISCOURT'),
('02290', 'VASSENS'),
('02220', 'VASSENY'),
('02160', 'VASSOGNE'),
('02000', 'VAUCELLES ET BEFFECOURT'),
('02320', 'VAUDESSON'),
('02110', 'VAUX ANDIGNY'),
('02590', 'VAUX EN VERMANDOIS'),
('02320', 'VAUXAILLON'),
('02200', 'VAUXBUIN'),
('02160', 'VAUXCERE'),
('02200', 'VAUXREZIS'),
('02220', 'VAUXTIN'),
('02490', 'VENDELLES'),
('02800', 'VENDEUIL'),
('02420', 'VENDHUILE'),
('02540', 'VENDIERES'),
('02160', 'VENDRESSE BEAULNE'),
('02510', 'VENEROLLES'),
('02200', 'VENIZEL'),
('02400', 'VERDILLY'),
('02490', 'VERGUIER (LE)'),
('02490', 'VERMAND'),
('02380', 'VERNEUIL SOUS COUCY'),
('02000', 'VERNEUIL SUR SERRE'),
('02800', 'VERSIGNY'),
('02140', 'VERVINS'),
('02350', 'VESLES ET CAUMONT'),
('02840', 'VESLUD'),
('02810', 'VEUILLY LA POTERIE'),
('02290', 'VEZAPONIN'),
('02130', 'VEZILLY'),
('02290', 'VIC SUR AISNE'),
('02210', 'VICHEL NANTEUIL'),
('02160', 'VIEIL ARCY'),
('02540', 'VIELS MAISONS'),
('02210', 'VIERZY'),
('02540', 'VIFFORT'),
('02340', 'VIGNEUX HOCQUET'),
('02340', 'VILLE AUX BOIS LES DIZY (LA)'),
('02160', 'VILLE AUX BOIS LES PONTAVERT (LA)'),
('02210', 'VILLEMONTOIRE'),
('02200', 'VILLENEUVE SAINT GERMAIN'),
('02130', 'VILLENEUVE SUR FERE'),
('02300', 'VILLEQUIER AUMONT'),
('02420', 'VILLERET'),
('02130', 'VILLERS AGRON AIGUIZY'),
('02600', 'VILLERS COTTERETS'),
('02160', 'VILLERS EN PRAYERES'),
('02600', 'VILLERS HELON'),
('02240', 'VILLERS LE SEC'),
('02120', 'VILLERS LES GUISE'),
('02590', 'VILLERS SAINT CHRISTOPHE'),
('02130', 'VILLERS SUR FERE'),
('02220', 'VILLE SAVOYE'),
('02310', 'VILLIERS SAINT DENIS'),
('02340', 'VINCY REUIL ET MAGNY'),
('02300', 'VIRY NOUREUIL'),
('02870', 'VIVAISE'),
('02600', 'VIVIERES'),
('02140', 'VOHARIES'),
('02860', 'VORGES'),
('02140', 'VOULPAIX'),
('02250', 'VOYENNE'),
('02880', 'VREGNY'),
('02880', 'VUILLERY'),
('02630', 'WASSIGNY'),
('02830', 'WATIGNY'),
('02120', 'WIEGE FATY'),
('02500', 'WIMY'),
('02320', 'WISSIGNICOURT'),
('03200', 'ABREST'),
('03210', 'AGONGES'),
('03360', 'AINAY LE CHATEAU'),
('03120', 'ANDELAROCHE'),
('03380', 'ARCHIGNAT'),
('03640', 'ARFEUILLES'),
('03420', 'ARPHEUILLES SAINT PRIEST'),
('03250', 'ARRONNES'),
('03460', 'AUBIGNY'),
('03190', 'AUDES'),
('03460', 'AUROUER'),
('03210', 'AUTRY ISSARDS'),
('03000', 'AVERMES'),
('03130', 'AVRILLY'),
('03460', 'BAGNEUX'),
('03140', 'BARBERIER'),
('03120', 'BARRAIS BUSSOLLES'),
('03500', 'BAYET'),
('03230', 'BEAULON'),
('03390', 'BEAUNE D''ALLIER'),
('03800', 'BEGUES'),
('03330', 'BELLENAVES'),
('03700', 'BELLERIVE SUR ALLIER'),
('03130', 'BERT'),
('03340', 'BESSAY SUR ALLIER'),
('03210', 'BESSON'),
('03170', 'BEZENET'),
('03120', 'BILLEZOIS'),
('03260', 'BILLY'),
('03800', 'BIOZAT'),
('03170', 'BIZENEUILLE'),
('03390', 'BLOMARD'),
('03300', 'BOST'),
('03150', 'BOUCE'),
('03130', 'BOUCHAUD (LE)'),
('03160', 'BOURBON L''ARCHAMBAULT'),
('03360', 'BRAIZE'),
('03500', 'BRANSAT'),
('03210', 'BRESNAY'),
('03000', 'BRESSOLLES'),
('03350', 'BRETHON (LE)'),
('03120', 'BREUIL (LE)'),
('03110', 'BROUT VERNET'),
('03700', 'BRUGHEAS'),
('03270', 'BUSSET'),
('03440', 'BUXIERES LES MINES'),
('03600', 'CELLE (LA)'),
('03350', 'CERILLY'),
('03500', 'CESSET'),
('03250', 'CHABANNE (LA)'),
('03370', 'CHAMBERAT'),
('03170', 'CHAMBLET'),
('03140', 'CHANTELLE'),
('03340', 'CHAPEAU'),
('03380', 'CHAPELAUDE (LA)'),
('03300', 'CHAPELLE (LA)'),
('03230', 'CHAPELLE AUX CHASSES (LA)'),
('03390', 'CHAPPES'),
('03140', 'CHAREIL CINTRAT'),
('03110', 'CHARMEIL'),
('03800', 'CHARMES'),
('03140', 'CHARROUX'),
('03510', 'CHASSENARD'),
('03320', 'CHATEAU SUR ALLIER'),
('03500', 'CHATEL DE NEUVRE'),
('03250', 'CHATEL MONTAGNE'),
('03220', 'CHATELPERRON'),
('03640', 'CHATELUS'),
('03210', 'CHATILLON'),
('03440', 'CHAVENON'),
('03220', 'CHAVROCHES'),
('03370', 'CHAZEMAIS'),
('03210', 'CHEMILLY'),
('03230', 'CHEVAGNES'),
('03140', 'CHEZELLE'),
('03230', 'CHEZY'),
('03330', 'CHIRAT L''EGLISE'),
('03450', 'CHOUVIGNY'),
('03220', 'CINDRE'),
('03110', 'COGNAT LYONNE'),
('03600', 'COLOMBIER'),
('03600', 'COMMENTRY'),
('03500', 'CONTIGNY'),
('03430', 'COSNE D''ALLIER'),
('03000', 'COULANDON'),
('03470', 'COULANGES'),
('03320', 'COULEUVRE'),
('03370', 'COURCAIS'),
('03330', 'COUTANSOUZE'),
('03160', 'COUZON'),
('03150', 'CRECHY'),
('03240', 'CRESSANGES'),
('03300', 'CREUZIER LE NEUF'),
('03300', 'CREUZIER LE VIEUX'),
('03300', 'CUSSET'),
('03140', 'DENEUILLE LES CHANTELLE'),
('03170', 'DENEUILLE LES MINES'),
('03630', 'DESERTINES'),
('03240', 'DEUX CHAISES'),
('03290', 'DIOU'),
('03410', 'DOMERAT'),
('03290', 'DOMPIERRE SUR BESBRE'),
('03130', 'DONJON (LE)'),
('03170', 'DOYET'),
('03120', 'DROITURIER'),
('03310', 'DURDAT LAREQUILLE'),
('03450', 'EBREUIL'),
('03330', 'ECHASSIERES'),
('03110', 'ESCUROLLES'),
('03110', 'ESPINASSE VOZELLE'),
('03190', 'ESTIVAREILLES'),
('03140', 'ETROUSSAT'),
('03250', 'FERRIERES SUR SICHON'),
('03340', 'FERTE HAUTERIVE (LA)'),
('03140', 'FLEURIEL'),
('03140', 'FOURILLES'),
('03160', 'FRANCHESSE'),
('03800', 'GANNAT'),
('03230', 'GANNAY SUR LOIRE'),
('03230', 'GARNAT SUR ENGIEVRE'),
('03400', 'GENNETINES'),
('03210', 'GIPCY'),
('03190', 'GIVARLAIS'),
('03340', 'GOUISE'),
('03250', 'GUILLERMIE (LA)'),
('03270', 'HAUTERIVE'),
('03190', 'HERISSON'),
('03380', 'HURIEL'),
('03600', 'HYDS'),
('03360', 'ISLE ET BARDAIS'),
('03120', 'ISSERPENT'),
('03220', 'JALIGNY SUR BESBRE'),
('03800', 'JENZAT'),
('03500', 'LAFELINE'),
('03450', 'LALIZOLLE'),
('03380', 'LAMAIDS'),
('03150', 'LANGY'),
('03120', 'LAPALISSE'),
('03250', 'LAPRUGNE'),
('03310', 'LAVAULT SAINTE ANNE'),
('03250', 'LAVOINE'),
('03130', 'LENAX'),
('03360', 'LETELON'),
('03130', 'LIERNOLLES'),
('03410', 'LIGNEROLLES'),
('03320', 'LIMOISE'),
('03130', 'LODDES'),
('03500', 'LORIGES'),
('03500', 'LOUCHY MONTFAND'),
('03350', 'LOUROUX BOURBONNAIS'),
('03600', 'LOUROUX DE BEAUNE'),
('03330', 'LOUROUX DE BOUBLE'),
('03190', 'LOUROUX HODEMENT'),
('03130', 'LUNEAU'),
('03320', 'LURCY LEVIS'),
('03230', 'LUSIGNY'),
('03260', 'MAGNET'),
('03190', 'MAILLET'),
('03600', 'MALICORNE'),
('03260', 'MARCENAT'),
('03420', 'MARCILLAT EN COMBRAILLE'),
('03210', 'MARIGNY'),
('03270', 'MARIOL'),
('03250', 'MAYET DE MONTAGNE (LE)'),
('03800', 'MAYET D''ECOLE (LE)'),
('03800', 'MAZERIER'),
('03420', 'MAZIRAT'),
('03360', 'MEAULNE'),
('03500', 'MEILLARD'),
('03210', 'MEILLERS'),
('03340', 'MERCY'),
('03370', 'MESPLES'),
('03510', 'MOLINET'),
('03300', 'MOLLES'),
('03140', 'MONESTIER'),
('03500', 'MONETAY SUR ALLIER'),
('03470', 'MONETAY SUR LOIRE'),
('03150', 'MONTAIGU LE BLIN'),
('03130', 'MONTAIGUET EN FOREZ'),
('03340', 'MONTBEUGNY'),
('03130', 'MONTCOMBROUX LES MINES'),
('03800', 'MONTEIGNET SUR L''ANDELOT'),
('03240', 'MONTET (LE)'),
('03000', 'MONTILLY'),
('03100', 'MONTLUCON'),
('03390', 'MONTMARAULT'),
('03150', 'MONTOLDRE'),
('03500', 'MONTORD'),
('03170', 'MONTVICQ'),
('03000', 'MOULINS'),
('03390', 'MURAT'),
('03450', 'NADES'),
('03190', 'NASSIGNY'),
('03330', 'NAVES'),
('03310', 'NERIS LES BAINS'),
('03130', 'NEUILLY EN DONJON'),
('03340', 'NEUILLY LE REAL'),
('03320', 'NEURE'),
('03000', 'NEUVY'),
('03250', 'NIZEROLLES'),
('03210', 'NOYANT D''ALLIER'),
('03230', 'PARAY LE FRESIL'),
('03500', 'PARAY SOUS BRIAILLES'),
('03120', 'PERIGNY'),
('03420', 'PETITE MARCHE (LA)'),
('03470', 'PIERREFITTE SUR LOIRE'),
('03130', 'PIN (LE)'),
('03800', 'POEZAT'),
('03320', 'POUZY MESANGY'),
('03410', 'PREMILHAT'),
('03380', 'QUINSSAINES'),
('03190', 'REUGNY'),
('03240', 'ROCLES'),
('03150', 'RONGERES'),
('03420', 'RONNET'),
('03170', 'SAINT ANGEL'),
('03160', 'SAINT AUBIN LE MONIAL'),
('03390', 'SAINT BONNET DE FOUR'),
('03800', 'SAINT BONNET DE ROCHEFORT'),
('03360', 'SAINT BONNET TRONCAIS'),
('03190', 'SAINT CAPRAIS'),
('03120', 'SAINT CHRISTOPHE'),
('03250', 'SAINT CLEMENT'),
('03370', 'SAINT DESIRE'),
('03130', 'SAINT DIDIER EN DONJON'),
('03110', 'SAINT DIDIER LA FORET'),
('03370', 'SAINT ELOY D''ALLIER'),
('03400', 'SAINT ENNEMOND'),
('03300', 'SAINT ETIENNE DE VICQ'),
('03420', 'SAINT FARGEOL'),
('03260', 'SAINT FELIX'),
('03310', 'SAINT GENEST'),
('03340', 'SAINT GERAND DE VAUX'),
('03150', 'SAINT GERAND LE PUY'),
('03140', 'SAINT GERMAIN DE SALLES'),
('03260', 'SAINT GERMAIN DES FOSSES'),
('03440', 'SAINT HILAIRE'),
('03130', 'SAINT LEGER SUR VOUZANCE'),
('03220', 'SAINT LEON'),
('03160', 'SAINT LEOPARDIN D''AUGY'),
('03150', 'SAINT LOUP'),
('03420', 'SAINT MARCEL EN MARCILLAT'),
('03390', 'SAINT MARCEL EN MURAT'),
('03230', 'SAINT MARTIN DES LAIS'),
('03380', 'SAINT MARTINIEN'),
('03210', 'SAINT MENOUX'),
('03250', 'SAINT NICOLAS DES BIEFS'),
('03370', 'SAINT PALAIS'),
('42620', 'SAINT PIERRE LAVAL'),
('03160', 'SAINT PLAISIR'),
('03110', 'SAINT PONT'),
('03290', 'SAINT POURCAIN SUR BESBRE'),
('03500', 'SAINT POURCAIN SUR SIOULE'),
('03800', 'SAINT PRIEST D''ANDELOT'),
('03390', 'SAINT PRIEST EN MURAT'),
('03120', 'SAINT PRIX'),
('03110', 'SAINT REMY EN ROLLAT'),
('03370', 'SAINT SAUVIER'),
('03240', 'SAINT SORNIN'),
('03420', 'SAINTE THERENCE'),
('03410', 'SAINT VICTOR'),
('03220', 'SAINT VOIR'),
('03270', 'SAINT YORRE'),
('03470', 'SALIGNY SUR ROUDON'),
('03150', 'SANSSAT'),
('03500', 'SAULCET'),
('03800', 'SAULZET'),
('03430', 'SAUVAGNY'),
('03390', 'SAZERET'),
('03700', 'SERBANNES'),
('03120', 'SERVILLY'),
('03260', 'SEUILLET'),
('03220', 'SORBIER'),
('03210', 'SOUVIGNY'),
('03450', 'SUSSAT'),
('03140', 'TARGET'),
('03140', 'TAXAT SENAT'),
('03410', 'TEILLET ARGENTY'),
('03420', 'TERJAT'),
('03240', 'THEIL (LE)'),
('03350', 'THENEUILLE'),
('03230', 'THIEL SUR ACOLIN'),
('03220', 'THIONNE'),
('03430', 'TORTEZAIS'),
('03400', 'TOULON SUR ALLIER'),
('03240', 'TREBAN'),
('03380', 'TREIGNAT'),
('03220', 'TRETEAU'),
('03460', 'TREVOL'),
('03220', 'TREZELLES'),
('03240', 'TRONGET'),
('03360', 'URCAY'),
('03140', 'USSEL D''ALLIER'),
('03330', 'VALIGNAT'),
('03360', 'VALIGNY'),
('03190', 'VALLON EN SULLY'),
('03150', 'VARENNES SUR ALLIER'),
('03220', 'VARENNES SUR TECHE'),
('03220', 'VAUMAS'),
('03190', 'VAUX'),
('03450', 'VEAUCE'),
('03190', 'VENAS'),
('03110', 'VENDAT'),
('03190', 'VERNEIX'),
('03200', 'VERNET (LE)'),
('03500', 'VERNEUIL EN BOURBONNAIS'),
('03390', 'VERNUSSE'),
('03320', 'VEURDRE (LE)'),
('03200', 'VICHY'),
('03450', 'VICQ'),
('03430', 'VIEURE'),
('03350', 'VILHAIN (LE)'),
('03310', 'VILLEBRET'),
('03430', 'VILLEFRANCHE D''ALLIER'),
('03460', 'VILLENEUVE SUR ALLIER'),
('03370', 'VIPLAIX'),
('03360', 'VITRAY'),
('03140', 'VOUSSAC'),
('03160', 'YGRANDE'),
('03400', 'YZEURE'),
('04510', 'AIGLUN'),
('04500', 'ALLEMAGNE EN PROVENCE'),
('04170', 'ALLONS'),
('04260', 'ALLOS'),
('04170', 'ANGLES'),
('04240', 'ANNOT'),
('04420', 'ARCHAIL'),
('04110', 'AUBENAS LES ALPES'),
('04200', 'AUBIGNOSC'),
('04200', 'AUTHON'),
('04140', 'AUZET'),
('04150', 'BANON'),
('04400', 'BARCELONNETTE'),
('04140', 'BARLES'),
('04380', 'BARRAS'),
('04330', 'BARREME'),
('04250', 'BAYONS'),
('04420', 'BEAUJEU'),
('04370', 'BEAUVEZER'),
('04250', 'BELLAFFAIRE'),
('04200', 'BEVONS'),
('04270', 'BEYNES'),
('04330', 'BLIEUX'),
('04270', 'BRAS D''ASSE'),
('04240', 'BRAUX'),
('04340', 'BREOLE (LA)'),
('04700', 'BRILLANNE (LA)'),
('04210', 'BRUNET'),
('04420', 'BRUSQUET (LE)'),
('04250', 'CAIRE (LE)'),
('04120', 'CASTELLANE'),
('04380', 'CASTELLARD MELAN (LE)'),
('04700', 'CASTELLET (LE)'),
('04320', 'CASTELLET LES SAUSSES'),
('04280', 'CERESTE'),
('04510', 'CHAFFAUT SAINT JURSON (LE)'),
('04660', 'CHAMPTERCIER'),
('04160', 'CHATEAU ARNOUX SAINT AUBAN'),
('04250', 'CHATEAUFORT'),
('04200', 'CHATEAUNEUF MIRAVAIL'),
('04200', 'CHATEAUNEUF VAL SAINT DONAT'),
('04270', 'CHATEAUREDON'),
('04330', 'CHAUDON NORANTE'),
('04250', 'CLAMENSANE'),
('05110', 'CLARET'),
('04330', 'CLUMANC'),
('04370', 'COLMARS'),
('04530', 'CONDAMINE CHATELARD (LA)'),
('04220', 'CORBIERES'),
('04230', 'CRUIS'),
('05110', 'CURBANS'),
('04200', 'CUREL'),
('04300', 'DAUPHIN'),
('04120', 'DEMANDOLX'),
('04000', 'DIGNE LES BAINS'),
('04420', 'DRAIX'),
('04400', 'ENCHASTRAYES'),
('04000', 'ENTRAGES'),
('04200', 'ENTREPIERRES'),
('04320', 'ENTREVAUX'),
('04700', 'ENTREVENNES'),
('04160', 'ESCALE (L'')'),
('04800', 'ESPARRON DE VERDON'),
('04270', 'ESTOUBLON'),
('04400', 'FAUCON DE BARCELONNETTE'),
('04250', 'FAUCON DU CAIRE'),
('04230', 'FONTIENNE'),
('04300', 'FORCALQUIER'),
('04120', 'FOUX (LA)'),
('04240', 'FUGERET (LE)'),
('04310', 'GANAGOBIE'),
('04120', 'GARDE (LA)'),
('04250', 'GIGORS'),
('04800', 'GREOUX LES BAINS'),
('04380', 'HAUTES DUYES'),
('04150', 'HOSPITALET (L'')'),
('04850', 'JAUSIERS'),
('04420', 'JAVIE (LA)'),
('04170', 'LAMBRUISSE'),
('04530', 'LARCHE'),
('04230', 'LARDIERS'),
('04340', 'LAUZET UBAYE (LE)'),
('04300', 'LIMANS'),
('04700', 'LURS'),
('04270', 'MAJASTRES'),
('04350', 'MALIJAI'),
('04230', 'MALLEFOUGASSE AUGES'),
('04510', 'MALLEMOISSON'),
('04300', 'MANE'),
('04100', 'MANOSQUE'),
('04420', 'MARCOUX'),
('04240', 'MEAILLES'),
('04190', 'MEES (LES)'),
('04250', 'MELVE'),
('04340', 'MEOLANS REVEL'),
('04530', 'MEYRONNES'),
('04270', 'MEZEL'),
('04510', 'MIRABEAU'),
('04200', 'MISON'),
('04500', 'MONTAGNAC MONTPEZAT'),
('04140', 'MONTCLAR'),
('04600', 'MONTFORT'),
('04110', 'MONTFURON'),
('04110', 'MONTJUSTIN'),
('04230', 'MONTLAUX'),
('04150', 'MONTSALIER'),
('04170', 'MORIEZ'),
('04250', 'MOTTE DU CAIRE (LA)'),
('04360', 'MOUSTIERS SAINTE MARIE'),
('04170', 'MURE ARGENS (LA)'),
('04250', 'NIBLES'),
('04300', 'NIOZELLES'),
('04200', 'NOYERS SUR JABRON'),
('04200', 'OMERGUES (LES)'),
('04230', 'ONGLES'),
('04110', 'OPPEDETTE'),
('04700', 'ORAISON'),
('04120', 'PALUD SUR VERDON (LA)'),
('04200', 'PEIPIN'),
('04120', 'PEYROULES'),
('04310', 'PEYRUIS'),
('05130', 'PIEGUT'),
('04300', 'PIERRERUE'),
('04860', 'PIERREVERT'),
('05160', 'PONTIS'),
('04420', 'PRADS HAUTE BLEONE'),
('04700', 'PUIMICHEL'),
('04410', 'PUIMOISSON'),
('04500', 'QUINSON'),
('04150', 'REDORTIERS LE CONTADOUR'),
('04110', 'REILLANNE'),
('04150', 'REVEST DES BROUSSES'),
('04150', 'REVEST DU BION'),
('04230', 'REVEST SAINT MARTIN'),
('04500', 'RIEZ'),
('04000', 'ROBINE SUR GALABRE (LA)'),
('04150', 'ROCHEGIRON (LA)'),
('06260', 'ROCHETTE (LA)'),
('04120', 'ROUGON'),
('04500', 'ROUMOULES'),
('04170', 'SAINT ANDRE LES ALPES'),
('04600', 'SAINT AUBAN'),
('04240', 'SAINT BENOIT'),
('04110', 'SAINTE CROIX A LAUZE'),
('04500', 'SAINTE CROIX DE VERDON'),
('04230', 'SAINT ETIENNE LES ORGUES'),
('04200', 'SAINT GENIEZ'),
('04330', 'SAINT JACQUES'),
('04270', 'SAINT JEANNET'),
('04270', 'SAINT JULIEN D''ASSE'),
('04170', 'SAINT JULIEN DU VERDON'),
('04410', 'SAINT JURS'),
('04500', 'SAINT LAURENT DU VERDON'),
('04330', 'SAINT LIONS'),
('04300', 'SAINT MAIME'),
('04200', 'SAINT MARTIN'),
('04800', 'SAINT MARTIN DE BROMES'),
('04300', 'SAINT MARTIN LES EAUX'),
('04140', 'SAINT MARTIN LES SEYNE'),
('04870', 'SAINT MICHEL L''OBSERVATOIRE'),
('04530', 'SAINT PAUL SUR UBAYE'),
('06260', 'SAINT PIERRE'),
('04400', 'SAINT PONS'),
('04220', 'SAINTE TULLE'),
('04340', 'SAINT VINCENT LES FORTS'),
('04200', 'SAINT VINCENT SUR JABRON'),
('04290', 'SALIGNAC'),
('04150', 'SAUMANE'),
('04320', 'SAUSSES'),
('04140', 'SELONNET'),
('04330', 'SENEZ'),
('04140', 'SEYNE'),
('04300', 'SIGONCE'),
('04200', 'SIGOYER'),
('04150', 'SIMIANE LA ROTONDE'),
('04200', 'SISTERON'),
('04120', 'SOLEILHAS'),
('04290', 'SOURRIBES'),
('04330', 'TARTONNE'),
('04200', 'THEZE'),
('04380', 'THOARD'),
('04170', 'THORAME BASSE'),
('04170', 'THORAME HAUTE'),
('04400', 'THUILES (LES)'),
('05130', 'TOURNIAIRES (LES)'),
('04250', 'TURRIERS'),
('04240', 'UBRAYE'),
('05130', 'URTIS'),
('04400', 'UVERNET FOURS'),
('04110', 'VACHERES'),
('04320', 'VAL DE CHALVAGNE'),
('04250', 'VALAVOIRE'),
('04200', 'VALBELLE'),
('04210', 'VALENSOLE'),
('04200', 'VALERNES'),
('04200', 'VAUMEILH'),
('05130', 'VENTEROL'),
('04140', 'VERDACHES'),
('04170', 'VERGONS'),
('04140', 'VERNET (LE)'),
('04370', 'VILLARS COLMARS'),
('04110', 'VILLEMUS'),
('04180', 'VILLENEUVE'),
('04290', 'VOLONNE'),
('04130', 'VOLX'),
('05460', 'ABRIES'),
('05250', 'AGNIERES EN DEVOLUY'),
('05470', 'AIGUILLES'),
('05260', 'ANCELLE'),
('05300', 'ANTONAVES'),
('05120', 'ARGENTIERE LA BESSEE (L'')'),
('05350', 'ARVIEUX'),
('05140', 'ASPREMONT'),
('05800', 'ASPRES LES CORPS'),
('05140', 'ASPRES SUR BUECH'),
('05230', 'AVANCON'),
('05200', 'BARATIER'),
('05110', 'BARCILLONNETTE'),
('05300', 'BARRET LE BAS'),
('05300', 'BARRET SUR MEOUGE'),
('05700', 'BATIE MONTSALEON (LA)'),
('05230', 'BATIE NEUVE (LA)'),
('05000', 'BATIE VIEILLE (LA)'),
('05140', 'BEAUME (LA)'),
('05500', 'BENEVENT ET CHARBILLAC'),
('05700', 'BERSAC (LE)'),
('05190', 'BREZIERS'),
('05100', 'BRIANCON'),
('05150', 'BRUIS'),
('05500', 'BUISSARD'),
('05600', 'CEILLAC'),
('05100', 'CERVIERES'),
('05400', 'CHABESTAN'),
('05260', 'CHABOTTES'),
('05310', 'CHAMPCELLA'),
('05260', 'CHAMPOLEON'),
('05700', 'CHANOUSSE'),
('05800', 'CHAPELLE EN VALGAUDEMAR (LA)'),
('05350', 'CHATEAU VILLE VIEILLE'),
('05300', 'CHATEAUNEUF DE CHABRE'),
('05400', 'CHATEAUNEUF D''OZE'),
('05380', 'CHATEAUROUX'),
('05000', 'CHATEAUVIEUX'),
('05800', 'CHAUFFAYER'),
('05230', 'CHORGES'),
('05250', 'CLUSE (LA)'),
('05500', 'COSTES (LES)'),
('05200', 'CREVOUX'),
('05200', 'CROTS'),
('05200', 'EMBRUN'),
('26560', 'EOURRES'),
('05700', 'EPINE (L'')'),
('05110', 'ESPARRON'),
('05190', 'ESPINASSES'),
('05700', 'ETOILE SAINT CYRICE'),
('05600', 'EYGLIERS'),
('05300', 'EYGUIANS'),
('05500', 'FARE EN CHAMPSAUR (LA)'),
('05140', 'FAURIE (LA)'),
('05260', 'FOREST SAINT JULIEN'),
('05130', 'FOUILLOUSE'),
('05310', 'FREISSINIERES'),
('05000', 'FREISSINOUSE (LA)'),
('05400', 'FURMEYER'),
('05000', 'GAP'),
('05800', 'GLAIZIL (LE)'),
('05320', 'GRAVE (LA)'),
('05600', 'GUILLESTRE'),
('05140', 'HAUTE BEAUME (LA)'),
('05500', 'INFOURNAS (LES)'),
('05130', 'JARJAYES'),
('05300', 'LAGRAND'),
('05300', 'LARAGNE MONTEGLIN'),
('05110', 'LARDIER ET VALENCA'),
('05500', 'LAYE'),
('05300', 'LAZER'),
('05130', 'LETTRET'),
('05400', 'MANTEYER'),
('05700', 'MEREUIL'),
('05350', 'MOLINES EN QUEYRAS'),
('05110', 'MONETIER ALLEMONT'),
('05220', 'MONETIER LES BAINS (LE)'),
('05600', 'MONT DAUPHIN'),
('05140', 'MONTBRAND'),
('05700', 'MONTCLUS'),
('05230', 'MONTGARDIN'),
('05100', 'MONTGENEVRE'),
('05150', 'MONTJAY'),
('05400', 'MONTMAUR'),
('05150', 'MONTMORIN'),
('05700', 'MONTROND'),
('05500', 'MOTTE EN CHAMPSAUR (LA)'),
('05150', 'MOYDANS'),
('05000', 'NEFFES'),
('05100', 'NEVACHE'),
('05700', 'NOSSAGE ET BENEVENT'),
('05500', 'NOYER (LE)'),
('05170', 'ORCIERES'),
('05700', 'ORPIERRE'),
('05200', 'ORRES (LES)'),
('05400', 'OZE'),
('05000', 'PELLEAUTIER'),
('05340', 'PELVOUX'),
('05700', 'PIARRE (LA)'),
('05300', 'POET (LE)'),
('05500', 'POLIGNY'),
('05230', 'PRUNIERES'),
('05100', 'PUY SAINT ANDRE'),
('05200', 'PUY SAINT EUSEBE'),
('05100', 'PUY SAINT PIERRE'),
('05290', 'PUY SAINT VINCENT'),
('05200', 'PUY SANIERES'),
('05400', 'RABOU'),
('05000', 'RAMBAUD'),
('05160', 'REALLON'),
('05190', 'REMOLLON'),
('05600', 'REOTIER'),
('05150', 'RIBEYRET'),
('05300', 'RIBIERS'),
('05600', 'RISOUL'),
('05460', 'RISTOLAS'),
('05310', 'ROCHE DE RAME (LA)'),
('05400', 'ROCHE DES ARNAUDS (LA)'),
('05190', 'ROCHEBRUNE'),
('05000', 'ROCHETTE (LA)'),
('05150', 'ROSANS'),
('05190', 'ROUSSET'),
('05200', 'SAINT ANDRE D''EMBRUN'),
('05150', 'SAINT ANDRE DE ROSANS'),
('05160', 'SAINT APOLLINAIRE'),
('05400', 'SAINT AUBAN D''OZE'),
('05500', 'SAINT BONNET EN CHAMPSAUR'),
('05330', 'SAINT CHAFFREY'),
('05600', 'SAINT CLEMENT SUR DURANCE'),
('05700', 'SAINTE COLOMBE'),
('05600', 'SAINT CREPIN'),
('05250', 'SAINT DISDIER'),
('05250', 'SAINT ETIENNE EN DEVOLUY'),
('05130', 'SAINT ETIENNE LE LAUS'),
('05500', 'SAINT EUSEBE EN CHAMPSAUR'),
('05800', 'SAINT FIRMIN'),
('05300', 'SAINT GENIS'),
('05800', 'SAINT JACQUES EN VALGODEMARD'),
('05260', 'SAINT JEAN SAINT NICOLAS'),
('05140', 'SAINT JULIEN EN BEAUCHENE'),
('05500', 'SAINT JULIEN EN CHAMPSAUR'),
('05500', 'SAINT LAURENT DU CROS'),
('05260', 'SAINT LEGER LES MELEZES'),
('05150', 'SAINTE MARIE'),
('05120', 'SAINT MARTIN DE QUEYRIERES'),
('05800', 'SAINT MAURICE EN VALGODEMARD'),
('05260', 'SAINT MICHEL DE CHAILLOL'),
('05300', 'SAINT PIERRE AVEZ'),
('05140', 'SAINT PIERRE D''ARGENCON'),
('05200', 'SAINT SAUVEUR'),
('05350', 'SAINT VERAN'),
('05400', 'SAIX (LE)'),
('05300', 'SALEON'),
('05300', 'SALERANS'),
('05240', 'SALLE LES ALPES (LA)'),
('05110', 'SAULCE (LA)'),
('05160', 'SAUZE DU LAC (LE)'),
('05160', 'SAVINES LE LAC'),
('05700', 'SAVOURNON'),
('05240', 'SERRE CHEVALIER'),
('05330', 'SERRE CHEVALIER'),
('05700', 'SERRES'),
('05700', 'SIGOTTIER'),
('05130', 'SIGOYER'),
('05150', 'SORBIERS'),
('05130', 'TALLARD'),
('05190', 'THEUS'),
('05700', 'TRESCLEOUX'),
('05300', 'UPAIX'),
('05100', 'VAL DES PRES'),
('05290', 'VALLOUISE'),
('05130', 'VALSERRES'),
('05560', 'VARS'),
('05300', 'VENTAVON'),
('05400', 'VEYNES'),
('05120', 'VIGNEAUX (LES)'),
('05480', 'VILLAR D''ARENE'),
('05800', 'VILLAR LOUBIERE'),
('05100', 'VILLAR SAINT PANCRACE'),
('05110', 'VITROLLES'),
('06910', 'AIGLUN'),
('06910', 'AMIRAT'),
('06750', 'ANDON'),
('06600', 'ANTIBES'),
('06260', 'ASCROS'),
('06790', 'ASPREMONT'),
('06810', 'AURIBEAU SUR SIAGNE'),
('06260', 'AUVARE'),
('06420', 'BAIROLS'),
('06620', 'BAR SUR LOUP (LE)'),
('06310', 'BEAULIEU SUR MER'),
('06240', 'BEAUSOLEIL'),
('06450', 'BELVEDERE'),
('06390', 'BENDEJUN'),
('06390', 'BERRE LES ALPES'),
('06470', 'BEUIL'),
('06510', 'BEZAUDUN LES ALPES'),
('06410', 'BIOT'),
('06440', 'BLAUSASC'),
('06450', 'BOLLENE VESUBIE (LA)'),
('06830', 'BONSON'),
('06510', 'BOUYON'),
('06540', 'BREIL SUR ROYA'),
('06850', 'BRIANCONNET'),
('06430', 'BRIGUE (LA)'),
('06510', 'BROC (LE)'),
('06530', 'CABRIS'),
('06800', 'CAGNES SUR MER'),
('06750', 'CAILLE'),
('06150', 'CANNES LA BOCCA'),
('06400', 'CANNES'),
('06110', 'CANNET (LE)'),
('06340', 'CANTARON'),
('06320', 'CAP D''AIL'),
('06510', 'CARROS'),
('06670', 'CASTAGNIERS'),
('06500', 'CASTELLAR'),
('06500', 'CASTILLON'),
('06460', 'CAUSSOLS'),
('06470', 'CHATEAUNEUF D''ENTRAUNES'),
('06740', 'CHATEAUNEUF GRASSE'),
('06390', 'CHATEAUNEUF VILLEVIEILLE'),
('06620', 'CIPIERES'),
('06420', 'CLANS'),
('06390', 'COARAZE'),
('06480', 'COLLE SUR LOUP (LA)'),
('06910', 'COLLONGUES'),
('06670', 'COLOMARS'),
('06510', 'CONSEGUDES'),
('06390', 'CONTES'),
('06620', 'COURMES'),
('06140', 'COURSEGOULES'),
('06260', 'CROIX SUR ROUDOULE (LA)'),
('06910', 'CUEBRIS'),
('06470', 'DALUIS'),
('06340', 'DRAP'),
('06670', 'DURANUS'),
('06470', 'ENTRAUNES'),
('06440', 'ESCARENE (L'')'),
('06460', 'ESCRAGNOLLES'),
('06360', 'EZE'),
('06950', 'FALICON'),
('06510', 'FERRES (LES)'),
('06540', 'FONTAN'),
('06850', 'GARS'),
('06510', 'GATTIERES'),
('06610', 'GAUDE (LA)'),
('06830', 'GILETTE'),
('06500', 'GORBIO'),
('06620', 'GOURDON'),
('06130', 'GRASSE'),
('06620', 'GREOLIERES'),
('06470', 'GUILLAUMES'),
('06420', 'ILONSE'),
('06420', 'ISOLA'),
('06160', 'JUAN LES PINS'),
('06450', 'LANTOSQUE'),
('06670', 'LEVENS'),
('06260', 'LIEUCHE'),
('06440', 'LUCERAM'),
('06520', 'MAGAGNOSC'),
('06710', 'MALAUSSENE'),
('06210', 'MANDELIEU LA NAPOULE'),
('06420', 'MARIE'),
('06910', 'MAS (LE)'),
('06710', 'MASSOINS'),
('06500', 'MENTON'),
('06370', 'MOUANS SARTOUX'),
('06250', 'MOUGINS'),
('06380', 'MOULINET'),
('06910', 'MUJOULS (LES)'),
('06000', 'NICE'),
('06100', 'NICE');
INSERT INTO `liste_ville` (`CP`, `libelle`) VALUES
('01400', 'ABERGEMENT CLEMENCIAT (L'')'),
('01640', 'ABERGEMENT DE VAREY (L'')'),
('01090', 'AMAREINS FRANCHELEINS'),
('01501', 'AMBERIEU EN BUGEY'),
('01330', 'AMBERIEUX EN DOMBES'),
('01300', 'AMBLEON'),
('01502', 'AMBRONAY'),
('01509', 'AMBUTRIX'),
('01300', 'ANDERT ET CONDON'),
('01350', 'ANGLEFORT'),
('01100', 'APREMONT'),
('01110', 'ARANC'),
('01230', 'ARANDAS'),
('01100', 'ARBENT'),
('01300', 'ARBIGNIEU'),
('01190', 'ARBIGNY'),
('01230', 'ARGIS'),
('01510', 'ARMIX'),
('01480', 'ARS SUR FORMANS'),
('01510', 'ARTEMARE'),
('01570', 'ASNIERES SUR SAONE'),
('01340', 'ATTIGNAT'),
('01380', 'BAGE LA VILLE'),
('01380', 'BAGE LE CHATEL'),
('01360', 'BALAN'),
('01990', 'BANEINS'),
('01270', 'BEAUPONT'),
('01480', 'BEAUREGARD'),
('01360', 'BELIGNEUX'),
('01200', 'BELLEGARDE SUR VALSERINE'),
('01300', 'BELLEY'),
('01130', 'BELLEYDOUX'),
('01100', 'BELLIGNAT'),
('01260', 'BELMONT LUTHEZIEU'),
('01470', 'BENONCES'),
('01370', 'BENY'),
('01350', 'BEON'),
('01340', 'BEREZIAT'),
('01503', 'BETTANT'),
('01290', 'BEY'),
('01700', 'BEYNOST'),
('01200', 'BILLIAT'),
('01330', 'BIRIEUX'),
('01290', 'BIZIAT'),
('01150', 'BLYES'),
('01250', 'BOHAS MEYRIAT RIGNAT'),
('01120', 'BOISSE (LA)'),
('01190', 'BOISSEY'),
('01380', 'BOISSEY'),
('01450', 'BOLOZON'),
('01330', 'BOULIGNEUX'),
('01000', 'BOURG EN BRESSE'),
('01800', 'BOURG SAINT CHRISTOPHE'),
('01640', 'BOYEUX SAINT JEROME'),
('01190', 'BOZ'),
('01300', 'BREGNIER CORDON'),
('01260', 'BRENAZ'),
('01110', 'BRENOD'),
('01300', 'BRENS'),
('01360', 'BRESSOLLES'),
('01460', 'BRION'),
('01470', 'BRIORD'),
('01310', 'BUELLAS'),
('01510', 'BURBANCHE (LA)'),
('01360', 'CAMP DE LA VALBONNE'),
('01430', 'CEIGNES'),
('01450', 'CERDON'),
('01240', 'CERTINES'),
('01170', 'CESSY'),
('01250', 'CEYZERIAT'),
('01350', 'CEYZERIEU'),
('01320', 'CHALAMONT'),
('01480', 'CHALEINS'),
('01230', 'CHALEY'),
('01450', 'CHALLES'),
('01630', 'CHALLEX'),
('01260', 'CHAMPAGNE EN VALROMEY'),
('01110', 'CHAMPDOR'),
('01410', 'CHAMPFROMIER'),
('01420', 'CHANAY'),
('01590', 'CHANCIA'),
('01990', 'CHANEINS'),
('01400', 'CHANOZ CHATENAY'),
('01240', 'CHAPELLE DU CHATELARD (LA)'),
('01130', 'CHARIX'),
('01800', 'CHARNOZ SUR AIN'),
('01504', 'CHATEAU GAILLARD'),
('01320', 'CHATENAY'),
('01200', 'CHATILLON EN MICHAILLE'),
('01320', 'CHATILLON LA PALUD'),
('01400', 'CHATILLON SUR CHALARONNE'),
('01190', 'CHAVANNES SUR REYSSOUZE'),
('01250', 'CHAVANNES SUR SURAN'),
('01660', 'CHAVEYRIAT'),
('01510', 'CHAVORNAY'),
('01300', 'CHAZEY BONS'),
('01150', 'CHAZEY SUR AIN'),
('01510', 'CHEIGNIEU LA BALME'),
('01430', 'CHEVILLARD'),
('01190', 'CHEVROUX'),
('01170', 'CHEVRY'),
('01200', 'CHEZERY FORENS'),
('01410', 'CHEZERY FORENS'),
('01390', 'CIVRIEUX'),
('01250', 'CIZE'),
('01230', 'CLEYZIEU'),
('01270', 'COLIGNY'),
('01550', 'COLLONGES'),
('01300', 'COLOMIEU'),
('01230', 'CONAND'),
('01430', 'CONDAMINE'),
('01400', 'CONDEISSIAT'),
('01200', 'CONFORT'),
('01310', 'CONFRANCON'),
('01300', 'CONTREVOZ'),
('01300', 'CONZIEU'),
('01420', 'CORBONOD'),
('01110', 'CORCELLES'),
('01110', 'CORLIER'),
('01110', 'CORMARANCHE EN BUGEY'),
('01290', 'CORMORANCHE SUR SAONE'),
('01560', 'CORMOZ'),
('01250', 'CORVEISSIAT'),
('01370', 'COURMANGOUX'),
('01560', 'COURTES'),
('01320', 'CRANS'),
('01340', 'CRAS SUR REYSSOUZE'),
('01350', 'CRESSIN ROCHEFORT'),
('01290', 'CROTTET'),
('01750', 'CROTTET'),
('01170', 'CROZET'),
('01290', 'CRUZILLES LES MEPILLAT'),
('01350', 'CULOZ'),
('01560', 'CURCIAT DONGALON'),
('01310', 'CURTAFOND'),
('01300', 'CUZIEU'),
('01120', 'DAGNEUX'),
('01220', 'DIVONNE LES BAINS'),
('01380', 'DOMMARTIN'),
('01400', 'DOMPIERRE SUR CHALARONNE'),
('01240', 'DOMPIERRE SUR VEYLE'),
('01270', 'DOMSURE'),
('01590', 'DORTAN'),
('01505', 'DOUVRES'),
('01250', 'DROM'),
('01160', 'DRUILLAT'),
('01130', 'ECHALLON'),
('01170', 'ECHENEVEX'),
('01200', 'ELOISE'),
('01340', 'ETREZ'),
('01230', 'EVOSGES'),
('01800', 'FARAMANS'),
('01480', 'FAREINS'),
('01550', 'FARGES'),
('01570', 'FEILLENS'),
('01210', 'FERNEY VOLTAIRE'),
('01350', 'FLAXIEU'),
('01340', 'FOISSIAT'),
('01090', 'FRANCHELEINS'),
('01480', 'FRANS'),
('01140', 'GARNERANS'),
('01090', 'GENOUILLEUX'),
('01100', 'GEOVREISSET'),
('01460', 'GEOVREISSIAT'),
('01250', 'GERMAGNAT'),
('01170', 'GEX'),
('01130', 'GIRON'),
('01190', 'GORREVOD'),
('01260', 'GRAND ABERGEMENT (LE)'),
('01250', 'GRAND CORENT'),
('01290', 'GRIEGES'),
('01220', 'GRILLY'),
('01100', 'GROISSIAT'),
('01680', 'GROSLEE'),
('01090', 'GUEREINS'),
('01250', 'HAUTECOURT ROMANECHE'),
('01110', 'HAUTEVILLE LOMPNES'),
('01110', 'HOSTIAS'),
('01260', 'HOTONNES'),
('01140', 'ILLIAT'),
('01200', 'INJOUX GENISSIAT'),
('01680', 'INNIMOND'),
('01430', 'IZENAVE'),
('01580', 'IZERNORE'),
('01300', 'IZIEU'),
('01480', 'JASSANS RIOTTIER'),
('01250', 'JASSERON'),
('01340', 'JAYAT'),
('01250', 'JOURNANS'),
('01800', 'JOYEUX'),
('01640', 'JUJURIEUX'),
('01450', 'LABALME'),
('01150', 'LAGNIEU'),
('01290', 'LAIZ'),
('01410', 'LAJOUX'),
('01130', 'LALLEYRIAT'),
('01200', 'LANCRANS'),
('01430', 'LANTENAY'),
('01330', 'LAPEYROUSE'),
('01590', 'LAVANCIA EPERCY'),
('01350', 'LAVOURS'),
('01200', 'LEAZ'),
('01410', 'LELEX'),
('01240', 'LENT'),
('01560', 'LESCHEROUX'),
('01150', 'LEYMENT'),
('01450', 'LEYSSARD'),
('01420', 'LHOPITAL'),
('01680', 'LHUIS'),
('01260', 'LOCHIEU'),
('01680', 'LOMPNAZ'),
('01260', 'LOMPNIEU'),
('01360', 'LOYETTES'),
('01090', 'LURCY'),
('01300', 'MAGNIEU'),
('01430', 'MAILLAT'),
('01340', 'MALAFRETAZ'),
('01560', 'MANTENAY MONTLIN'),
('01570', 'MANZIAT'),
('01851', 'MARBOZ'),
('01680', 'MARCHAMP'),
('01300', 'MARIGNIEU'),
('01240', 'MARLIEUX'),
('01340', 'MARSONNAS'),
('01100', 'MARTIGNAT'),
('01600', 'MASSIEUX'),
('01300', 'MASSIGNIEU DE RIVES'),
('01580', 'MATAFELON GRANGES'),
('01370', 'MEILLONNAS'),
('01450', 'MERIGNAT'),
('01480', 'MESSIMY SUR SAONE'),
('01800', 'MEXIMIEUX'),
('01660', 'MEZERIAT'),
('01170', 'MIJOUX'),
('01410', 'MIJOUX'),
('01390', 'MIONNAY'),
('01700', 'MIRIBEL'),
('01600', 'MISERIEUX'),
('01140', 'MOGNENEINS'),
('01250', 'MONTAGNAT'),
('01470', 'MONTAGNIEU'),
('01200', 'MONTANGES'),
('01090', 'MONTCEAUX'),
('01310', 'MONTCET'),
('01800', 'MONTELLIER (LE)'),
('01390', 'MONTHIEUX'),
('01120', 'MONTLUEL'),
('01090', 'MONTMERLE SUR SAONE'),
('01310', 'MONTRACOL'),
('01460', 'MONTREAL LA CLUSE'),
('01340', 'MONTREVEL EN BRESSE'),
('01300', 'MURS ET GELIGNIEUX'),
('01130', 'NANTUA'),
('01460', 'NANTUA'),
('01300', 'NATTAGES'),
('01400', 'NEUVILLE LES DAMES'),
('01160', 'NEUVILLE SUR AIN'),
('01130', 'NEYROLLES (LES)'),
('01700', 'NEYRON'),
('01120', 'NIEVROZ'),
('01230', 'NIVOLLET MONTGRIFFON'),
('01460', 'NURIEUX VOLOGNAT'),
('01230', 'ONCIEU'),
('01510', 'ORDONNAZ'),
('01210', 'ORNEX'),
('01430', 'OUTRIAZ'),
('01100', 'OYONNAX'),
('01190', 'OZAN'),
('01600', 'PARCIEUX'),
('01300', 'PARVES'),
('01630', 'PERON'),
('01960', 'PERONNAS'),
('01800', 'PEROUGES'),
('01540', 'PERREX'),
('01260', 'PETIT ABERGEMENT (LE)'),
('01430', 'PEYRIAT'),
('01300', 'PEYRIEU'),
('01140', 'PEYZIEUX SUR SAONE'),
('01270', 'PIRAJOUX'),
('01120', 'PIZAY'),
('01130', 'PLAGNE'),
('01330', 'PLANTAY (LE)'),
('01130', 'POIZAT (LE)'),
('01310', 'POLLIAT'),
('01350', 'POLLIEU'),
('01450', 'PONCIN'),
('01160', 'PONT D''AIN'),
('01190', 'PONT DE VAUX'),
('01290', 'PONT DE VEYLE'),
('01460', 'PORT'),
('01550', 'POUGNY'),
('01250', 'POUILLAT'),
('01300', 'PREMEYZEL'),
('01110', 'PREMILLIEU'),
('01510', 'PREMILLIEU'),
('01370', 'PRESSIAT'),
('01280', 'PREVESSIN MOENS'),
('01160', 'PRIAY'),
('01510', 'PUGIEU'),
('01250', 'RAMASSE'),
('01390', 'RANCE'),
('01990', 'RELEVANT'),
('01750', 'REPLONGES'),
('01250', 'REVONNAS'),
('01600', 'REYRIEUX'),
('01190', 'REYSSOUZE'),
('01800', 'RIGNIEUX LE FRANC'),
('01400', 'ROMANS'),
('01510', 'ROSSILLON'),
('01260', 'RUFFIEU'),
('01450', 'SAINT ALBAN'),
('01380', 'SAINT ANDRE DE BAGE'),
('01390', 'SAINT ANDRE DE CORCY'),
('01290', 'SAINT ANDRE D''HUIRIAT'),
('01240', 'SAINT ANDRE LE BOUCHOUX'),
('01960', 'SAINT ANDRE SUR VIEUX JONC'),
('01190', 'SAINT BENIGNE'),
('01300', 'SAINT BENOIT'),
('01600', 'SAINT BERNARD'),
('01300', 'SAINT BOIS'),
('01300', 'SAINT CHAMP'),
('01120', 'SAINTE CROIX'),
('01380', 'SAINT CYR SUR MENTHON'),
('01506', 'SAINT DENIS EN BUGEY'),
('01000', 'SAINT DENIS LES BOURG'),
('01340', 'SAINT DIDIER D''AUSSIAT'),
('01600', 'SAINT DIDIER DE FORMANS'),
('01140', 'SAINT DIDIER SUR CHALARONNE'),
('01800', 'SAINT ELOI'),
('01370', 'SAINT ETIENNE DU BOIS'),
('01140', 'SAINT ETIENNE SUR CHALARONNE'),
('01190', 'SAINT ETIENNE SUR REYSSOUZE'),
('01600', 'SAINTE EUPHEMIE'),
('01630', 'SAINT GENIS POUILLY'),
('01380', 'SAINT GENIS SUR MENTHON'),
('01400', 'SAINT GEORGES SUR RENON'),
('01130', 'SAINT GERMAIN DE JOUX'),
('01300', 'SAINT GERMAIN LES PAROISSES'),
('01240', 'SAINT GERMAIN SUR RENON'),
('01630', 'SAINT JEAN DE GONVILLE'),
('01800', 'SAINT JEAN DE NIOST'),
('01390', 'SAINT JEAN DE THURIGNEUX'),
('01640', 'SAINT JEAN LE VIEUX'),
('01560', 'SAINT JEAN SUR REYSSOUZE'),
('01290', 'SAINT JEAN SUR VEYLE'),
('01150', 'SAINTE JULIE'),
('01560', 'SAINT JULIEN SUR REYSSOUZE'),
('01540', 'SAINT JULIEN SUR VEYLE'),
('01250', 'SAINT JUST'),
('01750', 'SAINT LAURENT SUR SAONE'),
('01390', 'SAINT MARCEL'),
('01510', 'SAINT MARTIN DE BAVEL'),
('01430', 'SAINT MARTIN DU FRESNE'),
('01160', 'SAINT MARTIN DU MONT'),
('01310', 'SAINT MARTIN LE CHATEL'),
('01700', 'SAINT MAURICE DE BEYNOST'),
('01800', 'SAINT MAURICE DE GOURDANS'),
('01507', 'SAINT MAURICE DE REMENS'),
('01560', 'SAINT NIZIER LE BOUCHOUX'),
('01320', 'SAINT NIZIER LE DESERT'),
('01330', 'SAINTE OLIVE'),
('01240', 'SAINT PAUL DE VARAX?on'),
('01230', 'SAINT RAMBERT EN BUGEY'),
('01310', 'SAINT REMY'),
('01150', 'SAINT SORLIN EN BUGEY'),
('01340', 'SAINT SULPICE'),
('01560', 'SAINT TRIVIER DE COURTES'),
('01990', 'SAINT TRIVIER SUR MOIGNANS'),
('01150', 'SAINT VULBAS'),
('01270', 'SALAVRE'),
('01580', 'SAMOGNAT'),
('01400', 'SANDRANS'),
('01150', 'SAULT BRENAZ'),
('01220', 'SAUVERNY'),
('01480', 'SAVIGNEUX'),
('01170', 'SEGNY'),
('01470', 'SEILLONNAZ'),
('01630', 'SERGY'),
('01190', 'SERMOYER'),
('01470', 'SERRIERES DE BRIORD'),
('01450', 'SERRIERES SUR AIN'),
('01960', 'SERVAS'),
('01560', 'SERVIGNAT'),
('01420', 'SEYSSEL'),
('01250', 'SIMANDRE SUR SURAN'),
('01260', 'SONGIEU'),
('01580', 'SONTHONNAX LA MONTAGNE'),
('01150', 'SOUCLIN'),
('01400', 'SULIGNAT'),
('01420', 'SURJOUX'),
('01260', 'SUTRIEU'),
('01510', 'TALISSIEU'),
('01230', 'TENAY'),
('01110', 'THEZILLIEU'),
('01120', 'THIL'),
('01710', 'THOIRY'),
('01140', 'THOISSEY'),
('01230', 'TORCIEU'),
('01250', 'TOSSIAT'),
('01600', 'TOUSSIEUX'),
('01390', 'TRAMOYES'),
('01160', 'TRANCLIERE (LA)'),
('01370', 'TREFFORT CUISIAT'),
('01600', 'TREVOUX'),
('01140', 'VALEINS'),
('01660', 'VANDEINS'),
('01160', 'VARAMBON'),
('01150', 'VAUX EN BUGEY'),
('01270', 'VERJON'),
('01560', 'VERNOUX'),
('01330', 'VERSAILLEUX'),
('01210', 'VERSONNEX'),
('01170', 'VESANCY'),
('01560', 'VESCOURS'),
('01570', 'VESINES'),
('01260', 'VIEU'),
('01430', 'VIEU D''IZENAVE'),
('01330', 'VILLARS LES DOMBES'),
('01150', 'VILLEBOIS'),
('01270', 'VILLEMOTIER'),
('01480', 'VILLENEUVE'),
('01250', 'VILLEREVERSURE'),
('01200', 'VILLES'),
('01320', 'VILLETTE SUR AIN'),
('01800', 'VILLIEU LOYES MOLLON'),
('01440', 'VIRIAT'),
('01510', 'VIRIEU LE GRAND'),
('01260', 'VIRIEU LE PETIT'),
('01300', 'VIRIGNIN'),
('01350', 'VONGNES'),
('01540', 'VONNAS'),
('02300', 'ABBECOURT'),
('02800', 'ACHERY'),
('02200', 'ACY'),
('02340', 'AGNICOURT ET SECHELLES'),
('02190', 'AGUILCOURT'),
('02110', 'AISONVILLE ET BERNOVILLE'),
('02820', 'AIZELLES'),
('02370', 'AIZY JOUY'),
('02240', 'ALAINCOURT'),
('02320', 'ALLEMANT'),
('02290', 'AMBLENY'),
('02200', 'AMBRIEF'),
('02190', 'AMIFONTAINE'),
('02700', 'AMIGNY ROUY'),
('02600', 'ANCIENVILLE'),
('02800', 'ANDELAIN'),
('02800', 'ANGUILCOURT LE SART'),
('02320', 'ANIZY LE CHATEAU'),
('02480', 'ANNOIS'),
('02500', 'ANY MARTIN RIEUX'),
('02360', 'ARCHON'),
('02130', 'ARCY SAINTE RESTITUE'),
('02210', 'ARMENTIERES SUR OURCQ'),
('02860', 'ARRANCY'),
('02480', 'ARTEMPS'),
('02330', 'ARTONGES'),
('02270', 'ASSIS SUR SERRE'),
('02840', 'ATHIES SOUS LAON'),
('02490', 'ATTILLY'),
('02420', 'AUBENCHEUL AUX BOIS'),
('02500', 'AUBENTON'),
('02590', 'AUBIGNY AUX KAISNES'),
('02820', 'AUBIGNY EN LAONNOIS'),
('02300', 'AUDIGNICOURT'),
('02120', 'AUDIGNY'),
('02220', 'AUGY'),
('02000', 'AULNOIS SOUS LAON'),
('02360', 'AUTELS (LES)'),
('02250', 'AUTREMENCOURT'),
('02580', 'AUTREPPES'),
('02300', 'AUTREVILLE'),
('02400', 'AZY SUR MARNE'),
('02290', 'BAGNEUX'),
('02140', 'BANCIGNY'),
('02000', 'BARENTON BUGNY'),
('02000', 'BARENTON CEL'),
('02270', 'BARENTON SUR SERRE'),
('02700', 'BARISIS'),
('02170', 'BARZY EN THIERACHE'),
('02850', 'BARZY SUR MARNE'),
('02380', 'BASSOLES AULERS'),
('02330', 'BAULNE EN BRIE'),
('02220', 'BAZOCHES SUR VESLE'),
('02500', 'BEAUME'),
('02300', 'BEAUMONT EN BEINE'),
('02110', 'BEAUREVOIR'),
('02160', 'BEAURIEUX'),
('02800', 'BEAUTOR'),
('02590', 'BEAUVOIS EN VERMANDOIS'),
('02110', 'BECQUIGNY'),
('02400', 'BELLEAU'),
('02420', 'BELLENGLISE'),
('02200', 'BELLEU'),
('02420', 'BELLICOURT'),
('02440', 'BENAY'),
('02450', 'BERGUES SUR SAMBRE'),
('02250', 'BERLANCOURT'),
('02340', 'BERLISE'),
('02120', 'BERNOT'),
('02290', 'BERNY RIVIERE'),
('02820', 'BERRIEUX'),
('02190', 'BERRY AU BAC'),
('02800', 'BERTAUCOURT EPOURDON'),
('02240', 'BERTHENICOURT'),
('02190', 'BERTRICOURT'),
('02200', 'BERZY LE SEC'),
('02300', 'BESME'),
('02500', 'BESMONT'),
('02870', 'BESNY ET LOISY'),
('02300', 'BETHANCOURT EN VAUX'),
('02210', 'BEUGNEUX'),
('02130', 'BEUVARDES'),
('02310', 'BEZU LE GUERY'),
('02400', 'BEZU SAINT GERMAIN'),
('02300', 'BICHANCOURT'),
('02290', 'BIEUXY'),
('02860', 'BIEVRES'),
('02200', 'BILLY SUR AISNE'),
('02210', 'BILLY SUR OURCQ'),
('02160', 'BLANZY LES FISMES'),
('02300', 'BLERANCOURT'),
('02400', 'BLESMES'),
('02110', 'BOHAIN EN VERMANDOIS'),
('02270', 'BOIS LES PARGNY'),
('02350', 'BONCOURT'),
('02400', 'BONNEIL'),
('02400', 'BONNESVALYN'),
('02420', 'BONY'),
('02250', 'BOSMONT SUR SERRE'),
('02860', 'BOUCONVILLE VAUCLAIR'),
('02450', 'BOUE'),
('02160', 'BOUFFIGNEREUX'),
('02400', 'BOURESCHES'),
('02160', 'BOURG ET COMIN'),
('02300', 'BOURGUIGNON SOUS COUCY'),
('02000', 'BOURGUIGNON SOUS MONTBAVIN'),
('02140', 'BOUTEILLE (LA)'),
('02220', 'BRAINE'),
('02320', 'BRANCOURT EN LAONNOIS'),
('02110', 'BRANCOURT LE GRAND'),
('02400', 'BRASLES'),
('02480', 'BRAY SAINT CHRISTOPHE'),
('02880', 'BRAYE'),
('02000', 'BRAYE EN LAONNOIS'),
('02140', 'BRAYE EN THIERACHE'),
('02210', 'BRECY'),
('02220', 'BRENELLE'),
('02210', 'BRENY'),
('02870', 'BRIE'),
('02240', 'BRISSAY CHOIGNY'),
('02240', 'BRISSY HAMEGICOURT'),
('02810', 'BRUMETZ'),
('02360', 'BRUNEHAMEL'),
('02860', 'BRUYERES ET MONTBERAULT'),
('02130', 'BRUYERES SUR FERE'),
('02220', 'BRUYS'),
('02500', 'BUCILLY'),
('02880', 'BUCY LE LONG'),
('02870', 'BUCY LES CERNY'),
('02350', 'BUCY LES PIERREPONT'),
('02500', 'BUIRE'),
('02620', 'BUIRONFOSSE'),
('02140', 'BURELLES'),
('02810', 'BUSSIARES'),
('02200', 'BUZANCY'),
('02300', 'CAILLOUEL CREPIGNY'),
('02300', 'CAMELIN'),
('02260', 'CAPELLE (LA)'),
('02680', 'CASTRES'),
('02420', 'CATELET (LE)'),
('02490', 'CAULAINCOURT'),
('02300', 'CAUMONT'),
('02540', 'CELLE SOUS MONTMIRAIL (LA)'),
('02330', 'CELLES LES CONDE'),
('02370', 'CELLES SUR AISNE'),
('02240', 'CERIZY'),
('02860', 'CERNY EN LAONNOIS'),
('02870', 'CERNY LES BUCY'),
('02220', 'CERSEUIL'),
('02320', 'CESSIERES'),
('02200', 'CHACRISE'),
('02000', 'CHAILLEVOIS'),
('02270', 'CHALANDRY'),
('02000', 'CHAMBRY'),
('02860', 'CHAMOUILLE'),
('02670', 'CHAMPS'),
('02340', 'CHAOURSE'),
('02330', 'CHAPELLE MONTHODON (LA)'),
('02570', 'CHAPELLE SUR CHEZY (LA)'),
('02310', 'CHARLY SUR MARNE'),
('02850', 'CHARMEL (LE)'),
('02800', 'CHARMES'),
('02400', 'CHARTEVES'),
('02370', 'CHASSEMY'),
('02400', 'CHATEAU THIERRY'),
('02270', 'CHATILLON LES SONS'),
('02240', 'CHATILLON SUR OISE'),
('02160', 'CHAUDARDES'),
('02200', 'CHAUDUN'),
('02300', 'CHAUNY'),
('02000', 'CHAVIGNON'),
('02880', 'CHAVIGNY'),
('02370', 'CHAVONNE'),
('02860', 'CHERET'),
('02860', 'CHERMIZY AILLES'),
('02220', 'CHERY CHARTREUVE'),
('02000', 'CHERY LES POUILLY'),
('02360', 'CHERY LES ROZOY'),
('02250', 'CHEVENNES'),
('02000', 'CHEVREGNY'),
('02270', 'CHEVRESIS MONCEAU'),
('02810', 'CHEZY EN ORXOIS'),
('02570', 'CHEZY SUR MARNE'),
('02400', 'CHIERRY'),
('02120', 'CHIGNY'),
('02350', 'CHIVRES EN LAONNOIS'),
('02880', 'CHIVRES VAL'),
('02000', 'CHIVY LES ETOUVELLES'),
('02210', 'CHOUY'),
('02130', 'CIERGES'),
('02250', 'CILLY'),
('02220', 'CIRY SALSOGNE'),
('02000', 'CLACY ET THIERRET'),
('02260', 'CLAIRFONTAINE'),
('02880', 'CLAMECY'),
('02440', 'CLASTRES'),
('02340', 'CLERMONT LES FERMES'),
('02600', 'COEUVRES ET VALSERY'),
('02210', 'COINCY'),
('02360', 'COINGT'),
('02860', 'COLLIGIS CRANDELAIN'),
('02120', 'COLONFAY'),
('02300', 'COMMENCHON'),
('02160', 'CONCEVREUX'),
('02330', 'CONDE EN BRIE'),
('02370', 'CONDE SUR AISNE'),
('02190', 'CONDE SUR SUIPPE'),
('02700', 'CONDREN'),
('02330', 'CONNIGIS'),
('02680', 'CONTESCOURT'),
('02820', 'CORBENY'),
('02600', 'CORCY'),
('02380', 'COUCY LA VILLE'),
('02380', 'COUCY LE CHATEAU AUFFRIQUE'),
('02840', 'COUCY LES EPPES'),
('02130', 'COULONGES COHAN'),
('02310', 'COUPRU'),
('02800', 'COURBES'),
('02330', 'COURBOIN'),
('02220', 'COURCELLES SUR VESLES'),
('02810', 'COURCHAMPS'),
('02200', 'COURMELLES'),
('02130', 'COURMONT'),
('02850', 'COURTEMONT VARENNES'),
('02820', 'COURTRIZY ET FUSSIGNY'),
('02220', 'COUVRELLES'),
('02270', 'COUVRON ET AUMENCOURT'),
('02600', 'COYOLLES'),
('02130', 'CRAMAILLE'),
('02160', 'CRAONNE'),
('02160', 'CRAONNELLE'),
('02380', 'CRECY AU MONT'),
('02270', 'CRECY SUR SERRE'),
('02870', 'CREPY'),
('02650', 'CREZANCY'),
('02110', 'CROIX FONSOMMES'),
('02210', 'CROIX SUR OURCQ (LA)'),
('02310', 'CROUTTES SUR MARNE'),
('02880', 'CROUY'),
('02120', 'CRUPILLY'),
('02880', 'CUFFIES'),
('02480', 'CUGNY'),
('02210', 'CUGNY LES CROUTTES'),
('02350', 'CUIRIEUX'),
('02220', 'CUIRY HOUSSE'),
('02160', 'CUIRY LES CHAUDARDES'),
('02360', 'CUIRY LES IVIERS'),
('02160', 'CUISSY ET GENY'),
('02200', 'CUISY EN ALMONT'),
('02600', 'CUTRY'),
('02220', 'CYS LA COMMUNE'),
('02140', 'DAGNY LAMBERCY'),
('02680', 'DALLON'),
('02470', 'DAMMARD'),
('02600', 'DAMPLEUX'),
('02800', 'DANIZY'),
('02270', 'DERCY'),
('02700', 'DEUILLET'),
('02220', 'DHUIZEL'),
('02340', 'DIZY LE GROS'),
('02360', 'DOHIS'),
('02360', 'DOLIGNON'),
('02600', 'DOMMIERS'),
('02310', 'DOMPTIN'),
('02450', 'DORENGT'),
('02590', 'DOUCHY'),
('02130', 'DRAVEGNY'),
('02210', 'DROIZY'),
('02480', 'DURY'),
('02350', 'EBOULEAU'),
('02500', 'EFFRY'),
('02260', 'ENGLANCOURT'),
('02290', 'EPAGNY'),
('02500', 'EPARCY'),
('02400', 'EPAUX BEZU'),
('02400', 'EPIEDS'),
('02540', 'EPINE AUX BOIS (L'')'),
('02840', 'EPPES'),
('02250', 'ERLON'),
('02260', 'ERLOY'),
('02170', 'ESQUEHERIES'),
('02690', 'ESSIGNY LE GRAND'),
('02100', 'ESSIGNY LE PETIT'),
('02570', 'ESSISES'),
('02400', 'ESSOMES SUR MARNE'),
('02420', 'ESTREES'),
('02400', 'ETAMPES SUR MARNE'),
('02110', 'ETAVES ET BOCQUIAUX'),
('02000', 'ETOUVELLES'),
('02580', 'ETREAUPONT'),
('02590', 'ETREILLERS'),
('02400', 'ETREPILLY'),
('02510', 'ETREUX'),
('02190', 'EVERGNICOURT'),
('02320', 'FAUCOUCOURT'),
('02600', 'FAVEROLLES'),
('02100', 'FAYET'),
('02800', 'FERE (LA)'),
('02130', 'FERE EN TARDENOIS'),
('02270', 'FERTE CHEVRESIS (LA)'),
('02460', 'FERTE MILON (LA)'),
('02450', 'FESMY LE SART'),
('02840', 'FESTIEUX'),
('02110', 'FIEULAINE'),
('02000', 'FILAIN'),
('02260', 'FLAMENGRIE (LA)'),
('02120', 'FLAVIGNY LE GRAND ET BEAURAIN'),
('02520', 'FLAVY LE MARTEL'),
('02600', 'FLEURY'),
('02590', 'FLUQUIERES'),
('02670', 'FOLEMBRAY'),
('02110', 'FONSOMMES'),
('02680', 'FONTAINE LES CLERCS'),
('02140', 'FONTAINE LES VERVINS'),
('02110', 'FONTAINE NOTRE DAME'),
('02110', 'FONTAINE UTERTE'),
('02170', 'FONTENELLE'),
('02540', 'FONTENELLE EN BRIE'),
('02290', 'FONTENOY'),
('02590', 'FORESTE'),
('02650', 'FOSSOY'),
('02870', 'FOURDRAIN'),
('02760', 'FRANCILLY SELENCY'),
('02140', 'FRANQUEVILLE'),
('02380', 'FRESNES'),
('02130', 'FRESNES EN TARDENOIS'),
('02230', 'FRESNOY LE GRAND'),
('02800', 'FRESSANCOURT'),
('02700', 'FRIERES FAILLOUEL'),
('02260', 'FROIDESTREES'),
('02270', 'FROIDMONT COHARTILLE'),
('02810', 'GANDELU'),
('02430', 'GAUCHY'),
('02140', 'GERCY'),
('02260', 'GERGNY'),
('02590', 'GERMAINE'),
('02160', 'GERNICOURT'),
('02440', 'GIBERCOURT'),
('02350', 'GIZY'),
('02400', 'GLAND'),
('02160', 'GLENNES'),
('02820', 'GOUDELANCOURT LES BERRIEUX'),
('02350', 'GOUDELANCOURT LES PIERREPONT'),
('02130', 'GOUSSANCOURT'),
('02420', 'GOUY'),
('02210', 'GRAND ROZOY'),
('02120', 'GRAND VERLY'),
('02350', 'GRANDLUP ET FAY'),
('02360', 'GRANDRIEUX'),
('02100', 'GRICOURT'),
('02210', 'GRISOLLES'),
('02140', 'GRONARD'),
('02110', 'GROUGIS'),
('02680', 'GRUGIES'),
('02190', 'GUIGNICOURT'),
('02120', 'GUISE'),
('02300', 'GUIVRY'),
('02300', 'GUNY'),
('02160', 'GUYENCOURT'),
('02510', 'HANNAPPES'),
('02480', 'HAPPENCOURT'),
('02600', 'HARAMONT'),
('02140', 'HARCIGNY'),
('02420', 'HARGICOURT'),
('02100', 'HARLY'),
('02210', 'HARTENNES ET TAUX'),
('02140', 'HARY'),
('02810', 'HAUTEVESNES'),
('02120', 'HAUTEVILLE'),
('02140', 'HAUTION'),
('02500', 'HERIE (LA)'),
('02120', 'HERIE LA VIEVILLE (LE)'),
('02440', 'HINACOURT'),
('02500', 'HIRSON'),
('02760', 'HOLNON'),
('02720', 'HOMBLIERES'),
('02140', 'HOURY'),
('02250', 'HOUSSET'),
('02510', 'IRON'),
('02240', 'ITANCOURT'),
('02360', 'IVIERS'),
('02850', 'JAULGONNE'),
('02490', 'JEANCOURT'),
('02140', 'JEANTES'),
('02420', 'JONCOURT'),
('02220', 'JOUAIGNES'),
('02380', 'JUMENCOURT'),
('02160', 'JUMIGNY'),
('02480', 'JUSSY'),
('02880', 'JUVIGNY'),
('02190', 'JUVINCOURT ET DAMARY'),
('02880', 'LAFFAUX'),
('02140', 'LAIGNY'),
('02590', 'LANCHY'),
('02120', 'LANDIFAY ET BERTAIGNEMONT'),
('02140', 'LANDOUZY LA COUR'),
('02140', 'LANDOUZY LA VILLE'),
('02380', 'LANDRICOURT'),
('02000', 'LANISCOURT'),
('02000', 'LAON'),
('02150', 'LAPPION'),
('02600', 'LARGNY SUR AUTOMNE'),
('02210', 'LATILLY'),
('02210', 'LAUNOY'),
('02860', 'LAVAL EN LAONNOIS'),
('02450', 'LAVAQUERESSE'),
('02600', 'LAVERSINE'),
('02420', 'LEHAUCOURT'),
('02140', 'LEME'),
('02420', 'LEMPIRE'),
('02260', 'LERZY'),
('02170', 'LESCHELLES'),
('02100', 'LESDINS'),
('02220', 'LESGES'),
('02120', 'LESQUIELLES SAINT GERMAIN'),
('02380', 'LEUILLY SOUS COUCY'),
('02880', 'LEURY'),
('02500', 'LEUZE'),
('02420', 'LEVERGIES'),
('02220', 'LHUYS'),
('02810', 'LICY CLIGNON'),
('02860', 'LIERVAL'),
('02350', 'LIESSE NOTRE DAME'),
('02700', 'LIEZ'),
('02220', 'LIME'),
('02340', 'LISLET'),
('02320', 'LIZY'),
('02500', 'LOGNY LES AUBENTON'),
('02600', 'LONGPONT'),
('02160', 'LONGUEVAL BARBONVAL'),
('02190', 'LOR'),
('02600', 'LOUATRE'),
('02130', 'LOUPEIGNE'),
('02400', 'LUCY LE BOCAGE'),
('02140', 'LUGNY'),
('02500', 'LUZOIR'),
('02440', 'LY FONTAINE'),
('02220', 'MAAST ET VIOLAINE'),
('02350', 'MACHECOURT'),
('02470', 'MACOGNY'),
('02120', 'MACQUIGNY'),
('02420', 'MAGNY LA FOSSE'),
('02490', 'MAISSEMY'),
('02160', 'MAIZY'),
('02190', 'MALMAISON (LA)'),
('02120', 'MALZY'),
('02300', 'MANICAMP'),
('02350', 'MARCHAIS'),
('02540', 'MARCHAIS EN BRIE'),
('02720', 'MARCY'),
('02250', 'MARCY SOUS MARLE'),
('02300', 'MAREST DAMPCOURT'),
('02130', 'MAREUIL EN DOLE'),
('02140', 'MARFONTAINE'),
('02880', 'MARGIVAL'),
('02810', 'MARIGNY EN ORXOIS'),
('02470', 'MARIZY SAINT MARD'),
('02470', 'MARIZY SAINTE GENEVIEVE'),
('02250', 'MARLE'),
('02120', 'MARLY GOMONT'),
('02500', 'MARTIGNY'),
('02860', 'MARTIGNY COURPIERRE'),
('02820', 'MAUREGNY EN HAYE'),
('02800', 'MAYOT'),
('02700', 'MENNESSIS'),
('02190', 'MENNEVILLE'),
('02630', 'MENNEVRET'),
('02200', 'MERCIN ET VAUX'),
('02000', 'MERLIEUX ET FOUQUEROLLES'),
('02160', 'MERVAL'),
('02270', 'MESBRECOURT RICHECOURT'),
('02720', 'MESNIL SAINT LAURENT'),
('02160', 'MEURIVAL'),
('02240', 'MEZIERES SUR OISE'),
('02650', 'MEZY MOULINS'),
('02200', 'MISSY AUX BOIS'),
('02350', 'MISSY LES PIERREPONT'),
('02880', 'MISSY SUR AISNE'),
('02110', 'MOLAIN'),
('02000', 'MOLINCHART'),
('02000', 'MONAMPTEUIL'),
('02270', 'MONCEAU LE NEUF ET FAUCOUZY'),
('02840', 'MONCEAU LE WAAST'),
('02270', 'MONCEAU LES LEUPS'),
('02120', 'MONCEAU SUR OISE'),
('02500', 'MONDREPUIS'),
('02470', 'MONNES'),
('02000', 'MONS EN LAONNOIS'),
('02390', 'MONT D''ORIGNY'),
('02220', 'MONT NOTRE DAME'),
('02360', 'MONT SAINT JEAN'),
('02220', 'MONT SAINT MARTIN'),
('02400', 'MONT SAINT PERE'),
('02820', 'MONTAIGU'),
('02000', 'MONTBAVIN'),
('02110', 'MONTBREHAIN'),
('02860', 'MONTCHALONS'),
('02340', 'MONTCORNET'),
('02440', 'MONTESCOURT LIZEROLLES'),
('02540', 'MONTFAUCON'),
('02600', 'MONTGOBERT'),
('02210', 'MONTGRU SAINT HILAIRE'),
('02860', 'MONTHENAULT'),
('02400', 'MONTHIERS'),
('02330', 'MONTHUREL'),
('02110', 'MONTIGNY EN ARROUAISE'),
('02810', 'MONTIGNY L''ALLIER'),
('02250', 'MONTIGNY LE FRANC'),
('02290', 'MONTIGNY LENGRAIN'),
('02330', 'MONTIGNY LES CONDE'),
('02250', 'MONTIGNY SOUS MARLE'),
('02270', 'MONTIGNY SUR CRECY'),
('02330', 'MONTLEVON'),
('02340', 'MONTLOUE'),
('02310', 'MONTREUIL AUX LIONS'),
('02100', 'MORCOURT'),
('02360', 'MORGNY EN THIERACHE'),
('02290', 'MORSAIN'),
('02600', 'MORTEFONTAINE'),
('02270', 'MORTIERS'),
('02160', 'MOULINS'),
('02160', 'MOUSSY VERNEUIL'),
('02610', 'MOY DE L''AISNE'),
('02210', 'MURET ET CROUTTES'),
('02160', 'MUSCOURT'),
('02140', 'NAMPCELLES LA COUR'),
('02200', 'NAMPTEUIL SOUS MURET'),
('02880', 'NANTEUIL LA FOSSE'),
('02210', 'NANTEUIL NOTRE DAME'),
('02420', 'NAUROY'),
('02400', 'NESLES LA MONTAGNE'),
('02190', 'NEUFCHATEL SUR AISNE'),
('02300', 'NEUFLIEUX'),
('02470', 'NEUILLY SAINT FRONT'),
('02500', 'NEUVE MAISON'),
('02250', 'NEUVILLE BOSMONT (LA)'),
('02300', 'NEUVILLE EN BEINE (LA)'),
('02250', 'NEUVILLE HOUSSET (LA)'),
('02450', 'NEUVILLE LES DORENGT (LA)'),
('02100', 'NEUVILLE SAINT AMAND'),
('02860', 'NEUVILLE SUR AILETTE'),
('02880', 'NEUVILLE SUR MARGIVAL'),
('02390', 'NEUVILLETTE'),
('02150', 'NIZY LE COMTE'),
('02310', 'NOGENT L''ARTAUD'),
('02400', 'NOGENTEL'),
('02340', 'NOIRCOURT'),
('02600', 'NOROY SUR OURCQ'),
('02170', 'NOUVION EN THIERACHE (LE)'),
('02270', 'NOUVION ET CATILLON'),
('02800', 'NOUVION LE COMTE'),
('02860', 'NOUVION LE VINEUX'),
('02290', 'NOUVRON VINGRE'),
('02120', 'NOYALES'),
('02200', 'NOYANT ET ACONIN'),
('02160', 'OEUILLY'),
('02300', 'OGNES'),
('02500', 'OHIS'),
('02600', 'OIGNY EN VALOIS'),
('02450', 'OISY'),
('02480', 'OLLEZY'),
('02100', 'OMISSY'),
('02190', 'ORAINVILLE'),
('02860', 'ORGEVAL'),
('02550', 'ORIGNY EN THIERACHE'),
('02390', 'ORIGNY SAINTE BENOITE'),
('02290', 'OSLY COURTIL'),
('02370', 'OSTEL'),
('02160', 'OULCHES LA VALLEE FOULON'),
('02210', 'OULCHY LA VILLE'),
('02210', 'OULCHY LE CHATEAU'),
('02220', 'PAARS'),
('02160', 'PAISSY'),
('02860', 'PANCY COURTECON'),
('02260', 'PAPLEUX'),
('02210', 'PARCY ET TIGNY'),
('02360', 'PARFONDEVAL'),
('02840', 'PARFONDRU'),
('02160', 'PARGNAN'),
('02000', 'PARGNY FILAIN'),
('02330', 'PARGNY LA DHUYS'),
('02270', 'PARGNY LES BOIS'),
('02240', 'PARPEVILLE'),
('02200', 'PASLY'),
('02470', 'PASSY EN VALOIS'),
('02850', 'PASSY SUR MARNE'),
('02310', 'PAVANT'),
('02160', 'PERLES'),
('02200', 'PERNANT'),
('02630', 'PETIT VERLY'),
('02300', 'PIERREMANDE'),
('02350', 'PIERREPONT'),
('02190', 'PIGNICOURT'),
('02320', 'PINON'),
('02480', 'PITHON'),
('02240', 'PLEINE SELVE'),
('02210', 'PLESSIER HULEU (LE)'),
('02200', 'PLOISY'),
('02140', 'PLOMION'),
('02860', 'PLOYART ET VAURSEINE'),
('02200', 'POMMIERS'),
('02160', 'PONT ARCY'),
('02380', 'PONT SAINT MARD'),
('02160', 'PONTAVERT'),
('02490', 'PONTRU'),
('02490', 'PONTRUET'),
('02270', 'POUILLY SUR SERRE'),
('02110', 'PREMONT'),
('02320', 'PREMONTRE'),
('02370', 'PRESLES ET BOVES'),
('02860', 'PRESLES ET THIERNY'),
('02470', 'PRIEZ'),
('02140', 'PRISCES'),
('02120', 'PROISY'),
('02120', 'PROIX'),
('02190', 'PROUVAIS'),
('02190', 'PROVISEUX ET PLESNOY'),
('02600', 'PUISEUX EN RETZ'),
('02120', 'PUISIEUX ET CLANLIEU'),
('02300', 'QUIERZY'),
('02380', 'QUINCY BASSE'),
('02220', 'QUINCY SOUS LE MONT'),
('02360', 'RAILLIMONT'),
('02110', 'RAMICOURT'),
('02240', 'REGNY'),
('02100', 'REMAUCOURT'),
('02270', 'REMIES'),
('02440', 'REMIGNY'),
('02240', 'RENANSART'),
('02340', 'RENNEVAL'),
('02360', 'RESIGNY'),
('02290', 'RESSONS LE LONG'),
('02600', 'RETHEUIL'),
('02850', 'REUILLY SAUVIGNY'),
('02160', 'REVILLON'),
('02110', 'RIBEAUVILLE'),
('02240', 'RIBEMONT'),
('02210', 'ROCOURT SAINT MARTIN'),
('02260', 'ROCQUIGNY'),
('02800', 'ROGECOURT'),
('02140', 'ROGNY'),
('02310', 'ROMENY SUR MARNE'),
('02120', 'ROMERY'),
('02130', 'RONCHERES'),
('02160', 'ROUCY'),
('02140', 'ROUGERIES'),
('02590', 'ROUPY'),
('02100', 'ROUVROY'),
('02360', 'ROUVROY SUR SERRE'),
('02000', 'ROYAUCOURT ET CHAILVET'),
('02210', 'ROZET SAINT ALBIN'),
('02200', 'ROZIERES SUR CRISE'),
('02540', 'ROZOY BELLEVALLE'),
('02360', 'ROZOY SUR SERRE'),
('02200', 'SACONIN ET BREUIL'),
('02120', 'SAINS RICHAUMONT'),
('02330', 'SAINT AGNAN'),
('02260', 'SAINT ALGIS'),
('02300', 'SAINT AUBIN'),
('02290', 'SAINT BANDRY'),
('02290', 'SAINT CHRISTOPHE A BERRY'),
('02360', 'SAINT CLEMENT'),
('02820', 'SAINTE CROIX'),
('02820', 'SAINT ERME OUTRE ET RAMECOURT'),
('02330', 'SAINT EUGENE'),
('02340', 'SAINTE GENEVIEVE'),
('02810', 'SAINT GENGOULPH'),
('02410', 'SAINT GOBAIN'),
('02140', 'SAINT GOBERT'),
('02220', 'SAINT MARD'),
('02110', 'SAINT MARTIN RIVIERE'),
('02830', 'SAINT MICHEL'),
('02410', 'SAINT NICOLAS AUX BOIS'),
('02300', 'SAINT PAUL AUX BOIS'),
('02600', 'SAINT PIERRE AIGLE'),
('02140', 'SAINT PIERRE LES FRANQUEVILLE'),
('02250', 'SAINT PIERREMONT'),
('02350', 'SAINTE PREUVE'),
('02100', 'SAINT QUENTIN'),
('02210', 'SAINT REMY BLANZY'),
('02640', 'SAINT SIMON'),
('02220', 'SAINT THIBAUT'),
('02820', 'SAINT THOMAS'),
('02840', 'SAMOUSSY'),
('02880', 'SANCY LES CHEMINOTS'),
('02130', 'SAPONAY'),
('02310', 'SAULCHERY'),
('02590', 'SAVY'),
('02110', 'SEBONCOURT'),
('02300', 'SELENS'),
('02150', 'SELVE (LA)'),
('02200', 'SEPTMONTS'),
('02410', 'SEPTVAUX'),
('02420', 'SEQUEHART'),
('02110', 'SERAIN'),
('02790', 'SERAUCOURT LE GRAND'),
('02220', 'SERCHES'),
('02130', 'SERGY'),
('02130', 'SERINGES ET NESLES'),
('02220', 'SERMOISE'),
('02700', 'SERVAIS'),
('02160', 'SERVAL'),
('02240', 'SERY LES MEZIERES'),
('02460', 'SILLY LA POTERIE'),
('02300', 'SINCENY'),
('02150', 'SISSONNE'),
('02240', 'SISSY'),
('02200', 'SOISSONS'),
('02340', 'SOIZE'),
('02470', 'SOMMELANS'),
('02260', 'SOMMERON'),
('02480', 'SOMMETTE EAUCOURT'),
('02270', 'SONS ET RONCHERES'),
('02580', 'SORBAIS'),
('02600', 'SOUCY'),
('02160', 'SOUPIR'),
('02140', 'SOURD (LE)'),
('02240', 'SURFONTAINE'),
('02320', 'SUZY'),
('02600', 'TAILLEFONTAINE'),
('02220', 'TANNIERES'),
('02290', 'TARTIERS'),
('02250', 'TAVAUX ET PONTSERICOURT'),
('02700', 'TERGNIER'),
('02880', 'TERNY SORNY'),
('02140', 'THENAILLES'),
('02390', 'THENELLES'),
('02250', 'THIERNU'),
('02340', 'THUEL (LE)'),
('02810', 'TORCY EN VALOIS'),
('02250', 'TOULIS ET ATTENCOURT'),
('02800', 'TRAVECY'),
('02490', 'TREFCON'),
('02850', 'TRELOU SUR MARNE'),
('02460', 'TROESNES'),
('02300', 'TROSLY LOIRE'),
('02860', 'TRUCY'),
('02640', 'TUGNY ET PONT'),
('02120', 'TUPIGNY'),
('02300', 'UGNY LE GAY'),
('02000', 'URCEL'),
('02690', 'URVILLERS'),
('02120', 'VADENCOURT'),
('02370', 'VAILLY SUR AISNE'),
('02140', 'VALLEE AU BLE (LA)'),
('02110', 'VALLEE MULATRE (LA)'),
('02190', 'VARISCOURT'),
('02290', 'VASSENS'),
('02220', 'VASSENY'),
('02160', 'VASSOGNE'),
('02000', 'VAUCELLES ET BEFFECOURT'),
('02320', 'VAUDESSON'),
('02110', 'VAUX ANDIGNY'),
('02590', 'VAUX EN VERMANDOIS'),
('02320', 'VAUXAILLON'),
('02200', 'VAUXBUIN'),
('02160', 'VAUXCERE'),
('02200', 'VAUXREZIS'),
('02220', 'VAUXTIN'),
('02490', 'VENDELLES'),
('02800', 'VENDEUIL'),
('02420', 'VENDHUILE'),
('02540', 'VENDIERES'),
('02160', 'VENDRESSE BEAULNE'),
('02510', 'VENEROLLES'),
('02200', 'VENIZEL'),
('02400', 'VERDILLY'),
('02490', 'VERGUIER (LE)'),
('02490', 'VERMAND'),
('02380', 'VERNEUIL SOUS COUCY'),
('02000', 'VERNEUIL SUR SERRE'),
('02800', 'VERSIGNY'),
('02140', 'VERVINS'),
('02350', 'VESLES ET CAUMONT'),
('02840', 'VESLUD'),
('02810', 'VEUILLY LA POTERIE'),
('02290', 'VEZAPONIN'),
('02130', 'VEZILLY'),
('02290', 'VIC SUR AISNE'),
('02210', 'VICHEL NANTEUIL'),
('02160', 'VIEIL ARCY'),
('02540', 'VIELS MAISONS'),
('02210', 'VIERZY'),
('02540', 'VIFFORT'),
('02340', 'VIGNEUX HOCQUET'),
('02340', 'VILLE AUX BOIS LES DIZY (LA)'),
('02160', 'VILLE AUX BOIS LES PONTAVERT (LA)'),
('02210', 'VILLEMONTOIRE'),
('02200', 'VILLENEUVE SAINT GERMAIN'),
('02130', 'VILLENEUVE SUR FERE'),
('02300', 'VILLEQUIER AUMONT'),
('02420', 'VILLERET'),
('02130', 'VILLERS AGRON AIGUIZY'),
('02600', 'VILLERS COTTERETS'),
('02160', 'VILLERS EN PRAYERES'),
('02600', 'VILLERS HELON'),
('02240', 'VILLERS LE SEC'),
('02120', 'VILLERS LES GUISE'),
('02590', 'VILLERS SAINT CHRISTOPHE'),
('02130', 'VILLERS SUR FERE'),
('02220', 'VILLE SAVOYE'),
('02310', 'VILLIERS SAINT DENIS'),
('02340', 'VINCY REUIL ET MAGNY'),
('02300', 'VIRY NOUREUIL'),
('02870', 'VIVAISE'),
('02600', 'VIVIERES'),
('02140', 'VOHARIES'),
('02860', 'VORGES'),
('02140', 'VOULPAIX'),
('02250', 'VOYENNE'),
('02880', 'VREGNY'),
('02880', 'VUILLERY'),
('02630', 'WASSIGNY'),
('02830', 'WATIGNY'),
('02120', 'WIEGE FATY'),
('02500', 'WIMY'),
('02320', 'WISSIGNICOURT'),
('03200', 'ABREST'),
('03210', 'AGONGES'),
('03360', 'AINAY LE CHATEAU'),
('03120', 'ANDELAROCHE'),
('03380', 'ARCHIGNAT'),
('03640', 'ARFEUILLES'),
('03420', 'ARPHEUILLES SAINT PRIEST'),
('03250', 'ARRONNES'),
('03460', 'AUBIGNY'),
('03190', 'AUDES'),
('03460', 'AUROUER'),
('03210', 'AUTRY ISSARDS'),
('03000', 'AVERMES'),
('03130', 'AVRILLY'),
('03460', 'BAGNEUX'),
('03140', 'BARBERIER'),
('03120', 'BARRAIS BUSSOLLES'),
('03500', 'BAYET'),
('03230', 'BEAULON'),
('03390', 'BEAUNE D''ALLIER'),
('03800', 'BEGUES'),
('03330', 'BELLENAVES'),
('03700', 'BELLERIVE SUR ALLIER'),
('03130', 'BERT'),
('03340', 'BESSAY SUR ALLIER'),
('03210', 'BESSON'),
('03170', 'BEZENET'),
('03120', 'BILLEZOIS'),
('03260', 'BILLY'),
('03800', 'BIOZAT'),
('03170', 'BIZENEUILLE'),
('03390', 'BLOMARD'),
('03300', 'BOST'),
('03150', 'BOUCE'),
('03130', 'BOUCHAUD (LE)'),
('03160', 'BOURBON L''ARCHAMBAULT'),
('03360', 'BRAIZE'),
('03500', 'BRANSAT'),
('03210', 'BRESNAY'),
('03000', 'BRESSOLLES'),
('03350', 'BRETHON (LE)'),
('03120', 'BREUIL (LE)'),
('03110', 'BROUT VERNET'),
('03700', 'BRUGHEAS'),
('03270', 'BUSSET'),
('03440', 'BUXIERES LES MINES'),
('03600', 'CELLE (LA)'),
('03350', 'CERILLY'),
('03500', 'CESSET'),
('03250', 'CHABANNE (LA)'),
('03370', 'CHAMBERAT'),
('03170', 'CHAMBLET'),
('03140', 'CHANTELLE'),
('03340', 'CHAPEAU'),
('03380', 'CHAPELAUDE (LA)'),
('03300', 'CHAPELLE (LA)'),
('03230', 'CHAPELLE AUX CHASSES (LA)'),
('03390', 'CHAPPES'),
('03140', 'CHAREIL CINTRAT'),
('03110', 'CHARMEIL'),
('03800', 'CHARMES'),
('03140', 'CHARROUX'),
('03510', 'CHASSENARD'),
('03320', 'CHATEAU SUR ALLIER'),
('03500', 'CHATEL DE NEUVRE'),
('03250', 'CHATEL MONTAGNE'),
('03220', 'CHATELPERRON'),
('03640', 'CHATELUS'),
('03210', 'CHATILLON'),
('03440', 'CHAVENON'),
('03220', 'CHAVROCHES'),
('03370', 'CHAZEMAIS'),
('03210', 'CHEMILLY'),
('03230', 'CHEVAGNES'),
('03140', 'CHEZELLE'),
('03230', 'CHEZY'),
('03330', 'CHIRAT L''EGLISE'),
('03450', 'CHOUVIGNY'),
('03220', 'CINDRE'),
('03110', 'COGNAT LYONNE'),
('03600', 'COLOMBIER'),
('03600', 'COMMENTRY'),
('03500', 'CONTIGNY'),
('03430', 'COSNE D''ALLIER'),
('03000', 'COULANDON'),
('03470', 'COULANGES'),
('03320', 'COULEUVRE'),
('03370', 'COURCAIS'),
('03330', 'COUTANSOUZE'),
('03160', 'COUZON'),
('03150', 'CRECHY'),
('03240', 'CRESSANGES'),
('03300', 'CREUZIER LE NEUF'),
('03300', 'CREUZIER LE VIEUX'),
('03300', 'CUSSET'),
('03140', 'DENEUILLE LES CHANTELLE'),
('03170', 'DENEUILLE LES MINES'),
('03630', 'DESERTINES'),
('03240', 'DEUX CHAISES'),
('03290', 'DIOU'),
('03410', 'DOMERAT'),
('03290', 'DOMPIERRE SUR BESBRE'),
('03130', 'DONJON (LE)'),
('03170', 'DOYET'),
('03120', 'DROITURIER'),
('03310', 'DURDAT LAREQUILLE'),
('03450', 'EBREUIL'),
('03330', 'ECHASSIERES'),
('03110', 'ESCUROLLES'),
('03110', 'ESPINASSE VOZELLE'),
('03190', 'ESTIVAREILLES'),
('03140', 'ETROUSSAT'),
('03250', 'FERRIERES SUR SICHON'),
('03340', 'FERTE HAUTERIVE (LA)'),
('03140', 'FLEURIEL'),
('03140', 'FOURILLES'),
('03160', 'FRANCHESSE'),
('03800', 'GANNAT'),
('03230', 'GANNAY SUR LOIRE'),
('03230', 'GARNAT SUR ENGIEVRE'),
('03400', 'GENNETINES'),
('03210', 'GIPCY'),
('03190', 'GIVARLAIS'),
('03340', 'GOUISE'),
('03250', 'GUILLERMIE (LA)'),
('03270', 'HAUTERIVE'),
('03190', 'HERISSON'),
('03380', 'HURIEL'),
('03600', 'HYDS'),
('03360', 'ISLE ET BARDAIS'),
('03120', 'ISSERPENT'),
('03220', 'JALIGNY SUR BESBRE'),
('03800', 'JENZAT'),
('03500', 'LAFELINE'),
('03450', 'LALIZOLLE'),
('03380', 'LAMAIDS'),
('03150', 'LANGY'),
('03120', 'LAPALISSE'),
('03250', 'LAPRUGNE'),
('03310', 'LAVAULT SAINTE ANNE'),
('03250', 'LAVOINE'),
('03130', 'LENAX'),
('03360', 'LETELON'),
('03130', 'LIERNOLLES'),
('03410', 'LIGNEROLLES'),
('03320', 'LIMOISE'),
('03130', 'LODDES'),
('03500', 'LORIGES'),
('03500', 'LOUCHY MONTFAND'),
('03350', 'LOUROUX BOURBONNAIS'),
('03600', 'LOUROUX DE BEAUNE'),
('03330', 'LOUROUX DE BOUBLE'),
('03190', 'LOUROUX HODEMENT'),
('03130', 'LUNEAU'),
('03320', 'LURCY LEVIS'),
('03230', 'LUSIGNY'),
('03260', 'MAGNET'),
('03190', 'MAILLET'),
('03600', 'MALICORNE'),
('03260', 'MARCENAT'),
('03420', 'MARCILLAT EN COMBRAILLE'),
('03210', 'MARIGNY'),
('03270', 'MARIOL'),
('03250', 'MAYET DE MONTAGNE (LE)'),
('03800', 'MAYET D''ECOLE (LE)'),
('03800', 'MAZERIER'),
('03420', 'MAZIRAT'),
('03360', 'MEAULNE'),
('03500', 'MEILLARD'),
('03210', 'MEILLERS'),
('03340', 'MERCY'),
('03370', 'MESPLES'),
('03510', 'MOLINET'),
('03300', 'MOLLES'),
('03140', 'MONESTIER'),
('03500', 'MONETAY SUR ALLIER'),
('03470', 'MONETAY SUR LOIRE'),
('03150', 'MONTAIGU LE BLIN'),
('03130', 'MONTAIGUET EN FOREZ'),
('03340', 'MONTBEUGNY'),
('03130', 'MONTCOMBROUX LES MINES'),
('03800', 'MONTEIGNET SUR L''ANDELOT'),
('03240', 'MONTET (LE)'),
('03000', 'MONTILLY'),
('03100', 'MONTLUCON'),
('03390', 'MONTMARAULT'),
('03150', 'MONTOLDRE'),
('03500', 'MONTORD'),
('03170', 'MONTVICQ'),
('03000', 'MOULINS'),
('03390', 'MURAT'),
('03450', 'NADES'),
('03190', 'NASSIGNY'),
('03330', 'NAVES'),
('03310', 'NERIS LES BAINS'),
('03130', 'NEUILLY EN DONJON'),
('03340', 'NEUILLY LE REAL'),
('03320', 'NEURE'),
('03000', 'NEUVY'),
('03250', 'NIZEROLLES'),
('03210', 'NOYANT D''ALLIER'),
('03230', 'PARAY LE FRESIL'),
('03500', 'PARAY SOUS BRIAILLES'),
('03120', 'PERIGNY'),
('03420', 'PETITE MARCHE (LA)'),
('03470', 'PIERREFITTE SUR LOIRE'),
('03130', 'PIN (LE)'),
('03800', 'POEZAT'),
('03320', 'POUZY MESANGY'),
('03410', 'PREMILHAT'),
('03380', 'QUINSSAINES'),
('03190', 'REUGNY'),
('03240', 'ROCLES'),
('03150', 'RONGERES'),
('03420', 'RONNET'),
('03170', 'SAINT ANGEL'),
('03160', 'SAINT AUBIN LE MONIAL'),
('03390', 'SAINT BONNET DE FOUR'),
('03800', 'SAINT BONNET DE ROCHEFORT'),
('03360', 'SAINT BONNET TRONCAIS'),
('03190', 'SAINT CAPRAIS'),
('03120', 'SAINT CHRISTOPHE'),
('03250', 'SAINT CLEMENT'),
('03370', 'SAINT DESIRE'),
('03130', 'SAINT DIDIER EN DONJON'),
('03110', 'SAINT DIDIER LA FORET'),
('03370', 'SAINT ELOY D''ALLIER'),
('03400', 'SAINT ENNEMOND'),
('03300', 'SAINT ETIENNE DE VICQ'),
('03420', 'SAINT FARGEOL'),
('03260', 'SAINT FELIX'),
('03310', 'SAINT GENEST'),
('03340', 'SAINT GERAND DE VAUX'),
('03150', 'SAINT GERAND LE PUY'),
('03140', 'SAINT GERMAIN DE SALLES'),
('03260', 'SAINT GERMAIN DES FOSSES'),
('03440', 'SAINT HILAIRE'),
('03130', 'SAINT LEGER SUR VOUZANCE'),
('03220', 'SAINT LEON'),
('03160', 'SAINT LEOPARDIN D''AUGY'),
('03150', 'SAINT LOUP'),
('03420', 'SAINT MARCEL EN MARCILLAT'),
('03390', 'SAINT MARCEL EN MURAT'),
('03230', 'SAINT MARTIN DES LAIS'),
('03380', 'SAINT MARTINIEN'),
('03210', 'SAINT MENOUX'),
('03250', 'SAINT NICOLAS DES BIEFS'),
('03370', 'SAINT PALAIS'),
('42620', 'SAINT PIERRE LAVAL'),
('03160', 'SAINT PLAISIR'),
('03110', 'SAINT PONT'),
('03290', 'SAINT POURCAIN SUR BESBRE'),
('03500', 'SAINT POURCAIN SUR SIOULE'),
('03800', 'SAINT PRIEST D''ANDELOT'),
('03390', 'SAINT PRIEST EN MURAT'),
('03120', 'SAINT PRIX'),
('03110', 'SAINT REMY EN ROLLAT'),
('03370', 'SAINT SAUVIER'),
('03240', 'SAINT SORNIN'),
('03420', 'SAINTE THERENCE'),
('03410', 'SAINT VICTOR'),
('03220', 'SAINT VOIR'),
('03270', 'SAINT YORRE'),
('03470', 'SALIGNY SUR ROUDON'),
('03150', 'SANSSAT'),
('03500', 'SAULCET'),
('03800', 'SAULZET'),
('03430', 'SAUVAGNY'),
('03390', 'SAZERET'),
('03700', 'SERBANNES'),
('03120', 'SERVILLY'),
('03260', 'SEUILLET'),
('03220', 'SORBIER'),
('03210', 'SOUVIGNY'),
('03450', 'SUSSAT'),
('03140', 'TARGET'),
('03140', 'TAXAT SENAT'),
('03410', 'TEILLET ARGENTY'),
('03420', 'TERJAT'),
('03240', 'THEIL (LE)'),
('03350', 'THENEUILLE'),
('03230', 'THIEL SUR ACOLIN'),
('03220', 'THIONNE'),
('03430', 'TORTEZAIS'),
('03400', 'TOULON SUR ALLIER'),
('03240', 'TREBAN'),
('03380', 'TREIGNAT'),
('03220', 'TRETEAU'),
('03460', 'TREVOL'),
('03220', 'TREZELLES'),
('03240', 'TRONGET'),
('03360', 'URCAY'),
('03140', 'USSEL D''ALLIER'),
('03330', 'VALIGNAT'),
('03360', 'VALIGNY'),
('03190', 'VALLON EN SULLY'),
('03150', 'VARENNES SUR ALLIER'),
('03220', 'VARENNES SUR TECHE'),
('03220', 'VAUMAS'),
('03190', 'VAUX'),
('03450', 'VEAUCE'),
('03190', 'VENAS'),
('03110', 'VENDAT'),
('03190', 'VERNEIX'),
('03200', 'VERNET (LE)'),
('03500', 'VERNEUIL EN BOURBONNAIS'),
('03390', 'VERNUSSE'),
('03320', 'VEURDRE (LE)'),
('03200', 'VICHY'),
('03450', 'VICQ'),
('03430', 'VIEURE'),
('03350', 'VILHAIN (LE)'),
('03310', 'VILLEBRET'),
('03430', 'VILLEFRANCHE D''ALLIER'),
('03460', 'VILLENEUVE SUR ALLIER'),
('03370', 'VIPLAIX'),
('03360', 'VITRAY'),
('03140', 'VOUSSAC'),
('03160', 'YGRANDE'),
('03400', 'YZEURE'),
('04510', 'AIGLUN'),
('04500', 'ALLEMAGNE EN PROVENCE'),
('04170', 'ALLONS'),
('04260', 'ALLOS'),
('04170', 'ANGLES'),
('04240', 'ANNOT'),
('04420', 'ARCHAIL'),
('04110', 'AUBENAS LES ALPES'),
('04200', 'AUBIGNOSC'),
('04200', 'AUTHON'),
('04140', 'AUZET'),
('04150', 'BANON'),
('04400', 'BARCELONNETTE'),
('04140', 'BARLES'),
('04380', 'BARRAS'),
('04330', 'BARREME'),
('04250', 'BAYONS'),
('04420', 'BEAUJEU'),
('04370', 'BEAUVEZER'),
('04250', 'BELLAFFAIRE'),
('04200', 'BEVONS'),
('04270', 'BEYNES'),
('04330', 'BLIEUX'),
('04270', 'BRAS D''ASSE'),
('04240', 'BRAUX'),
('04340', 'BREOLE (LA)'),
('04700', 'BRILLANNE (LA)'),
('04210', 'BRUNET'),
('04420', 'BRUSQUET (LE)'),
('04250', 'CAIRE (LE)'),
('04120', 'CASTELLANE'),
('04380', 'CASTELLARD MELAN (LE)'),
('04700', 'CASTELLET (LE)'),
('04320', 'CASTELLET LES SAUSSES'),
('04280', 'CERESTE'),
('04510', 'CHAFFAUT SAINT JURSON (LE)'),
('04660', 'CHAMPTERCIER'),
('04160', 'CHATEAU ARNOUX SAINT AUBAN'),
('04250', 'CHATEAUFORT'),
('04200', 'CHATEAUNEUF MIRAVAIL'),
('04200', 'CHATEAUNEUF VAL SAINT DONAT'),
('04270', 'CHATEAUREDON'),
('04330', 'CHAUDON NORANTE'),
('04250', 'CLAMENSANE'),
('05110', 'CLARET'),
('04330', 'CLUMANC'),
('04370', 'COLMARS'),
('04530', 'CONDAMINE CHATELARD (LA)'),
('04220', 'CORBIERES'),
('04230', 'CRUIS'),
('05110', 'CURBANS'),
('04200', 'CUREL'),
('04300', 'DAUPHIN'),
('04120', 'DEMANDOLX'),
('04000', 'DIGNE LES BAINS'),
('04420', 'DRAIX'),
('04400', 'ENCHASTRAYES'),
('04000', 'ENTRAGES'),
('04200', 'ENTREPIERRES'),
('04320', 'ENTREVAUX'),
('04700', 'ENTREVENNES'),
('04160', 'ESCALE (L'')'),
('04800', 'ESPARRON DE VERDON'),
('04270', 'ESTOUBLON'),
('04400', 'FAUCON DE BARCELONNETTE'),
('04250', 'FAUCON DU CAIRE'),
('04230', 'FONTIENNE'),
('04300', 'FORCALQUIER'),
('04120', 'FOUX (LA)'),
('04240', 'FUGERET (LE)'),
('04310', 'GANAGOBIE'),
('04120', 'GARDE (LA)'),
('04250', 'GIGORS'),
('04800', 'GREOUX LES BAINS'),
('04380', 'HAUTES DUYES'),
('04150', 'HOSPITALET (L'')'),
('04850', 'JAUSIERS'),
('04420', 'JAVIE (LA)'),
('04170', 'LAMBRUISSE'),
('04530', 'LARCHE'),
('04230', 'LARDIERS'),
('04340', 'LAUZET UBAYE (LE)'),
('04300', 'LIMANS'),
('04700', 'LURS'),
('04270', 'MAJASTRES'),
('04350', 'MALIJAI'),
('04230', 'MALLEFOUGASSE AUGES'),
('04510', 'MALLEMOISSON'),
('04300', 'MANE'),
('04100', 'MANOSQUE'),
('04420', 'MARCOUX'),
('04240', 'MEAILLES'),
('04190', 'MEES (LES)'),
('04250', 'MELVE'),
('04340', 'MEOLANS REVEL'),
('04530', 'MEYRONNES'),
('04270', 'MEZEL'),
('04510', 'MIRABEAU'),
('04200', 'MISON'),
('04500', 'MONTAGNAC MONTPEZAT'),
('04140', 'MONTCLAR'),
('04600', 'MONTFORT'),
('04110', 'MONTFURON'),
('04110', 'MONTJUSTIN'),
('04230', 'MONTLAUX'),
('04150', 'MONTSALIER'),
('04170', 'MORIEZ'),
('04250', 'MOTTE DU CAIRE (LA)'),
('04360', 'MOUSTIERS SAINTE MARIE'),
('04170', 'MURE ARGENS (LA)'),
('04250', 'NIBLES'),
('04300', 'NIOZELLES'),
('04200', 'NOYERS SUR JABRON'),
('04200', 'OMERGUES (LES)'),
('04230', 'ONGLES'),
('04110', 'OPPEDETTE'),
('04700', 'ORAISON'),
('04120', 'PALUD SUR VERDON (LA)'),
('04200', 'PEIPIN'),
('04120', 'PEYROULES'),
('04310', 'PEYRUIS'),
('05130', 'PIEGUT'),
('04300', 'PIERRERUE'),
('04860', 'PIERREVERT'),
('05160', 'PONTIS'),
('04420', 'PRADS HAUTE BLEONE'),
('04700', 'PUIMICHEL'),
('04410', 'PUIMOISSON'),
('04500', 'QUINSON'),
('04150', 'REDORTIERS LE CONTADOUR'),
('04110', 'REILLANNE'),
('04150', 'REVEST DES BROUSSES'),
('04150', 'REVEST DU BION'),
('04230', 'REVEST SAINT MARTIN'),
('04500', 'RIEZ'),
('04000', 'ROBINE SUR GALABRE (LA)'),
('04150', 'ROCHEGIRON (LA)'),
('06260', 'ROCHETTE (LA)'),
('04120', 'ROUGON'),
('04500', 'ROUMOULES'),
('04170', 'SAINT ANDRE LES ALPES'),
('04600', 'SAINT AUBAN'),
('04240', 'SAINT BENOIT'),
('04110', 'SAINTE CROIX A LAUZE'),
('04500', 'SAINTE CROIX DE VERDON'),
('04230', 'SAINT ETIENNE LES ORGUES'),
('04200', 'SAINT GENIEZ'),
('04330', 'SAINT JACQUES'),
('04270', 'SAINT JEANNET'),
('04270', 'SAINT JULIEN D''ASSE'),
('04170', 'SAINT JULIEN DU VERDON'),
('04410', 'SAINT JURS'),
('04500', 'SAINT LAURENT DU VERDON'),
('04330', 'SAINT LIONS'),
('04300', 'SAINT MAIME'),
('04200', 'SAINT MARTIN'),
('04800', 'SAINT MARTIN DE BROMES'),
('04300', 'SAINT MARTIN LES EAUX'),
('04140', 'SAINT MARTIN LES SEYNE'),
('04870', 'SAINT MICHEL L''OBSERVATOIRE'),
('04530', 'SAINT PAUL SUR UBAYE'),
('06260', 'SAINT PIERRE'),
('04400', 'SAINT PONS'),
('04220', 'SAINTE TULLE'),
('04340', 'SAINT VINCENT LES FORTS'),
('04200', 'SAINT VINCENT SUR JABRON'),
('04290', 'SALIGNAC'),
('04150', 'SAUMANE'),
('04320', 'SAUSSES'),
('04140', 'SELONNET'),
('04330', 'SENEZ'),
('04140', 'SEYNE'),
('04300', 'SIGONCE'),
('04200', 'SIGOYER'),
('04150', 'SIMIANE LA ROTONDE'),
('04200', 'SISTERON'),
('04120', 'SOLEILHAS'),
('04290', 'SOURRIBES'),
('04330', 'TARTONNE'),
('04200', 'THEZE'),
('04380', 'THOARD'),
('04170', 'THORAME BASSE'),
('04170', 'THORAME HAUTE'),
('04400', 'THUILES (LES)'),
('05130', 'TOURNIAIRES (LES)'),
('04250', 'TURRIERS'),
('04240', 'UBRAYE'),
('05130', 'URTIS'),
('04400', 'UVERNET FOURS'),
('04110', 'VACHERES'),
('04320', 'VAL DE CHALVAGNE'),
('04250', 'VALAVOIRE'),
('04200', 'VALBELLE'),
('04210', 'VALENSOLE'),
('04200', 'VALERNES'),
('04200', 'VAUMEILH'),
('05130', 'VENTEROL'),
('04140', 'VERDACHES'),
('04170', 'VERGONS'),
('04140', 'VERNET (LE)'),
('04370', 'VILLARS COLMARS'),
('04110', 'VILLEMUS'),
('04180', 'VILLENEUVE'),
('04290', 'VOLONNE'),
('04130', 'VOLX'),
('05460', 'ABRIES'),
('05250', 'AGNIERES EN DEVOLUY'),
('05470', 'AIGUILLES'),
('05260', 'ANCELLE'),
('05300', 'ANTONAVES'),
('05120', 'ARGENTIERE LA BESSEE (L'')'),
('05350', 'ARVIEUX'),
('05140', 'ASPREMONT'),
('05800', 'ASPRES LES CORPS'),
('05140', 'ASPRES SUR BUECH'),
('05230', 'AVANCON'),
('05200', 'BARATIER'),
('05110', 'BARCILLONNETTE'),
('05300', 'BARRET LE BAS'),
('05300', 'BARRET SUR MEOUGE'),
('05700', 'BATIE MONTSALEON (LA)'),
('05230', 'BATIE NEUVE (LA)'),
('05000', 'BATIE VIEILLE (LA)'),
('05140', 'BEAUME (LA)'),
('05500', 'BENEVENT ET CHARBILLAC'),
('05700', 'BERSAC (LE)'),
('05190', 'BREZIERS'),
('05100', 'BRIANCON'),
('05150', 'BRUIS'),
('05500', 'BUISSARD'),
('05600', 'CEILLAC'),
('05100', 'CERVIERES'),
('05400', 'CHABESTAN'),
('05260', 'CHABOTTES'),
('05310', 'CHAMPCELLA'),
('05260', 'CHAMPOLEON'),
('05700', 'CHANOUSSE'),
('05800', 'CHAPELLE EN VALGAUDEMAR (LA)'),
('05350', 'CHATEAU VILLE VIEILLE'),
('05300', 'CHATEAUNEUF DE CHABRE'),
('05400', 'CHATEAUNEUF D''OZE'),
('05380', 'CHATEAUROUX'),
('05000', 'CHATEAUVIEUX'),
('05800', 'CHAUFFAYER'),
('05230', 'CHORGES'),
('05250', 'CLUSE (LA)'),
('05500', 'COSTES (LES)'),
('05200', 'CREVOUX'),
('05200', 'CROTS'),
('05200', 'EMBRUN'),
('26560', 'EOURRES'),
('05700', 'EPINE (L'')'),
('05110', 'ESPARRON'),
('05190', 'ESPINASSES'),
('05700', 'ETOILE SAINT CYRICE'),
('05600', 'EYGLIERS'),
('05300', 'EYGUIANS'),
('05500', 'FARE EN CHAMPSAUR (LA)'),
('05140', 'FAURIE (LA)'),
('05260', 'FOREST SAINT JULIEN'),
('05130', 'FOUILLOUSE'),
('05310', 'FREISSINIERES'),
('05000', 'FREISSINOUSE (LA)'),
('05400', 'FURMEYER'),
('05000', 'GAP'),
('05800', 'GLAIZIL (LE)'),
('05320', 'GRAVE (LA)'),
('05600', 'GUILLESTRE'),
('05140', 'HAUTE BEAUME (LA)'),
('05500', 'INFOURNAS (LES)'),
('05130', 'JARJAYES'),
('05300', 'LAGRAND'),
('05300', 'LARAGNE MONTEGLIN'),
('05110', 'LARDIER ET VALENCA'),
('05500', 'LAYE'),
('05300', 'LAZER'),
('05130', 'LETTRET'),
('05400', 'MANTEYER'),
('05700', 'MEREUIL'),
('05350', 'MOLINES EN QUEYRAS'),
('05110', 'MONETIER ALLEMONT'),
('05220', 'MONETIER LES BAINS (LE)'),
('05600', 'MONT DAUPHIN'),
('05140', 'MONTBRAND'),
('05700', 'MONTCLUS'),
('05230', 'MONTGARDIN'),
('05100', 'MONTGENEVRE'),
('05150', 'MONTJAY'),
('05400', 'MONTMAUR'),
('05150', 'MONTMORIN'),
('05700', 'MONTROND'),
('05500', 'MOTTE EN CHAMPSAUR (LA)'),
('05150', 'MOYDANS'),
('05000', 'NEFFES'),
('05100', 'NEVACHE'),
('05700', 'NOSSAGE ET BENEVENT'),
('05500', 'NOYER (LE)'),
('05170', 'ORCIERES'),
('05700', 'ORPIERRE'),
('05200', 'ORRES (LES)'),
('05400', 'OZE'),
('05000', 'PELLEAUTIER'),
('05340', 'PELVOUX'),
('05700', 'PIARRE (LA)'),
('05300', 'POET (LE)'),
('05500', 'POLIGNY'),
('05230', 'PRUNIERES'),
('05100', 'PUY SAINT ANDRE'),
('05200', 'PUY SAINT EUSEBE'),
('05100', 'PUY SAINT PIERRE'),
('05290', 'PUY SAINT VINCENT'),
('05200', 'PUY SANIERES'),
('05400', 'RABOU'),
('05000', 'RAMBAUD'),
('05160', 'REALLON'),
('05190', 'REMOLLON'),
('05600', 'REOTIER'),
('05150', 'RIBEYRET'),
('05300', 'RIBIERS'),
('05600', 'RISOUL'),
('05460', 'RISTOLAS'),
('05310', 'ROCHE DE RAME (LA)'),
('05400', 'ROCHE DES ARNAUDS (LA)'),
('05190', 'ROCHEBRUNE'),
('05000', 'ROCHETTE (LA)'),
('05150', 'ROSANS'),
('05190', 'ROUSSET'),
('05200', 'SAINT ANDRE D''EMBRUN'),
('05150', 'SAINT ANDRE DE ROSANS'),
('05160', 'SAINT APOLLINAIRE'),
('05400', 'SAINT AUBAN D''OZE'),
('05500', 'SAINT BONNET EN CHAMPSAUR'),
('05330', 'SAINT CHAFFREY'),
('05600', 'SAINT CLEMENT SUR DURANCE'),
('05700', 'SAINTE COLOMBE'),
('05600', 'SAINT CREPIN'),
('05250', 'SAINT DISDIER'),
('05250', 'SAINT ETIENNE EN DEVOLUY'),
('05130', 'SAINT ETIENNE LE LAUS'),
('05500', 'SAINT EUSEBE EN CHAMPSAUR'),
('05800', 'SAINT FIRMIN'),
('05300', 'SAINT GENIS'),
('05800', 'SAINT JACQUES EN VALGODEMARD'),
('05260', 'SAINT JEAN SAINT NICOLAS'),
('05140', 'SAINT JULIEN EN BEAUCHENE'),
('05500', 'SAINT JULIEN EN CHAMPSAUR'),
('05500', 'SAINT LAURENT DU CROS'),
('05260', 'SAINT LEGER LES MELEZES'),
('05150', 'SAINTE MARIE'),
('05120', 'SAINT MARTIN DE QUEYRIERES'),
('05800', 'SAINT MAURICE EN VALGODEMARD'),
('05260', 'SAINT MICHEL DE CHAILLOL'),
('05300', 'SAINT PIERRE AVEZ'),
('05140', 'SAINT PIERRE D''ARGENCON'),
('05200', 'SAINT SAUVEUR'),
('05350', 'SAINT VERAN'),
('05400', 'SAIX (LE)'),
('05300', 'SALEON'),
('05300', 'SALERANS'),
('05240', 'SALLE LES ALPES (LA)'),
('05110', 'SAULCE (LA)'),
('05160', 'SAUZE DU LAC (LE)'),
('05160', 'SAVINES LE LAC'),
('05700', 'SAVOURNON'),
('05240', 'SERRE CHEVALIER'),
('05330', 'SERRE CHEVALIER'),
('05700', 'SERRES'),
('05700', 'SIGOTTIER'),
('05130', 'SIGOYER'),
('05150', 'SORBIERS'),
('05130', 'TALLARD'),
('05190', 'THEUS'),
('05700', 'TRESCLEOUX'),
('05300', 'UPAIX'),
('05100', 'VAL DES PRES'),
('05290', 'VALLOUISE'),
('05130', 'VALSERRES'),
('05560', 'VARS'),
('05300', 'VENTAVON'),
('05400', 'VEYNES'),
('05120', 'VIGNEAUX (LES)'),
('05480', 'VILLAR D''ARENE'),
('05800', 'VILLAR LOUBIERE'),
('05100', 'VILLAR SAINT PANCRACE'),
('05110', 'VITROLLES'),
('06910', 'AIGLUN'),
('06910', 'AMIRAT'),
('06750', 'ANDON'),
('06600', 'ANTIBES'),
('06260', 'ASCROS'),
('06790', 'ASPREMONT'),
('06810', 'AURIBEAU SUR SIAGNE'),
('06260', 'AUVARE'),
('06420', 'BAIROLS'),
('06620', 'BAR SUR LOUP (LE)'),
('06310', 'BEAULIEU SUR MER'),
('06240', 'BEAUSOLEIL'),
('06450', 'BELVEDERE'),
('06390', 'BENDEJUN'),
('06390', 'BERRE LES ALPES'),
('06470', 'BEUIL'),
('06510', 'BEZAUDUN LES ALPES'),
('06410', 'BIOT'),
('06440', 'BLAUSASC'),
('06450', 'BOLLENE VESUBIE (LA)'),
('06830', 'BONSON'),
('06510', 'BOUYON'),
('06540', 'BREIL SUR ROYA'),
('06850', 'BRIANCONNET'),
('06430', 'BRIGUE (LA)'),
('06510', 'BROC (LE)'),
('06530', 'CABRIS'),
('06800', 'CAGNES SUR MER'),
('06750', 'CAILLE'),
('06150', 'CANNES LA BOCCA'),
('06400', 'CANNES'),
('06110', 'CANNET (LE)'),
('06340', 'CANTARON'),
('06320', 'CAP D''AIL'),
('06510', 'CARROS'),
('06670', 'CASTAGNIERS'),
('06500', 'CASTELLAR'),
('06500', 'CASTILLON'),
('06460', 'CAUSSOLS'),
('06470', 'CHATEAUNEUF D''ENTRAUNES'),
('06740', 'CHATEAUNEUF GRASSE'),
('06390', 'CHATEAUNEUF VILLEVIEILLE'),
('06620', 'CIPIERES'),
('06420', 'CLANS'),
('06390', 'COARAZE'),
('06480', 'COLLE SUR LOUP (LA)'),
('06910', 'COLLONGUES'),
('06670', 'COLOMARS'),
('06510', 'CONSEGUDES'),
('06390', 'CONTES'),
('06620', 'COURMES'),
('06140', 'COURSEGOULES'),
('06260', 'CROIX SUR ROUDOULE (LA)'),
('06910', 'CUEBRIS'),
('06470', 'DALUIS'),
('06340', 'DRAP'),
('06670', 'DURANUS'),
('06470', 'ENTRAUNES'),
('06440', 'ESCARENE (L'')'),
('06460', 'ESCRAGNOLLES'),
('06360', 'EZE'),
('06950', 'FALICON'),
('06510', 'FERRES (LES)'),
('06540', 'FONTAN'),
('06850', 'GARS'),
('06510', 'GATTIERES'),
('06610', 'GAUDE (LA)'),
('06830', 'GILETTE'),
('06500', 'GORBIO'),
('06620', 'GOURDON'),
('06130', 'GRASSE'),
('06620', 'GREOLIERES'),
('06470', 'GUILLAUMES'),
('06420', 'ILONSE'),
('06420', 'ISOLA'),
('06160', 'JUAN LES PINS'),
('06450', 'LANTOSQUE'),
('06670', 'LEVENS'),
('06260', 'LIEUCHE'),
('06440', 'LUCERAM'),
('06520', 'MAGAGNOSC'),
('06710', 'MALAUSSENE'),
('06210', 'MANDELIEU LA NAPOULE'),
('06420', 'MARIE'),
('06910', 'MAS (LE)'),
('06710', 'MASSOINS'),
('06500', 'MENTON'),
('06370', 'MOUANS SARTOUX'),
('06250', 'MOUGINS'),
('06380', 'MOULINET'),
('06910', 'MUJOULS (LES)'),
('06000', 'NICE'),
('06100', 'NICE');

-- --------------------------------------------------------

--
-- Structure de la table `offres`
--

CREATE TABLE IF NOT EXISTS `offres` (
  `OFF_ID` varchar(255) NOT NULL,
  `OFF_NOM` text,
  `OFF_DEBUT` date DEFAULT NULL,
  `OFF_FIN` date DEFAULT NULL,
  `OFF_DESCRIPTION` text,
  `OFF_OBJECTIF` int(11) DEFAULT NULL,
  `OFF_DATEADDED` datetime DEFAULT NULL,
  `OFF_DATEMODIF` datetime DEFAULT NULL,
  `CAM_ID` varchar(10) DEFAULT NULL,
  `SEGS_CODE` varchar(3000) NOT NULL,
  PRIMARY KEY (`OFF_ID`),
  KEY `CAM_ID` (`CAM_ID`),
  KEY `SEG_CODE` (`SEGS_CODE`(767))
) ENGINE=InnoDB DEFAULT CHARSET=latin1;

--
-- Contenu de la table `offres`
--

INSERT INTO `offres` (`OFF_ID`, `OFF_NOM`, `OFF_DEBUT`, `OFF_FIN`, `OFF_DESCRIPTION`, `OFF_OBJECTIF`, `OFF_DATEADDED`, `OFF_DATEMODIF`, `CAM_ID`, `SEGS_CODE`) VALUES
('OFF1', 'Relance telephonique', '2012-10-28', '2012-12-16', 'augmenter notre porte feuille de clients', 0, '2014-04-05 16:00:02', '2014-04-05 16:00:02', '5', 'SEG1'),
('OFF2', 'Publicite audiovisuelle', '2012-10-28', '2013-03-28', 'Plus de dons pour les malades', 0, '2012-10-28 16:59:29', '2012-10-28 16:59:29', '4', 'SEG1'),
('OFF3', 'Demarchage porte a porte', '2013-03-01', '2013-03-12', '-Sensibiliser la population au ravage du SIDA et aux moyens de prevention', 0, '2012-10-29 15:31:57', '2012-10-29 15:31:57', '6', 'SEG4'),
('OFF_CARIE_1', 'Tombola pour la fete de la musique', '2013-04-09', '2013-06-21', 'Partenariat ville de Créteil\r\nDon > 5€ <=> 1 Ticket', 3000, '2013-04-09 11:05:11', '2013-04-09 11:05:11', 'ANTI_CARIE', 'SEG_CARIE_1,SEG_CARIE_2'),
('PING_1', 'ventes de peluches', '2012-12-01', '2012-12-31', 'une peluche achetée = 5€ pour la campagne', 1000, '2012-11-13 10:21:32', '2012-11-13 10:21:32', 'ACC_PING', 'SEG_PING_1');

-- --------------------------------------------------------

--
-- Structure de la table `old_id_link`
--

CREATE TABLE IF NOT EXISTS `old_id_link` (
  `OLD_CURRENT_ID` int(11) NOT NULL,
  `OLD_PAST_ID` int(11) NOT NULL,
  PRIMARY KEY (`OLD_CURRENT_ID`,`OLD_PAST_ID`)
) ENGINE=InnoDB DEFAULT CHARSET=latin1;

--
-- Contenu de la table `old_id_link`
--

INSERT INTO `old_id_link` (`OLD_CURRENT_ID`, `OLD_PAST_ID`) VALUES
(60, 1047),
(65, 70),
(1044, 1051),
(1044, 1053),
(1048, 1049);

-- --------------------------------------------------------

--
-- Structure de la table `reglages`
--

CREATE TABLE IF NOT EXISTS `reglages` (
  `REG_CODE` varchar(255) NOT NULL,
  `REG_DESCRIP` text NOT NULL,
  `REG_LIST` text NOT NULL,
  PRIMARY KEY (`REG_CODE`)
) ENGINE=InnoDB DEFAULT CHARSET=latin1;

--
-- Contenu de la table `reglages`
--

INSERT INTO `reglages` (`REG_CODE`, `REG_DESCRIP`, `REG_LIST`) VALUES
('CON_CIVIL', 'civilité d''un contact', 'Lord,Sir'),
('CON_MORALE', 'type de contact (moral)', ''),
('CON_PHYSIQUE', 'type de contact (physique)', 'Benevole'),
('DONS_TYPE', 'type de versement', '');

-- --------------------------------------------------------

--
-- Structure de la table `segments`
--

CREATE TABLE IF NOT EXISTS `segments` (
  `SEG_CODE` varchar(15) NOT NULL,
  `SEG_LIBELLE` text NOT NULL,
  `SEG_DATEADDED` datetime NOT NULL,
  `SEG_DATEMODIF` datetime NOT NULL,
  `SEG_EDIT` tinyint(1) NOT NULL,
  PRIMARY KEY (`SEG_CODE`)
) ENGINE=InnoDB DEFAULT CHARSET=latin1;

--
-- Contenu de la table `segments`
--

INSERT INTO `segments` (`SEG_CODE`, `SEG_LIBELLE`, `SEG_DATEADDED`, `SEG_DATEMODIF`, `SEG_EDIT`) VALUES
('PARISIENS', 'habitants de paris', '2012-11-13 10:16:07', '2012-11-13 10:16:07', 1),
('SEG1', 'Personnes physique en france', '2012-10-28 14:00:00', '2012-10-29 15:13:51', 1),
('SEG2', 'Entreprises en france', '2012-10-28 14:11:00', '2012-10-28 16:54:58', 1),
('SEG3', 'Personnes a villejuif', '2012-10-28 16:56:03', '2012-10-28 16:56:22', 1),
('SEG4', 'Donateur physique en france', '2012-10-29 15:10:52', '2012-10-29 15:13:38', 1),
('SEG5', 'Personnes morales en france ayant donne au moins 10 euros par mois durant l''annee', '2012-10-29 15:14:41', '2012-11-07 20:46:39', 1),
('SEG6', 'Entreprises internationales avec don superieur a 200 euros durant l''annee 2012', '2012-10-29 15:20:48', '2012-11-07 20:43:33', 1),
('SEG_CARIE_1', 'mariés qui aiment le caramel', '2013-04-09 11:01:07', '2013-04-09 11:02:15', 1),
('SEG_CARIE_2', 'Célibataires non allergiques au pollen', '2013-04-09 11:02:37', '2013-04-09 11:03:22', 1),
('SEG_CARIE_BASE', 'Segment de base de la campagne de prevention dentaire', '2013-04-09 10:59:20', '2013-04-09 11:00:44', 1),
('SEG_PING_1', 'segment pour les peluches', '2012-11-13 10:17:03', '2012-11-13 10:17:03', 1);

-- --------------------------------------------------------

--
-- Structure de la table `tables_fields`
--

CREATE TABLE IF NOT EXISTS `tables_fields` (
  `tabl_field_id` int(8) NOT NULL AUTO_INCREMENT,
  `tabl_id` int(8) NOT NULL,
  `tabl_field` varchar(32) CHARACTER SET utf8 NOT NULL,
  `tabl_field_name` varchar(32) CHARACTER SET utf8 DEFAULT NULL,
  PRIMARY KEY (`tabl_field_id`),
  KEY `tabl_field_id` (`tabl_field_id`),
  KEY `tabl_field_name` (`tabl_field`)
) ENGINE=InnoDB  DEFAULT CHARSET=latin1 AUTO_INCREMENT=118 ;

--
-- Contenu de la table `tables_fields`
--

INSERT INTO `tables_fields` (`tabl_field_id`, `tabl_id`, `tabl_field`, `tabl_field_name`) VALUES
(1, 1, 'CAM_ID', 'CAM_ID'),
(2, 1, 'CAM_NOM', 'CAM_NOM'),
(3, 1, 'CAM_DEBUT', 'CAM_DEBUT'),
(4, 1, 'CAM_FIN', 'CAM_FIN'),
(5, 1, 'CAM_TYPE', 'CAM_TYPE'),
(6, 1, 'CAM_DESCRIPTION', 'CAM_DESCRIPTION'),
(7, 1, 'CAM_OBJECTIF', 'CAM_OBJECTIF'),
(8, 1, 'CAM_WEB', 'CAM_WEB'),
(9, 1, 'CAM_COURRIER', 'CAM_COURRIER'),
(10, 1, 'CAM_EMAIL', 'CAM_EMAIL'),
(11, 1, 'CAM_DATEADDED', 'CAM_DATEADDED'),
(12, 1, 'CAM_DATEMODIF', 'CAM_DATEMODIF'),
(13, 2, 'CIB_ID', 'CIB_ID'),
(14, 2, 'CON_ID', 'CON_ID'),
(15, 2, 'OFF_ID', 'OFF_ID'),
(16, 2, 'CIB_SEGS', 'CIB_SEGS'),
(17, 3, 'CON_TYPE', 'Type'),
(18, 3, 'CON_TYPEC', 'Type de contact'),
(19, 3, 'CON_CIVILITE', 'Civilité'),
(20, 3, 'CON_FIRSTNAME', 'Prénom'),
(21, 3, 'CON_LASTNAME', 'Nom'),
(22, 3, 'CON_DATE', 'Date'),
(23, 3, 'CON_EMAIL', 'Courriel'),
(24, 3, 'CON_TELFIXE', 'Téléphone fixe'),
(25, 3, 'CON_TELPORT', 'Téléphone portable'),
(26, 3, 'CON_COMPL', 'Complément'),
(27, 3, 'CON_VOIE_NUM', 'Numéro de voie'),
(28, 3, 'CON_VOIE_TYPE', 'Type de voie'),
(29, 3, 'CON_VOIE_NOM', 'Nom de voie'),
(30, 3, 'CON_BP', 'Boîte postale'),
(31, 3, 'CON_CP', 'Code postal'),
(32, 3, 'CON_CITY', 'Ville'),
(33, 3, 'CON_COUNTRY', 'Pays'),
(34, 3, 'CON_NPAI', 'NPAI'),
(35, 3, 'CON_RF_TYPE', 'Type RF'),
(36, 3, 'CON_RF_ENVOI', 'RF envoi'),
(37, 3, 'CON_SOLICITATION', 'Soliciation'),
(38, 3, 'CON_COMMENTAIRE', 'Commentaire'),
(39, 3, 'CON_DATEADDED', 'Date d''ajout'),
(40, 3, 'CON_DATEMODIF', 'Date de modification'),
(41, 4, 'IC_4', 'IC_4'),
(42, 4, 'IC_5', 'IC_5'),
(43, 4, 'IC_6', 'IC_6'),
(44, 4, 'IC_7', 'IC_7'),
(45, 4, 'IC_8', 'IC_8'),
(46, 4, 'IC_9', 'IC_9'),
(47, 5, 'CRIT_ID', 'CRIT_ID'),
(48, 5, 'SEG_CODE', 'SEG_CODE'),
(49, 5, 'CRIT_TYPE', 'CRIT_TYPE'),
(50, 5, 'CRIT_ATTRIBUT', 'CRIT_ATTRIBUT'),
(51, 5, 'CRIT_COMP', 'CRIT_COMP'),
(52, 5, 'CRIT_VAL', 'CRIT_VAL'),
(53, 6, 'CRIT_ID1', 'CRIT_ID1'),
(54, 6, 'CRIT_ID2', 'CRIT_ID2'),
(55, 6, 'LINK', 'LINK'),
(56, 7, 'DON_ID', 'DON_ID'),
(57, 7, 'DON_MONTANT', 'DON_MONTANT'),
(58, 7, 'DON_DEVISE', 'DON_DEVISE'),
(59, 7, 'DON_MODE', 'DON_MODE'),
(60, 7, 'DON_COMMENTAIRE', 'DON_COMMENTAIRE'),
(61, 7, 'DON_DATEADDED', 'DON_DATEADDED'),
(62, 7, 'DON_TYPE', 'DON_TYPE'),
(63, 7, 'DON_C_NUM', 'DON_C_NUM'),
(64, 7, 'DON_C_COMPTE', 'DON_C_COMPTE'),
(65, 7, 'DON_C_BANQ_EMISSION', 'DON_C_BANQ_EMISSION'),
(66, 7, 'DON_C_BANQ_DEPOT', 'DON_C_BANQ_DEPOT'),
(67, 7, 'DON_C_DATE_DEPOT', 'DON_C_DATE_DEPOT'),
(68, 7, 'DON_DATE', 'DON_DATE'),
(69, 7, 'DON_RECU_ID', 'DON_RECU_ID'),
(70, 8, 'hist_id', 'hist_id'),
(71, 8, 'hist_tabl_id', 'hist_tabl_id'),
(72, 8, 'hist_tabl_pkey', 'hist_tabl_pkey'),
(73, 8, 'hist_field_id', 'hist_field_id'),
(74, 8, 'hist_field_value', 'hist_field_value'),
(75, 8, 'hist_modif_type', 'hist_modif_type'),
(76, 8, 'hist_datetime', 'hist_datetime'),
(77, 9, 'IC_ID', 'IC_ID'),
(78, 9, 'IC_LABEL', 'IC_LABEL'),
(79, 9, 'IC_TYPE', 'IC_TYPE'),
(80, 10, 'LET_ID', 'LET_ID'),
(81, 10, 'LET_TYPE_ID', 'LET_TYPE_ID'),
(82, 10, 'LET_NAME', 'LET_NAME'),
(83, 10, 'LET_CONTENT', 'LET_CONTENT'),
(84, 11, 'CP', 'CP'),
(85, 11, 'libelle', 'libelle'),
(86, 12, 'OFF_NOM', 'OFF_NOM'),
(87, 12, 'OFF_DEBUT', 'OFF_DEBUT'),
(88, 12, 'OFF_FIN', 'OFF_FIN'),
(89, 12, 'OFF_DESCRIPTION', 'OFF_DESCRIPTION'),
(90, 12, 'OFF_OBJECTIF', 'OFF_OBJECTIF'),
(91, 12, 'OFF_DATEADDED', 'OFF_DATEADDED'),
(92, 12, 'OFF_DATEMODIF', 'OFF_DATEMODIF'),
(93, 12, 'SEGS_CODE', 'SEGS_CODE'),
(94, 13, 'OLD_CURRENT_ID', 'OLD_CURRENT_ID'),
(95, 13, 'OLD_PAST_ID', 'OLD_PAST_ID'),
(96, 14, 'REG_CODE', 'REG_CODE'),
(97, 14, 'REG_DESCRIP', 'REG_DESCRIP'),
(98, 14, 'REG_LIST', 'REG_LIST'),
(99, 15, 'SEG_LIBELLE', 'SEG_LIBELLE'),
(100, 15, 'SEG_DATEADDED', 'SEG_DATEADDED'),
(101, 15, 'SEG_DATEMODIF', 'SEG_DATEMODIF'),
(102, 15, 'SEG_EDIT', 'SEG_EDIT'),
(103, 16, 'tabl_field_id', 'tabl_field_id'),
(104, 16, 'tabl_id', 'tabl_id'),
(105, 16, 'tabl_field', 'tabl_field'),
(106, 16, 'tabl_field_name', 'tabl_field_name'),
(107, 17, 'tabl_name', 'tabl_name'),
(108, 18, 'TYP_ID', 'TYP_ID'),
(109, 18, 'TYP_NAME', 'TYP_NAME'),
(110, 19, 'USER_ID', 'USER_ID'),
(111, 19, 'USER_FIRSTNAME', 'USER_FIRSTNAME'),
(112, 19, 'USER_LASTNAME', 'USER_LASTNAME'),
(113, 19, 'USER_LOGIN', 'USER_LOGIN'),
(114, 19, 'USER_PASSWORD', 'USER_PASSWORD'),
(115, 19, 'USER_EMAIL', 'USER_EMAIL'),
(116, 19, 'USER_DATEADDED', 'USER_DATEADDED'),
(117, 19, 'USER_TYPE', 'USER_TYPE');

-- --------------------------------------------------------

--
-- Structure de la table `tables_names`
--

CREATE TABLE IF NOT EXISTS `tables_names` (
  `tabl_id` int(8) NOT NULL AUTO_INCREMENT,
  `tabl_name` varchar(32) NOT NULL,
  PRIMARY KEY (`tabl_id`),
  KEY `tabl_name` (`tabl_name`),
  KEY `tabl_name_2` (`tabl_name`)
) ENGINE=InnoDB  DEFAULT CHARSET=latin1 AUTO_INCREMENT=20 ;

--
-- Contenu de la table `tables_names`
--

INSERT INTO `tables_names` (`tabl_id`, `tabl_name`) VALUES
(1, 'campagnes'),
(2, 'cibles'),
(3, 'contacts'),
(4, 'contacts_ic'),
(5, 'criteres'),
(6, 'criteres_link'),
(7, 'dons'),
(8, 'historique'),
(9, 'infos_comp'),
(10, 'lettre'),
(11, 'liste_ville'),
(12, 'offres'),
(13, 'old_id_link'),
(14, 'reglages'),
(15, 'segments'),
(16, 'tables_fields'),
(17, 'tables_names'),
(18, 'type'),
(19, 'users');

-- --------------------------------------------------------

--
-- Structure de la table `type`
--

CREATE TABLE IF NOT EXISTS `type` (
  `TYP_ID` int(2) NOT NULL AUTO_INCREMENT,
  `TYP_NAME` varchar(50) NOT NULL,
  PRIMARY KEY (`TYP_ID`)
) ENGINE=InnoDB  DEFAULT CHARSET=latin1 AUTO_INCREMENT=9 ;

--
-- Contenu de la table `type`
--

INSERT INTO `type` (`TYP_ID`, `TYP_NAME`) VALUES
(6, 'type1'),
(7, 'Information'),
(8, 'Remerciement');

-- --------------------------------------------------------

--
-- Structure de la table `users`
--

CREATE TABLE IF NOT EXISTS `users` (
  `USER_ID` int(11) NOT NULL AUTO_INCREMENT,
  `USER_FIRSTNAME` varchar(30) DEFAULT NULL,
  `USER_LASTNAME` varchar(30) DEFAULT NULL,
  `USER_LOGIN` varchar(20) DEFAULT NULL,
  `USER_PASSWORD` text,
  `USER_EMAIL` varchar(50) DEFAULT NULL,
  `USER_DATEADDED` date DEFAULT NULL,
  `USER_TYPE` varchar(5) DEFAULT NULL,
  PRIMARY KEY (`USER_ID`)
) ENGINE=InnoDB  DEFAULT CHARSET=latin1 AUTO_INCREMENT=11 ;

--
-- Contenu de la table `users`
--

INSERT INTO `users` (`USER_ID`, `USER_FIRSTNAME`, `USER_LASTNAME`, `USER_LOGIN`, `USER_PASSWORD`, `USER_EMAIL`, `USER_DATEADDED`, `USER_TYPE`) VALUES
(4, 'Antoni', 'Galmiche', 'admin', 'l3StUgK25MapNBCxJcJDIIaLOeQrL1+ZcEA0naYxZaNw4fzhUDZktQKyNkhOCsDhWEVtwTWhsLnYj14sE7tIkQ==', 'cosmicdice@gmail.com', '2012-04-23', 'VISIT'),
(5, 'William', 'RUTH', 'wiwi', 'H8gpuChN4q96rNLO6N0UCHIETG5dTABTd+R1QAa779woX+4D9tMIYG0LkCcLCzk2a+lNBokKuGxOZ9/LjURscw==', 'fake@adresse.com', '2012-06-19', 'VISIT'),
(6, 'Maxime', 'Vanier', 'ziroul68', 'ZUfYo9ifap3zr5WejHJxm58LpKF2pbAJ2G/fWBFZdDanYFMgnGJhUp57f5cvUw6jMr7Lnu7QfDMUXZmU4sWYYQ==', 'max.2552@hotmail.fr', '2012-10-15', 'VISIT'),
(10, 'Doe', 'Jhon', 'jhon', 'ytieWndcV0W/VpnMVtIqJ88B5vMUd0UzxYtxQDa46c1rbgoJ3pXHALKzTUKYUCu1tEF7sVxYF7/+Wqrnut2S+A==', 'jhon@gmail.com', '2014-04-08', 'VISIT');

--
-- Contraintes pour les tables exportées
--

--
-- Contraintes pour la table `contacts_ic`
--
ALTER TABLE `contacts_ic`
  ADD CONSTRAINT `contacts_ic_ibfk_1` FOREIGN KEY (`CON_ID`) REFERENCES `contacts` (`CON_ID`);

--
-- Contraintes pour la table `criteres`
--
ALTER TABLE `criteres`
  ADD CONSTRAINT `criteres_ibfk_1` FOREIGN KEY (`SEG_CODE`) REFERENCES `segments` (`SEG_CODE`) ON DELETE CASCADE ON UPDATE CASCADE;

--
-- Contraintes pour la table `criteres_link`
--
ALTER TABLE `criteres_link`
  ADD CONSTRAINT `criteres_link_ibfk_1` FOREIGN KEY (`CRIT_ID1`) REFERENCES `criteres` (`CRIT_ID`) ON DELETE CASCADE ON UPDATE CASCADE,
  ADD CONSTRAINT `criteres_link_ibfk_2` FOREIGN KEY (`CRIT_ID2`) REFERENCES `criteres` (`CRIT_ID`) ON DELETE CASCADE ON UPDATE CASCADE;

--
-- Contraintes pour la table `dons`
--
ALTER TABLE `dons`
  ADD CONSTRAINT `dons_ibfk_1` FOREIGN KEY (`CON_ID`) REFERENCES `contacts` (`CON_ID`);

--
-- Contraintes pour la table `flechages`
--
ALTER TABLE `flechages`
  ADD CONSTRAINT `flechages_ibfk_1` FOREIGN KEY (`DON_ID`) REFERENCES `dons` (`DON_ID`) ON DELETE CASCADE;

--
-- Contraintes pour la table `lettre`
--
ALTER TABLE `lettre`
  ADD CONSTRAINT `lettre_ibfk_1` FOREIGN KEY (`LET_TYPE_ID`) REFERENCES `type` (`TYP_ID`) ON DELETE CASCADE ON UPDATE CASCADE;

--
-- Contraintes pour la table `offres`
--
ALTER TABLE `offres`
  ADD CONSTRAINT `offres_ibfk_1` FOREIGN KEY (`CAM_ID`) REFERENCES `campagnes` (`CAM_ID`);

--
-- Contraintes pour la table `old_id_link`
--
ALTER TABLE `old_id_link`
  ADD CONSTRAINT `old_id_link_ibfk_1` FOREIGN KEY (`OLD_CURRENT_ID`) REFERENCES `contacts` (`CON_ID`) ON DELETE CASCADE ON UPDATE CASCADE;

/*!40101 SET CHARACTER_SET_CLIENT=@OLD_CHARACTER_SET_CLIENT */;
/*!40101 SET CHARACTER_SET_RESULTS=@OLD_CHARACTER_SET_RESULTS */;
/*!40101 SET COLLATION_CONNECTION=@OLD_COLLATION_CONNECTION */;
